school_id,in_user_acquisition_current_school_flag,in_school_daily_panel_flag,common_school_analysis_flag,school_scope_note
1,1,0,0,USER_CURRENT_SCHOOL_NOT_IN_SCHOOL_DAILY
4,1,1,1,COMMON_USER_AND_SCHOOL_DAILY
5,1,1,1,COMMON_USER_AND_SCHOOL_DAILY
6,1,1,1,COMMON_USER_AND_SCHOOL_DAILY
7,1,1,1,COMMON_USER_AND_SCHOOL_DAILY
8,1,1,1,COMMON_USER_AND_SCHOOL_DAILY
9,1,1,1,COMMON_USER_AND_SCHOOL_DAILY
10,1,1,1,COMMON_USER_AND_SCHOOL_DAILY
11,1,1,1,COMMON_USER_AND_SCHOOL_DAILY
12,1,1,1,COMMON_USER_AND_SCHOOL_DAILY
13,1,1,1,COMMON_USER_AND_SCHOOL_DAILY
14,1,1,1,COMMON_USER_AND_SCHOOL_DAILY
15,1,1,1,COMMON_USER_AND_SCHOOL_DAILY
16,1,1,1,COMMON_USER_AND_SCHOOL_DAILY
17,1,1,1,COMMON_USER_AND_SCHOOL_DAILY
18,1,1,1,COMMON_USER_AND_SCHOOL_DAILY
19,1,1,1,COMMON_USER_AND_SCHOOL_DAILY
20,1,1,1,COMMON_USER_AND_SCHOOL_DAILY
21,0,1,0,SCHOOL_DAILY_DIMENSION_ONLY_NO_CURRENT_USER
22,1,1,1,COMMON_USER_AND_SCHOOL_DAILY
23,1,1,1,COMMON_USER_AND_SCHOOL_DAILY
24,1,1,1,COMMON_USER_AND_SCHOOL_DAILY
25,1,1,1,COMMON_USER_AND_SCHOOL_DAILY
26,0,1,0,SCHOOL_DAILY_DIMENSION_ONLY_NO_CURRENT_USER
27,1,1,1,COMMON_USER_AND_SCHOOL_DAILY
28,1,1,1,COMMON_USER_AND_SCHOOL_DAILY
29,1,1,1,COMMON_USER_AND_SCHOOL_DAILY
30,1,1,1,COMMON_USER_AND_SCHOOL_DAILY
31,1,1,1,COMMON_USER_AND_SCHOOL_DAILY
32,1,1,1,COMMON_USER_AND_SCHOOL_DAILY
33,1,1,1,COMMON_USER_AND_SCHOOL_DAILY
34,1,1,1,COMMON_USER_AND_SCHOOL_DAILY
35,0,1,0,SCHOOL_DAILY_DIMENSION_ONLY_NO_CURRENT_USER
36,1,1,1,COMMON_USER_AND_SCHOOL_DAILY
37,1,1,1,COMMON_USER_AND_SCHOOL_DAILY
38,1,1,1,COMMON_USER_AND_SCHOOL_DAILY
39,1,1,1,COMMON_USER_AND_SCHOOL_DAILY
40,1,1,1,COMMON_USER_AND_SCHOOL_DAILY
41,1,1,1,COMMON_USER_AND_SCHOOL_DAILY
42,1,1,1,COMMON_USER_AND_SCHOOL_DAILY
43,1,1,1,COMMON_USER_AND_SCHOOL_DAILY
44,1,1,1,COMMON_USER_AND_SCHOOL_DAILY
45,1,1,1,COMMON_USER_AND_SCHOOL_DAILY
46,1,1,1,COMMON_USER_AND_SCHOOL_DAILY
47,1,1,1,COMMON_USER_AND_SCHOOL_DAILY
48,1,1,1,COMMON_USER_AND_SCHOOL_DAILY
49,1,1,1,COMMON_USER_AND_SCHOOL_DAILY
50,1,1,1,COMMON_USER_AND_SCHOOL_DAILY
51,1,1,1,COMMON_USER_AND_SCHOOL_DAILY
52,1,1,1,COMMON_USER_AND_SCHOOL_DAILY
53,0,1,0,SCHOOL_DAILY_DIMENSION_ONLY_NO_CURRENT_USER
54,1,1,1,COMMON_USER_AND_SCHOOL_DAILY
55,1,1,1,COMMON_USER_AND_SCHOOL_DAILY
56,1,1,1,COMMON_USER_AND_SCHOOL_DAILY
57,1,1,1,COMMON_USER_AND_SCHOOL_DAILY
58,1,1,1,COMMON_USER_AND_SCHOOL_DAILY
59,1,1,1,COMMON_USER_AND_SCHOOL_DAILY
60,1,1,1,COMMON_USER_AND_SCHOOL_DAILY
61,1,1,1,COMMON_USER_AND_SCHOOL_DAILY
62,1,1,1,COMMON_USER_AND_SCHOOL_DAILY
63,1,1,1,COMMON_USER_AND_SCHOOL_DAILY
64,1,1,1,COMMON_USER_AND_SCHOOL_DAILY
65,1,1,1,COMMON_USER_AND_SCHOOL_DAILY
66,1,1,1,COMMON_USER_AND_SCHOOL_DAILY
67,1,1,1,COMMON_USER_AND_SCHOOL_DAILY
68,1,1,1,COMMON_USER_AND_SCHOOL_DAILY
69,1,1,1,COMMON_USER_AND_SCHOOL_DAILY
70,1,1,1,COMMON_USER_AND_SCHOOL_DAILY
71,1,1,1,COMMON_USER_AND_SCHOOL_DAILY
72,1,1,1,COMMON_USER_AND_SCHOOL_DAILY
73,1,1,1,COMMON_USER_AND_SCHOOL_DAILY
74,1,1,1,COMMON_USER_AND_SCHOOL_DAILY
75,1,1,1,COMMON_USER_AND_SCHOOL_DAILY
76,1,1,1,COMMON_USER_AND_SCHOOL_DAILY
77,1,1,1,COMMON_USER_AND_SCHOOL_DAILY
78,1,1,1,COMMON_USER_AND_SCHOOL_DAILY
79,1,1,1,COMMON_USER_AND_SCHOOL_DAILY
80,1,1,1,COMMON_USER_AND_SCHOOL_DAILY
81,1,1,1,COMMON_USER_AND_SCHOOL_DAILY
82,1,1,1,COMMON_USER_AND_SCHOOL_DAILY
83,1,1,1,COMMON_USER_AND_SCHOOL_DAILY
84,1,1,1,COMMON_USER_AND_SCHOOL_DAILY
85,1,1,1,COMMON_USER_AND_SCHOOL_DAILY
86,1,1,1,COMMON_USER_AND_SCHOOL_DAILY
87,1,1,1,COMMON_USER_AND_SCHOOL_DAILY
88,1,1,1,COMMON_USER_AND_SCHOOL_DAILY
89,1,1,1,COMMON_USER_AND_SCHOOL_DAILY
90,1,1,1,COMMON_USER_AND_SCHOOL_DAILY
91,1,1,1,COMMON_USER_AND_SCHOOL_DAILY
92,1,1,1,COMMON_USER_AND_SCHOOL_DAILY
93,1,1,1,COMMON_USER_AND_SCHOOL_DAILY
94,1,1,1,COMMON_USER_AND_SCHOOL_DAILY
95,1,1,1,COMMON_USER_AND_SCHOOL_DAILY
96,0,1,0,SCHOOL_DAILY_DIMENSION_ONLY_NO_CURRENT_USER
97,1,1,1,COMMON_USER_AND_SCHOOL_DAILY
98,1,1,1,COMMON_USER_AND_SCHOOL_DAILY
99,1,1,1,COMMON_USER_AND_SCHOOL_DAILY
100,1,1,1,COMMON_USER_AND_SCHOOL_DAILY
101,1,1,1,COMMON_USER_AND_SCHOOL_DAILY
102,1,1,1,COMMON_USER_AND_SCHOOL_DAILY
103,1,1,1,COMMON_USER_AND_SCHOOL_DAILY
104,1,1,1,COMMON_USER_AND_SCHOOL_DAILY
105,0,1,0,SCHOOL_DAILY_DIMENSION_ONLY_NO_CURRENT_USER
106,1,1,1,COMMON_USER_AND_SCHOOL_DAILY
107,1,1,1,COMMON_USER_AND_SCHOOL_DAILY
108,1,1,1,COMMON_USER_AND_SCHOOL_DAILY
109,1,1,1,COMMON_USER_AND_SCHOOL_DAILY
110,1,1,1,COMMON_USER_AND_SCHOOL_DAILY
111,1,1,1,COMMON_USER_AND_SCHOOL_DAILY
112,1,1,1,COMMON_USER_AND_SCHOOL_DAILY
113,1,1,1,COMMON_USER_AND_SCHOOL_DAILY
114,0,1,0,SCHOOL_DAILY_DIMENSION_ONLY_NO_CURRENT_USER
115,1,1,1,COMMON_USER_AND_SCHOOL_DAILY
116,1,1,1,COMMON_USER_AND_SCHOOL_DAILY
117,1,1,1,COMMON_USER_AND_SCHOOL_DAILY
118,1,1,1,COMMON_USER_AND_SCHOOL_DAILY
119,1,1,1,COMMON_USER_AND_SCHOOL_DAILY
120,1,1,1,COMMON_USER_AND_SCHOOL_DAILY
121,1,1,1,COMMON_USER_AND_SCHOOL_DAILY
122,1,1,1,COMMON_USER_AND_SCHOOL_DAILY
123,1,1,1,COMMON_USER_AND_SCHOOL_DAILY
124,1,1,1,COMMON_USER_AND_SCHOOL_DAILY
125,1,1,1,COMMON_USER_AND_SCHOOL_DAILY
126,1,1,1,COMMON_USER_AND_SCHOOL_DAILY
127,1,1,1,COMMON_USER_AND_SCHOOL_DAILY
128,1,1,1,COMMON_USER_AND_SCHOOL_DAILY
129,1,1,1,COMMON_USER_AND_SCHOOL_DAILY
130,1,1,1,COMMON_USER_AND_SCHOOL_DAILY
131,1,1,1,COMMON_USER_AND_SCHOOL_DAILY
132,1,1,1,COMMON_USER_AND_SCHOOL_DAILY
133,1,1,1,COMMON_USER_AND_SCHOOL_DAILY
134,1,1,1,COMMON_USER_AND_SCHOOL_DAILY
135,1,1,1,COMMON_USER_AND_SCHOOL_DAILY
136,1,1,1,COMMON_USER_AND_SCHOOL_DAILY
137,1,1,1,COMMON_USER_AND_SCHOOL_DAILY
138,1,1,1,COMMON_USER_AND_SCHOOL_DAILY
139,1,1,1,COMMON_USER_AND_SCHOOL_DAILY
140,1,1,1,COMMON_USER_AND_SCHOOL_DAILY
141,1,1,1,COMMON_USER_AND_SCHOOL_DAILY
142,1,1,1,COMMON_USER_AND_SCHOOL_DAILY
143,1,1,1,COMMON_USER_AND_SCHOOL_DAILY
144,1,1,1,COMMON_USER_AND_SCHOOL_DAILY
145,1,1,1,COMMON_USER_AND_SCHOOL_DAILY
146,0,1,0,SCHOOL_DAILY_DIMENSION_ONLY_NO_CURRENT_USER
147,1,1,1,COMMON_USER_AND_SCHOOL_DAILY
148,1,1,1,COMMON_USER_AND_SCHOOL_DAILY
149,0,1,0,SCHOOL_DAILY_DIMENSION_ONLY_NO_CURRENT_USER
150,1,1,1,COMMON_USER_AND_SCHOOL_DAILY
151,1,1,1,COMMON_USER_AND_SCHOOL_DAILY
152,0,1,0,SCHOOL_DAILY_DIMENSION_ONLY_NO_CURRENT_USER
153,1,1,1,COMMON_USER_AND_SCHOOL_DAILY
154,1,1,1,COMMON_USER_AND_SCHOOL_DAILY
155,1,1,1,COMMON_USER_AND_SCHOOL_DAILY
156,1,1,1,COMMON_USER_AND_SCHOOL_DAILY
157,1,1,1,COMMON_USER_AND_SCHOOL_DAILY
158,1,1,1,COMMON_USER_AND_SCHOOL_DAILY
159,0,1,0,SCHOOL_DAILY_DIMENSION_ONLY_NO_CURRENT_USER
160,0,1,0,SCHOOL_DAILY_DIMENSION_ONLY_NO_CURRENT_USER
161,1,1,1,COMMON_USER_AND_SCHOOL_DAILY
162,1,1,1,COMMON_USER_AND_SCHOOL_DAILY
163,0,1,0,SCHOOL_DAILY_DIMENSION_ONLY_NO_CURRENT_USER
164,1,1,1,COMMON_USER_AND_SCHOOL_DAILY
165,0,1,0,SCHOOL_DAILY_DIMENSION_ONLY_NO_CURRENT_USER
166,1,1,1,COMMON_USER_AND_SCHOOL_DAILY
167,1,1,1,COMMON_USER_AND_SCHOOL_DAILY
168,1,1,1,COMMON_USER_AND_SCHOOL_DAILY
169,1,1,1,COMMON_USER_AND_SCHOOL_DAILY
170,1,1,1,COMMON_USER_AND_SCHOOL_DAILY
171,1,1,1,COMMON_USER_AND_SCHOOL_DAILY
172,1,1,1,COMMON_USER_AND_SCHOOL_DAILY
173,1,1,1,COMMON_USER_AND_SCHOOL_DAILY
174,1,1,1,COMMON_USER_AND_SCHOOL_DAILY
175,1,1,1,COMMON_USER_AND_SCHOOL_DAILY
176,0,1,0,SCHOOL_DAILY_DIMENSION_ONLY_NO_CURRENT_USER
177,1,1,1,COMMON_USER_AND_SCHOOL_DAILY
178,1,1,1,COMMON_USER_AND_SCHOOL_DAILY
179,1,1,1,COMMON_USER_AND_SCHOOL_DAILY
180,1,1,1,COMMON_USER_AND_SCHOOL_DAILY
181,1,1,1,COMMON_USER_AND_SCHOOL_DAILY
182,1,1,1,COMMON_USER_AND_SCHOOL_DAILY
183,1,1,1,COMMON_USER_AND_SCHOOL_DAILY
184,1,1,1,COMMON_USER_AND_SCHOOL_DAILY
185,1,1,1,COMMON_USER_AND_SCHOOL_DAILY
186,1,1,1,COMMON_USER_AND_SCHOOL_DAILY
187,1,1,1,COMMON_USER_AND_SCHOOL_DAILY
188,1,1,1,COMMON_USER_AND_SCHOOL_DAILY
189,1,1,1,COMMON_USER_AND_SCHOOL_DAILY
190,1,1,1,COMMON_USER_AND_SCHOOL_DAILY
191,0,1,0,SCHOOL_DAILY_DIMENSION_ONLY_NO_CURRENT_USER
192,1,1,1,COMMON_USER_AND_SCHOOL_DAILY
193,1,1,1,COMMON_USER_AND_SCHOOL_DAILY
194,1,1,1,COMMON_USER_AND_SCHOOL_DAILY
195,1,1,1,COMMON_USER_AND_SCHOOL_DAILY
196,1,1,1,COMMON_USER_AND_SCHOOL_DAILY
197,1,1,1,COMMON_USER_AND_SCHOOL_DAILY
198,1,1,1,COMMON_USER_AND_SCHOOL_DAILY
199,1,1,1,COMMON_USER_AND_SCHOOL_DAILY
200,1,1,1,COMMON_USER_AND_SCHOOL_DAILY
201,1,1,1,COMMON_USER_AND_SCHOOL_DAILY
202,1,1,1,COMMON_USER_AND_SCHOOL_DAILY
203,0,1,0,SCHOOL_DAILY_DIMENSION_ONLY_NO_CURRENT_USER
204,1,1,1,COMMON_USER_AND_SCHOOL_DAILY
205,1,1,1,COMMON_USER_AND_SCHOOL_DAILY
206,1,1,1,COMMON_USER_AND_SCHOOL_DAILY
207,1,1,1,COMMON_USER_AND_SCHOOL_DAILY
208,0,1,0,SCHOOL_DAILY_DIMENSION_ONLY_NO_CURRENT_USER
209,1,1,1,COMMON_USER_AND_SCHOOL_DAILY
210,1,1,1,COMMON_USER_AND_SCHOOL_DAILY
211,1,1,1,COMMON_USER_AND_SCHOOL_DAILY
212,1,1,1,COMMON_USER_AND_SCHOOL_DAILY
213,1,1,1,COMMON_USER_AND_SCHOOL_DAILY
214,1,1,1,COMMON_USER_AND_SCHOOL_DAILY
215,1,1,1,COMMON_USER_AND_SCHOOL_DAILY
216,1,1,1,COMMON_USER_AND_SCHOOL_DAILY
217,1,1,1,COMMON_USER_AND_SCHOOL_DAILY
218,1,1,1,COMMON_USER_AND_SCHOOL_DAILY
219,1,1,1,COMMON_USER_AND_SCHOOL_DAILY
220,0,1,0,SCHOOL_DAILY_DIMENSION_ONLY_NO_CURRENT_USER
221,0,1,0,SCHOOL_DAILY_DIMENSION_ONLY_NO_CURRENT_USER
222,0,1,0,SCHOOL_DAILY_DIMENSION_ONLY_NO_CURRENT_USER
223,1,1,1,COMMON_USER_AND_SCHOOL_DAILY
224,1,1,1,COMMON_USER_AND_SCHOOL_DAILY
225,1,1,1,COMMON_USER_AND_SCHOOL_DAILY
226,1,1,1,COMMON_USER_AND_SCHOOL_DAILY
227,1,1,1,COMMON_USER_AND_SCHOOL_DAILY
228,1,1,1,COMMON_USER_AND_SCHOOL_DAILY
229,1,1,1,COMMON_USER_AND_SCHOOL_DAILY
230,1,1,1,COMMON_USER_AND_SCHOOL_DAILY
231,1,1,1,COMMON_USER_AND_SCHOOL_DAILY
232,1,1,1,COMMON_USER_AND_SCHOOL_DAILY
233,1,1,1,COMMON_USER_AND_SCHOOL_DAILY
234,1,1,1,COMMON_USER_AND_SCHOOL_DAILY
235,1,1,1,COMMON_USER_AND_SCHOOL_DAILY
236,0,1,0,SCHOOL_DAILY_DIMENSION_ONLY_NO_CURRENT_USER
237,1,1,1,COMMON_USER_AND_SCHOOL_DAILY
238,1,1,1,COMMON_USER_AND_SCHOOL_DAILY
239,1,1,1,COMMON_USER_AND_SCHOOL_DAILY
240,1,1,1,COMMON_USER_AND_SCHOOL_DAILY
241,1,1,1,COMMON_USER_AND_SCHOOL_DAILY
242,1,1,1,COMMON_USER_AND_SCHOOL_DAILY
243,1,1,1,COMMON_USER_AND_SCHOOL_DAILY
244,1,1,1,COMMON_USER_AND_SCHOOL_DAILY
245,1,1,1,COMMON_USER_AND_SCHOOL_DAILY
246,1,1,1,COMMON_USER_AND_SCHOOL_DAILY
247,0,1,0,SCHOOL_DAILY_DIMENSION_ONLY_NO_CURRENT_USER
248,1,1,1,COMMON_USER_AND_SCHOOL_DAILY
249,1,1,1,COMMON_USER_AND_SCHOOL_DAILY
250,1,1,1,COMMON_USER_AND_SCHOOL_DAILY
251,1,1,1,COMMON_USER_AND_SCHOOL_DAILY
252,1,1,1,COMMON_USER_AND_SCHOOL_DAILY
253,0,1,0,SCHOOL_DAILY_DIMENSION_ONLY_NO_CURRENT_USER
254,1,1,1,COMMON_USER_AND_SCHOOL_DAILY
255,1,1,1,COMMON_USER_AND_SCHOOL_DAILY
256,1,1,1,COMMON_USER_AND_SCHOOL_DAILY
257,1,1,1,COMMON_USER_AND_SCHOOL_DAILY
258,1,1,1,COMMON_USER_AND_SCHOOL_DAILY
259,1,1,1,COMMON_USER_AND_SCHOOL_DAILY
260,1,1,1,COMMON_USER_AND_SCHOOL_DAILY
261,1,1,1,COMMON_USER_AND_SCHOOL_DAILY
262,1,1,1,COMMON_USER_AND_SCHOOL_DAILY
263,1,1,1,COMMON_USER_AND_SCHOOL_DAILY
264,1,1,1,COMMON_USER_AND_SCHOOL_DAILY
265,1,1,1,COMMON_USER_AND_SCHOOL_DAILY
266,1,1,1,COMMON_USER_AND_SCHOOL_DAILY
267,1,1,1,COMMON_USER_AND_SCHOOL_DAILY
268,1,1,1,COMMON_USER_AND_SCHOOL_DAILY
269,1,1,1,COMMON_USER_AND_SCHOOL_DAILY
270,0,1,0,SCHOOL_DAILY_DIMENSION_ONLY_NO_CURRENT_USER
271,1,1,1,COMMON_USER_AND_SCHOOL_DAILY
272,1,1,1,COMMON_USER_AND_SCHOOL_DAILY
273,1,1,1,COMMON_USER_AND_SCHOOL_DAILY
274,1,1,1,COMMON_USER_AND_SCHOOL_DAILY
275,1,1,1,COMMON_USER_AND_SCHOOL_DAILY
276,1,1,1,COMMON_USER_AND_SCHOOL_DAILY
277,1,1,1,COMMON_USER_AND_SCHOOL_DAILY
278,1,1,1,COMMON_USER_AND_SCHOOL_DAILY
279,1,1,1,COMMON_USER_AND_SCHOOL_DAILY
280,0,1,0,SCHOOL_DAILY_DIMENSION_ONLY_NO_CURRENT_USER
281,1,1,1,COMMON_USER_AND_SCHOOL_DAILY
282,1,1,1,COMMON_USER_AND_SCHOOL_DAILY
283,1,1,1,COMMON_USER_AND_SCHOOL_DAILY
284,1,1,1,COMMON_USER_AND_SCHOOL_DAILY
285,1,1,1,COMMON_USER_AND_SCHOOL_DAILY
286,1,1,1,COMMON_USER_AND_SCHOOL_DAILY
287,1,1,1,COMMON_USER_AND_SCHOOL_DAILY
288,1,1,1,COMMON_USER_AND_SCHOOL_DAILY
289,1,1,1,COMMON_USER_AND_SCHOOL_DAILY
290,1,1,1,COMMON_USER_AND_SCHOOL_DAILY
291,1,1,1,COMMON_USER_AND_SCHOOL_DAILY
292,1,1,1,COMMON_USER_AND_SCHOOL_DAILY
293,1,1,1,COMMON_USER_AND_SCHOOL_DAILY
294,1,1,1,COMMON_USER_AND_SCHOOL_DAILY
295,1,1,1,COMMON_USER_AND_SCHOOL_DAILY
296,1,1,1,COMMON_USER_AND_SCHOOL_DAILY
297,1,1,1,COMMON_USER_AND_SCHOOL_DAILY
298,0,1,0,SCHOOL_DAILY_DIMENSION_ONLY_NO_CURRENT_USER
299,1,1,1,COMMON_USER_AND_SCHOOL_DAILY
300,1,1,1,COMMON_USER_AND_SCHOOL_DAILY
301,1,1,1,COMMON_USER_AND_SCHOOL_DAILY
302,1,1,1,COMMON_USER_AND_SCHOOL_DAILY
303,1,1,1,COMMON_USER_AND_SCHOOL_DAILY
304,1,1,1,COMMON_USER_AND_SCHOOL_DAILY
305,1,1,1,COMMON_USER_AND_SCHOOL_DAILY
306,1,1,1,COMMON_USER_AND_SCHOOL_DAILY
307,1,1,1,COMMON_USER_AND_SCHOOL_DAILY
308,1,1,1,COMMON_USER_AND_SCHOOL_DAILY
309,1,1,1,COMMON_USER_AND_SCHOOL_DAILY
310,1,1,1,COMMON_USER_AND_SCHOOL_DAILY
311,1,1,1,COMMON_USER_AND_SCHOOL_DAILY
312,1,1,1,COMMON_USER_AND_SCHOOL_DAILY
313,1,1,1,COMMON_USER_AND_SCHOOL_DAILY
314,1,1,1,COMMON_USER_AND_SCHOOL_DAILY
315,1,1,1,COMMON_USER_AND_SCHOOL_DAILY
316,1,1,1,COMMON_USER_AND_SCHOOL_DAILY
317,0,1,0,SCHOOL_DAILY_DIMENSION_ONLY_NO_CURRENT_USER
318,1,1,1,COMMON_USER_AND_SCHOOL_DAILY
319,1,1,1,COMMON_USER_AND_SCHOOL_DAILY
320,1,1,1,COMMON_USER_AND_SCHOOL_DAILY
321,1,1,1,COMMON_USER_AND_SCHOOL_DAILY
322,0,1,0,SCHOOL_DAILY_DIMENSION_ONLY_NO_CURRENT_USER
323,1,1,1,COMMON_USER_AND_SCHOOL_DAILY
324,1,1,1,COMMON_USER_AND_SCHOOL_DAILY
325,1,1,1,COMMON_USER_AND_SCHOOL_DAILY
326,1,1,1,COMMON_USER_AND_SCHOOL_DAILY
327,1,1,1,COMMON_USER_AND_SCHOOL_DAILY
328,1,1,1,COMMON_USER_AND_SCHOOL_DAILY
329,1,1,1,COMMON_USER_AND_SCHOOL_DAILY
330,1,1,1,COMMON_USER_AND_SCHOOL_DAILY
331,1,1,1,COMMON_USER_AND_SCHOOL_DAILY
332,1,1,1,COMMON_USER_AND_SCHOOL_DAILY
333,0,1,0,SCHOOL_DAILY_DIMENSION_ONLY_NO_CURRENT_USER
334,1,1,1,COMMON_USER_AND_SCHOOL_DAILY
335,1,1,1,COMMON_USER_AND_SCHOOL_DAILY
336,1,1,1,COMMON_USER_AND_SCHOOL_DAILY
337,1,1,1,COMMON_USER_AND_SCHOOL_DAILY
338,1,1,1,COMMON_USER_AND_SCHOOL_DAILY
339,1,1,1,COMMON_USER_AND_SCHOOL_DAILY
340,1,1,1,COMMON_USER_AND_SCHOOL_DAILY
341,0,1,0,SCHOOL_DAILY_DIMENSION_ONLY_NO_CURRENT_USER
342,0,1,0,SCHOOL_DAILY_DIMENSION_ONLY_NO_CURRENT_USER
343,1,1,1,COMMON_USER_AND_SCHOOL_DAILY
344,1,1,1,COMMON_USER_AND_SCHOOL_DAILY
345,1,1,1,COMMON_USER_AND_SCHOOL_DAILY
346,1,1,1,COMMON_USER_AND_SCHOOL_DAILY
347,1,1,1,COMMON_USER_AND_SCHOOL_DAILY
348,1,1,1,COMMON_USER_AND_SCHOOL_DAILY
349,1,1,1,COMMON_USER_AND_SCHOOL_DAILY
350,1,1,1,COMMON_USER_AND_SCHOOL_DAILY
351,1,1,1,COMMON_USER_AND_SCHOOL_DAILY
352,1,1,1,COMMON_USER_AND_SCHOOL_DAILY
353,1,1,1,COMMON_USER_AND_SCHOOL_DAILY
354,1,1,1,COMMON_USER_AND_SCHOOL_DAILY
355,1,1,1,COMMON_USER_AND_SCHOOL_DAILY
356,1,1,1,COMMON_USER_AND_SCHOOL_DAILY
357,1,1,1,COMMON_USER_AND_SCHOOL_DAILY
358,1,1,1,COMMON_USER_AND_SCHOOL_DAILY
359,0,1,0,SCHOOL_DAILY_DIMENSION_ONLY_NO_CURRENT_USER
360,1,1,1,COMMON_USER_AND_SCHOOL_DAILY
361,1,1,1,COMMON_USER_AND_SCHOOL_DAILY
362,1,1,1,COMMON_USER_AND_SCHOOL_DAILY
363,0,1,0,SCHOOL_DAILY_DIMENSION_ONLY_NO_CURRENT_USER
364,1,1,1,COMMON_USER_AND_SCHOOL_DAILY
365,1,1,1,COMMON_USER_AND_SCHOOL_DAILY
366,1,1,1,COMMON_USER_AND_SCHOOL_DAILY
367,1,1,1,COMMON_USER_AND_SCHOOL_DAILY
368,1,1,1,COMMON_USER_AND_SCHOOL_DAILY
369,1,1,1,COMMON_USER_AND_SCHOOL_DAILY
370,1,1,1,COMMON_USER_AND_SCHOOL_DAILY
371,1,1,1,COMMON_USER_AND_SCHOOL_DAILY
372,1,1,1,COMMON_USER_AND_SCHOOL_DAILY
373,1,1,1,COMMON_USER_AND_SCHOOL_DAILY
374,1,1,1,COMMON_USER_AND_SCHOOL_DAILY
375,1,1,1,COMMON_USER_AND_SCHOOL_DAILY
376,0,1,0,SCHOOL_DAILY_DIMENSION_ONLY_NO_CURRENT_USER
377,1,1,1,COMMON_USER_AND_SCHOOL_DAILY
378,1,1,1,COMMON_USER_AND_SCHOOL_DAILY
379,0,1,0,SCHOOL_DAILY_DIMENSION_ONLY_NO_CURRENT_USER
380,1,1,1,COMMON_USER_AND_SCHOOL_DAILY
381,1,1,1,COMMON_USER_AND_SCHOOL_DAILY
382,1,1,1,COMMON_USER_AND_SCHOOL_DAILY
383,1,1,1,COMMON_USER_AND_SCHOOL_DAILY
384,1,1,1,COMMON_USER_AND_SCHOOL_DAILY
385,1,1,1,COMMON_USER_AND_SCHOOL_DAILY
386,1,1,1,COMMON_USER_AND_SCHOOL_DAILY
387,1,1,1,COMMON_USER_AND_SCHOOL_DAILY
388,1,1,1,COMMON_USER_AND_SCHOOL_DAILY
389,1,1,1,COMMON_USER_AND_SCHOOL_DAILY
390,1,1,1,COMMON_USER_AND_SCHOOL_DAILY
391,1,1,1,COMMON_USER_AND_SCHOOL_DAILY
392,1,1,1,COMMON_USER_AND_SCHOOL_DAILY
393,1,1,1,COMMON_USER_AND_SCHOOL_DAILY
394,1,1,1,COMMON_USER_AND_SCHOOL_DAILY
395,1,1,1,COMMON_USER_AND_SCHOOL_DAILY
396,1,1,1,COMMON_USER_AND_SCHOOL_DAILY
397,1,1,1,COMMON_USER_AND_SCHOOL_DAILY
398,1,1,1,COMMON_USER_AND_SCHOOL_DAILY
399,1,1,1,COMMON_USER_AND_SCHOOL_DAILY
400,1,1,1,COMMON_USER_AND_SCHOOL_DAILY
401,1,1,1,COMMON_USER_AND_SCHOOL_DAILY
402,1,1,1,COMMON_USER_AND_SCHOOL_DAILY
403,1,1,1,COMMON_USER_AND_SCHOOL_DAILY
404,1,1,1,COMMON_USER_AND_SCHOOL_DAILY
405,1,1,1,COMMON_USER_AND_SCHOOL_DAILY
406,1,1,1,COMMON_USER_AND_SCHOOL_DAILY
407,1,1,1,COMMON_USER_AND_SCHOOL_DAILY
408,1,1,1,COMMON_USER_AND_SCHOOL_DAILY
409,1,1,1,COMMON_USER_AND_SCHOOL_DAILY
410,1,1,1,COMMON_USER_AND_SCHOOL_DAILY
411,1,1,1,COMMON_USER_AND_SCHOOL_DAILY
412,1,1,1,COMMON_USER_AND_SCHOOL_DAILY
413,1,1,1,COMMON_USER_AND_SCHOOL_DAILY
414,1,1,1,COMMON_USER_AND_SCHOOL_DAILY
415,1,1,1,COMMON_USER_AND_SCHOOL_DAILY
416,1,1,1,COMMON_USER_AND_SCHOOL_DAILY
417,1,1,1,COMMON_USER_AND_SCHOOL_DAILY
418,1,1,1,COMMON_USER_AND_SCHOOL_DAILY
419,1,1,1,COMMON_USER_AND_SCHOOL_DAILY
420,1,1,1,COMMON_USER_AND_SCHOOL_DAILY
421,1,1,1,COMMON_USER_AND_SCHOOL_DAILY
422,1,1,1,COMMON_USER_AND_SCHOOL_DAILY
423,1,1,1,COMMON_USER_AND_SCHOOL_DAILY
424,1,1,1,COMMON_USER_AND_SCHOOL_DAILY
425,1,1,1,COMMON_USER_AND_SCHOOL_DAILY
426,1,1,1,COMMON_USER_AND_SCHOOL_DAILY
427,1,1,1,COMMON_USER_AND_SCHOOL_DAILY
428,1,1,1,COMMON_USER_AND_SCHOOL_DAILY
429,1,1,1,COMMON_USER_AND_SCHOOL_DAILY
430,1,1,1,COMMON_USER_AND_SCHOOL_DAILY
431,1,1,1,COMMON_USER_AND_SCHOOL_DAILY
432,1,1,1,COMMON_USER_AND_SCHOOL_DAILY
433,1,1,1,COMMON_USER_AND_SCHOOL_DAILY
434,1,1,1,COMMON_USER_AND_SCHOOL_DAILY
435,1,1,1,COMMON_USER_AND_SCHOOL_DAILY
436,1,1,1,COMMON_USER_AND_SCHOOL_DAILY
437,1,1,1,COMMON_USER_AND_SCHOOL_DAILY
438,1,1,1,COMMON_USER_AND_SCHOOL_DAILY
439,1,1,1,COMMON_USER_AND_SCHOOL_DAILY
440,1,1,1,COMMON_USER_AND_SCHOOL_DAILY
441,0,1,0,SCHOOL_DAILY_DIMENSION_ONLY_NO_CURRENT_USER
442,1,1,1,COMMON_USER_AND_SCHOOL_DAILY
443,1,1,1,COMMON_USER_AND_SCHOOL_DAILY
444,1,1,1,COMMON_USER_AND_SCHOOL_DAILY
445,1,1,1,COMMON_USER_AND_SCHOOL_DAILY
446,1,1,1,COMMON_USER_AND_SCHOOL_DAILY
447,1,1,1,COMMON_USER_AND_SCHOOL_DAILY
448,1,1,1,COMMON_USER_AND_SCHOOL_DAILY
449,1,1,1,COMMON_USER_AND_SCHOOL_DAILY
450,1,1,1,COMMON_USER_AND_SCHOOL_DAILY
451,1,1,1,COMMON_USER_AND_SCHOOL_DAILY
452,1,1,1,COMMON_USER_AND_SCHOOL_DAILY
453,1,1,1,COMMON_USER_AND_SCHOOL_DAILY
454,1,1,1,COMMON_USER_AND_SCHOOL_DAILY
455,0,1,0,SCHOOL_DAILY_DIMENSION_ONLY_NO_CURRENT_USER
456,1,1,1,COMMON_USER_AND_SCHOOL_DAILY
457,1,1,1,COMMON_USER_AND_SCHOOL_DAILY
458,1,1,1,COMMON_USER_AND_SCHOOL_DAILY
459,1,1,1,COMMON_USER_AND_SCHOOL_DAILY
460,1,1,1,COMMON_USER_AND_SCHOOL_DAILY
461,1,1,1,COMMON_USER_AND_SCHOOL_DAILY
462,1,1,1,COMMON_USER_AND_SCHOOL_DAILY
463,1,1,1,COMMON_USER_AND_SCHOOL_DAILY
464,1,1,1,COMMON_USER_AND_SCHOOL_DAILY
465,1,1,1,COMMON_USER_AND_SCHOOL_DAILY
466,1,1,1,COMMON_USER_AND_SCHOOL_DAILY
467,1,1,1,COMMON_USER_AND_SCHOOL_DAILY
468,1,1,1,COMMON_USER_AND_SCHOOL_DAILY
469,1,1,1,COMMON_USER_AND_SCHOOL_DAILY
470,1,1,1,COMMON_USER_AND_SCHOOL_DAILY
471,1,1,1,COMMON_USER_AND_SCHOOL_DAILY
472,1,1,1,COMMON_USER_AND_SCHOOL_DAILY
473,1,1,1,COMMON_USER_AND_SCHOOL_DAILY
474,1,1,1,COMMON_USER_AND_SCHOOL_DAILY
475,1,1,1,COMMON_USER_AND_SCHOOL_DAILY
476,1,1,1,COMMON_USER_AND_SCHOOL_DAILY
477,1,1,1,COMMON_USER_AND_SCHOOL_DAILY
478,1,1,1,COMMON_USER_AND_SCHOOL_DAILY
479,1,1,1,COMMON_USER_AND_SCHOOL_DAILY
480,1,1,1,COMMON_USER_AND_SCHOOL_DAILY
481,1,1,1,COMMON_USER_AND_SCHOOL_DAILY
482,1,1,1,COMMON_USER_AND_SCHOOL_DAILY
483,1,1,1,COMMON_USER_AND_SCHOOL_DAILY
484,1,1,1,COMMON_USER_AND_SCHOOL_DAILY
485,1,1,1,COMMON_USER_AND_SCHOOL_DAILY
486,1,1,1,COMMON_USER_AND_SCHOOL_DAILY
487,1,1,1,COMMON_USER_AND_SCHOOL_DAILY
488,1,1,1,COMMON_USER_AND_SCHOOL_DAILY
489,1,1,1,COMMON_USER_AND_SCHOOL_DAILY
490,1,1,1,COMMON_USER_AND_SCHOOL_DAILY
491,1,1,1,COMMON_USER_AND_SCHOOL_DAILY
492,1,1,1,COMMON_USER_AND_SCHOOL_DAILY
493,0,1,0,SCHOOL_DAILY_DIMENSION_ONLY_NO_CURRENT_USER
494,1,1,1,COMMON_USER_AND_SCHOOL_DAILY
495,1,1,1,COMMON_USER_AND_SCHOOL_DAILY
496,1,1,1,COMMON_USER_AND_SCHOOL_DAILY
497,1,1,1,COMMON_USER_AND_SCHOOL_DAILY
498,1,1,1,COMMON_USER_AND_SCHOOL_DAILY
499,1,1,1,COMMON_USER_AND_SCHOOL_DAILY
500,1,1,1,COMMON_USER_AND_SCHOOL_DAILY
501,1,1,1,COMMON_USER_AND_SCHOOL_DAILY
502,1,1,1,COMMON_USER_AND_SCHOOL_DAILY
503,1,1,1,COMMON_USER_AND_SCHOOL_DAILY
504,1,1,1,COMMON_USER_AND_SCHOOL_DAILY
505,1,1,1,COMMON_USER_AND_SCHOOL_DAILY
506,1,1,1,COMMON_USER_AND_SCHOOL_DAILY
507,1,1,1,COMMON_USER_AND_SCHOOL_DAILY
508,0,1,0,SCHOOL_DAILY_DIMENSION_ONLY_NO_CURRENT_USER
509,1,1,1,COMMON_USER_AND_SCHOOL_DAILY
510,1,1,1,COMMON_USER_AND_SCHOOL_DAILY
511,1,1,1,COMMON_USER_AND_SCHOOL_DAILY
512,1,1,1,COMMON_USER_AND_SCHOOL_DAILY
513,1,1,1,COMMON_USER_AND_SCHOOL_DAILY
514,1,1,1,COMMON_USER_AND_SCHOOL_DAILY
515,1,1,1,COMMON_USER_AND_SCHOOL_DAILY
516,1,1,1,COMMON_USER_AND_SCHOOL_DAILY
517,1,1,1,COMMON_USER_AND_SCHOOL_DAILY
518,1,1,1,COMMON_USER_AND_SCHOOL_DAILY
519,1,1,1,COMMON_USER_AND_SCHOOL_DAILY
520,0,1,0,SCHOOL_DAILY_DIMENSION_ONLY_NO_CURRENT_USER
521,1,1,1,COMMON_USER_AND_SCHOOL_DAILY
522,1,1,1,COMMON_USER_AND_SCHOOL_DAILY
523,1,1,1,COMMON_USER_AND_SCHOOL_DAILY
524,1,1,1,COMMON_USER_AND_SCHOOL_DAILY
525,1,1,1,COMMON_USER_AND_SCHOOL_DAILY
526,1,1,1,COMMON_USER_AND_SCHOOL_DAILY
527,1,1,1,COMMON_USER_AND_SCHOOL_DAILY
528,1,1,1,COMMON_USER_AND_SCHOOL_DAILY
529,1,1,1,COMMON_USER_AND_SCHOOL_DAILY
530,1,1,1,COMMON_USER_AND_SCHOOL_DAILY
531,1,1,1,COMMON_USER_AND_SCHOOL_DAILY
532,1,1,1,COMMON_USER_AND_SCHOOL_DAILY
533,1,1,1,COMMON_USER_AND_SCHOOL_DAILY
534,1,1,1,COMMON_USER_AND_SCHOOL_DAILY
535,1,1,1,COMMON_USER_AND_SCHOOL_DAILY
536,1,1,1,COMMON_USER_AND_SCHOOL_DAILY
537,1,1,1,COMMON_USER_AND_SCHOOL_DAILY
538,1,1,1,COMMON_USER_AND_SCHOOL_DAILY
539,1,1,1,COMMON_USER_AND_SCHOOL_DAILY
540,1,1,1,COMMON_USER_AND_SCHOOL_DAILY
541,1,1,1,COMMON_USER_AND_SCHOOL_DAILY
542,1,1,1,COMMON_USER_AND_SCHOOL_DAILY
543,1,1,1,COMMON_USER_AND_SCHOOL_DAILY
544,1,1,1,COMMON_USER_AND_SCHOOL_DAILY
545,1,1,1,COMMON_USER_AND_SCHOOL_DAILY
546,1,1,1,COMMON_USER_AND_SCHOOL_DAILY
547,1,1,1,COMMON_USER_AND_SCHOOL_DAILY
548,1,1,1,COMMON_USER_AND_SCHOOL_DAILY
549,1,1,1,COMMON_USER_AND_SCHOOL_DAILY
550,1,1,1,COMMON_USER_AND_SCHOOL_DAILY
551,1,1,1,COMMON_USER_AND_SCHOOL_DAILY
552,1,1,1,COMMON_USER_AND_SCHOOL_DAILY
553,1,1,1,COMMON_USER_AND_SCHOOL_DAILY
554,1,1,1,COMMON_USER_AND_SCHOOL_DAILY
555,1,1,1,COMMON_USER_AND_SCHOOL_DAILY
556,1,1,1,COMMON_USER_AND_SCHOOL_DAILY
557,1,1,1,COMMON_USER_AND_SCHOOL_DAILY
558,1,1,1,COMMON_USER_AND_SCHOOL_DAILY
559,1,1,1,COMMON_USER_AND_SCHOOL_DAILY
560,1,1,1,COMMON_USER_AND_SCHOOL_DAILY
561,1,1,1,COMMON_USER_AND_SCHOOL_DAILY
562,1,1,1,COMMON_USER_AND_SCHOOL_DAILY
563,1,1,1,COMMON_USER_AND_SCHOOL_DAILY
564,1,1,1,COMMON_USER_AND_SCHOOL_DAILY
565,1,1,1,COMMON_USER_AND_SCHOOL_DAILY
566,1,1,1,COMMON_USER_AND_SCHOOL_DAILY
567,1,1,1,COMMON_USER_AND_SCHOOL_DAILY
568,1,1,1,COMMON_USER_AND_SCHOOL_DAILY
569,1,1,1,COMMON_USER_AND_SCHOOL_DAILY
570,1,1,1,COMMON_USER_AND_SCHOOL_DAILY
571,1,1,1,COMMON_USER_AND_SCHOOL_DAILY
572,0,1,0,SCHOOL_DAILY_DIMENSION_ONLY_NO_CURRENT_USER
573,1,1,1,COMMON_USER_AND_SCHOOL_DAILY
574,1,1,1,COMMON_USER_AND_SCHOOL_DAILY
575,1,1,1,COMMON_USER_AND_SCHOOL_DAILY
576,1,1,1,COMMON_USER_AND_SCHOOL_DAILY
577,1,1,1,COMMON_USER_AND_SCHOOL_DAILY
578,1,1,1,COMMON_USER_AND_SCHOOL_DAILY
579,1,1,1,COMMON_USER_AND_SCHOOL_DAILY
580,1,1,1,COMMON_USER_AND_SCHOOL_DAILY
581,1,1,1,COMMON_USER_AND_SCHOOL_DAILY
582,1,1,1,COMMON_USER_AND_SCHOOL_DAILY
583,1,1,1,COMMON_USER_AND_SCHOOL_DAILY
584,1,1,1,COMMON_USER_AND_SCHOOL_DAILY
585,1,1,1,COMMON_USER_AND_SCHOOL_DAILY
586,1,1,1,COMMON_USER_AND_SCHOOL_DAILY
587,1,1,1,COMMON_USER_AND_SCHOOL_DAILY
588,1,1,1,COMMON_USER_AND_SCHOOL_DAILY
589,1,1,1,COMMON_USER_AND_SCHOOL_DAILY
590,1,1,1,COMMON_USER_AND_SCHOOL_DAILY
591,1,1,1,COMMON_USER_AND_SCHOOL_DAILY
592,1,1,1,COMMON_USER_AND_SCHOOL_DAILY
593,1,1,1,COMMON_USER_AND_SCHOOL_DAILY
594,1,1,1,COMMON_USER_AND_SCHOOL_DAILY
595,0,1,0,SCHOOL_DAILY_DIMENSION_ONLY_NO_CURRENT_USER
596,1,1,1,COMMON_USER_AND_SCHOOL_DAILY
597,1,1,1,COMMON_USER_AND_SCHOOL_DAILY
598,1,1,1,COMMON_USER_AND_SCHOOL_DAILY
599,1,1,1,COMMON_USER_AND_SCHOOL_DAILY
600,1,1,1,COMMON_USER_AND_SCHOOL_DAILY
601,1,1,1,COMMON_USER_AND_SCHOOL_DAILY
602,1,1,1,COMMON_USER_AND_SCHOOL_DAILY
603,1,1,1,COMMON_USER_AND_SCHOOL_DAILY
604,1,1,1,COMMON_USER_AND_SCHOOL_DAILY
605,1,1,1,COMMON_USER_AND_SCHOOL_DAILY
606,1,1,1,COMMON_USER_AND_SCHOOL_DAILY
607,1,1,1,COMMON_USER_AND_SCHOOL_DAILY
608,1,1,1,COMMON_USER_AND_SCHOOL_DAILY
609,1,1,1,COMMON_USER_AND_SCHOOL_DAILY
610,1,1,1,COMMON_USER_AND_SCHOOL_DAILY
611,1,1,1,COMMON_USER_AND_SCHOOL_DAILY
612,1,1,1,COMMON_USER_AND_SCHOOL_DAILY
613,1,1,1,COMMON_USER_AND_SCHOOL_DAILY
614,1,1,1,COMMON_USER_AND_SCHOOL_DAILY
615,1,1,1,COMMON_USER_AND_SCHOOL_DAILY
616,0,1,0,SCHOOL_DAILY_DIMENSION_ONLY_NO_CURRENT_USER
617,1,1,1,COMMON_USER_AND_SCHOOL_DAILY
618,1,1,1,COMMON_USER_AND_SCHOOL_DAILY
619,1,1,1,COMMON_USER_AND_SCHOOL_DAILY
620,1,1,1,COMMON_USER_AND_SCHOOL_DAILY
621,1,1,1,COMMON_USER_AND_SCHOOL_DAILY
622,1,1,1,COMMON_USER_AND_SCHOOL_DAILY
623,0,1,0,SCHOOL_DAILY_DIMENSION_ONLY_NO_CURRENT_USER
624,0,1,0,SCHOOL_DAILY_DIMENSION_ONLY_NO_CURRENT_USER
625,1,1,1,COMMON_USER_AND_SCHOOL_DAILY
626,1,1,1,COMMON_USER_AND_SCHOOL_DAILY
627,1,1,1,COMMON_USER_AND_SCHOOL_DAILY
628,1,1,1,COMMON_USER_AND_SCHOOL_DAILY
629,1,1,1,COMMON_USER_AND_SCHOOL_DAILY
630,1,1,1,COMMON_USER_AND_SCHOOL_DAILY
631,0,1,0,SCHOOL_DAILY_DIMENSION_ONLY_NO_CURRENT_USER
632,1,1,1,COMMON_USER_AND_SCHOOL_DAILY
633,0,1,0,SCHOOL_DAILY_DIMENSION_ONLY_NO_CURRENT_USER
634,1,1,1,COMMON_USER_AND_SCHOOL_DAILY
635,1,1,1,COMMON_USER_AND_SCHOOL_DAILY
636,1,1,1,COMMON_USER_AND_SCHOOL_DAILY
637,0,1,0,SCHOOL_DAILY_DIMENSION_ONLY_NO_CURRENT_USER
638,1,1,1,COMMON_USER_AND_SCHOOL_DAILY
639,1,1,1,COMMON_USER_AND_SCHOOL_DAILY
640,1,1,1,COMMON_USER_AND_SCHOOL_DAILY
641,1,1,1,COMMON_USER_AND_SCHOOL_DAILY
642,1,1,1,COMMON_USER_AND_SCHOOL_DAILY
643,1,1,1,COMMON_USER_AND_SCHOOL_DAILY
644,1,1,1,COMMON_USER_AND_SCHOOL_DAILY
645,1,1,1,COMMON_USER_AND_SCHOOL_DAILY
646,1,1,1,COMMON_USER_AND_SCHOOL_DAILY
647,1,1,1,COMMON_USER_AND_SCHOOL_DAILY
648,1,1,1,COMMON_USER_AND_SCHOOL_DAILY
649,1,1,1,COMMON_USER_AND_SCHOOL_DAILY
650,1,1,1,COMMON_USER_AND_SCHOOL_DAILY
651,1,1,1,COMMON_USER_AND_SCHOOL_DAILY
652,1,1,1,COMMON_USER_AND_SCHOOL_DAILY
653,1,1,1,COMMON_USER_AND_SCHOOL_DAILY
654,1,1,1,COMMON_USER_AND_SCHOOL_DAILY
655,1,1,1,COMMON_USER_AND_SCHOOL_DAILY
656,1,1,1,COMMON_USER_AND_SCHOOL_DAILY
657,0,1,0,SCHOOL_DAILY_DIMENSION_ONLY_NO_CURRENT_USER
658,1,1,1,COMMON_USER_AND_SCHOOL_DAILY
659,0,1,0,SCHOOL_DAILY_DIMENSION_ONLY_NO_CURRENT_USER
660,1,1,1,COMMON_USER_AND_SCHOOL_DAILY
661,1,1,1,COMMON_USER_AND_SCHOOL_DAILY
662,1,1,1,COMMON_USER_AND_SCHOOL_DAILY
663,1,1,1,COMMON_USER_AND_SCHOOL_DAILY
664,1,1,1,COMMON_USER_AND_SCHOOL_DAILY
665,1,1,1,COMMON_USER_AND_SCHOOL_DAILY
666,1,1,1,COMMON_USER_AND_SCHOOL_DAILY
667,1,1,1,COMMON_USER_AND_SCHOOL_DAILY
668,1,1,1,COMMON_USER_AND_SCHOOL_DAILY
669,1,1,1,COMMON_USER_AND_SCHOOL_DAILY
670,0,1,0,SCHOOL_DAILY_DIMENSION_ONLY_NO_CURRENT_USER
671,1,1,1,COMMON_USER_AND_SCHOOL_DAILY
672,1,1,1,COMMON_USER_AND_SCHOOL_DAILY
673,1,1,1,COMMON_USER_AND_SCHOOL_DAILY
674,1,1,1,COMMON_USER_AND_SCHOOL_DAILY
675,1,1,1,COMMON_USER_AND_SCHOOL_DAILY
676,1,1,1,COMMON_USER_AND_SCHOOL_DAILY
677,1,1,1,COMMON_USER_AND_SCHOOL_DAILY
678,1,1,1,COMMON_USER_AND_SCHOOL_DAILY
679,1,1,1,COMMON_USER_AND_SCHOOL_DAILY
680,1,1,1,COMMON_USER_AND_SCHOOL_DAILY
681,1,1,1,COMMON_USER_AND_SCHOOL_DAILY
682,1,1,1,COMMON_USER_AND_SCHOOL_DAILY
683,1,1,1,COMMON_USER_AND_SCHOOL_DAILY
684,1,1,1,COMMON_USER_AND_SCHOOL_DAILY
685,1,1,1,COMMON_USER_AND_SCHOOL_DAILY
686,1,1,1,COMMON_USER_AND_SCHOOL_DAILY
687,1,1,1,COMMON_USER_AND_SCHOOL_DAILY
688,1,1,1,COMMON_USER_AND_SCHOOL_DAILY
689,1,1,1,COMMON_USER_AND_SCHOOL_DAILY
690,1,1,1,COMMON_USER_AND_SCHOOL_DAILY
691,1,1,1,COMMON_USER_AND_SCHOOL_DAILY
692,1,1,1,COMMON_USER_AND_SCHOOL_DAILY
693,1,1,1,COMMON_USER_AND_SCHOOL_DAILY
694,1,1,1,COMMON_USER_AND_SCHOOL_DAILY
695,1,1,1,COMMON_USER_AND_SCHOOL_DAILY
696,1,1,1,COMMON_USER_AND_SCHOOL_DAILY
697,1,1,1,COMMON_USER_AND_SCHOOL_DAILY
698,1,1,1,COMMON_USER_AND_SCHOOL_DAILY
699,1,1,1,COMMON_USER_AND_SCHOOL_DAILY
700,1,1,1,COMMON_USER_AND_SCHOOL_DAILY
701,1,1,1,COMMON_USER_AND_SCHOOL_DAILY
702,1,1,1,COMMON_USER_AND_SCHOOL_DAILY
703,1,1,1,COMMON_USER_AND_SCHOOL_DAILY
704,1,1,1,COMMON_USER_AND_SCHOOL_DAILY
705,1,1,1,COMMON_USER_AND_SCHOOL_DAILY
706,1,1,1,COMMON_USER_AND_SCHOOL_DAILY
707,1,1,1,COMMON_USER_AND_SCHOOL_DAILY
708,1,1,1,COMMON_USER_AND_SCHOOL_DAILY
709,1,1,1,COMMON_USER_AND_SCHOOL_DAILY
710,1,1,1,COMMON_USER_AND_SCHOOL_DAILY
711,1,1,1,COMMON_USER_AND_SCHOOL_DAILY
712,1,1,1,COMMON_USER_AND_SCHOOL_DAILY
713,1,1,1,COMMON_USER_AND_SCHOOL_DAILY
714,1,1,1,COMMON_USER_AND_SCHOOL_DAILY
715,1,1,1,COMMON_USER_AND_SCHOOL_DAILY
716,1,1,1,COMMON_USER_AND_SCHOOL_DAILY
717,1,1,1,COMMON_USER_AND_SCHOOL_DAILY
718,1,1,1,COMMON_USER_AND_SCHOOL_DAILY
719,1,1,1,COMMON_USER_AND_SCHOOL_DAILY
720,1,1,1,COMMON_USER_AND_SCHOOL_DAILY
721,1,1,1,COMMON_USER_AND_SCHOOL_DAILY
722,1,1,1,COMMON_USER_AND_SCHOOL_DAILY
723,1,1,1,COMMON_USER_AND_SCHOOL_DAILY
724,1,1,1,COMMON_USER_AND_SCHOOL_DAILY
725,1,1,1,COMMON_USER_AND_SCHOOL_DAILY
726,1,1,1,COMMON_USER_AND_SCHOOL_DAILY
727,1,1,1,COMMON_USER_AND_SCHOOL_DAILY
728,0,1,0,SCHOOL_DAILY_DIMENSION_ONLY_NO_CURRENT_USER
729,1,1,1,COMMON_USER_AND_SCHOOL_DAILY
730,1,1,1,COMMON_USER_AND_SCHOOL_DAILY
731,1,1,1,COMMON_USER_AND_SCHOOL_DAILY
732,1,1,1,COMMON_USER_AND_SCHOOL_DAILY
733,1,1,1,COMMON_USER_AND_SCHOOL_DAILY
734,1,1,1,COMMON_USER_AND_SCHOOL_DAILY
735,1,1,1,COMMON_USER_AND_SCHOOL_DAILY
736,1,1,1,COMMON_USER_AND_SCHOOL_DAILY
737,1,1,1,COMMON_USER_AND_SCHOOL_DAILY
738,1,1,1,COMMON_USER_AND_SCHOOL_DAILY
739,1,1,1,COMMON_USER_AND_SCHOOL_DAILY
740,0,1,0,SCHOOL_DAILY_DIMENSION_ONLY_NO_CURRENT_USER
741,1,1,1,COMMON_USER_AND_SCHOOL_DAILY
742,1,1,1,COMMON_USER_AND_SCHOOL_DAILY
743,1,1,1,COMMON_USER_AND_SCHOOL_DAILY
744,1,1,1,COMMON_USER_AND_SCHOOL_DAILY
745,1,1,1,COMMON_USER_AND_SCHOOL_DAILY
746,1,1,1,COMMON_USER_AND_SCHOOL_DAILY
747,1,1,1,COMMON_USER_AND_SCHOOL_DAILY
748,1,1,1,COMMON_USER_AND_SCHOOL_DAILY
749,1,1,1,COMMON_USER_AND_SCHOOL_DAILY
750,1,1,1,COMMON_USER_AND_SCHOOL_DAILY
751,1,1,1,COMMON_USER_AND_SCHOOL_DAILY
752,1,1,1,COMMON_USER_AND_SCHOOL_DAILY
753,1,1,1,COMMON_USER_AND_SCHOOL_DAILY
754,1,1,1,COMMON_USER_AND_SCHOOL_DAILY
755,1,1,1,COMMON_USER_AND_SCHOOL_DAILY
756,1,1,1,COMMON_USER_AND_SCHOOL_DAILY
757,0,1,0,SCHOOL_DAILY_DIMENSION_ONLY_NO_CURRENT_USER
758,1,1,1,COMMON_USER_AND_SCHOOL_DAILY
759,1,1,1,COMMON_USER_AND_SCHOOL_DAILY
760,0,1,0,SCHOOL_DAILY_DIMENSION_ONLY_NO_CURRENT_USER
761,1,1,1,COMMON_USER_AND_SCHOOL_DAILY
762,1,1,1,COMMON_USER_AND_SCHOOL_DAILY
763,0,1,0,SCHOOL_DAILY_DIMENSION_ONLY_NO_CURRENT_USER
764,1,1,1,COMMON_USER_AND_SCHOOL_DAILY
765,1,1,1,COMMON_USER_AND_SCHOOL_DAILY
766,1,1,1,COMMON_USER_AND_SCHOOL_DAILY
767,0,1,0,SCHOOL_DAILY_DIMENSION_ONLY_NO_CURRENT_USER
768,1,1,1,COMMON_USER_AND_SCHOOL_DAILY
769,1,1,1,COMMON_USER_AND_SCHOOL_DAILY
770,1,1,1,COMMON_USER_AND_SCHOOL_DAILY
771,1,1,1,COMMON_USER_AND_SCHOOL_DAILY
772,1,1,1,COMMON_USER_AND_SCHOOL_DAILY
773,1,1,1,COMMON_USER_AND_SCHOOL_DAILY
774,1,1,1,COMMON_USER_AND_SCHOOL_DAILY
775,1,1,1,COMMON_USER_AND_SCHOOL_DAILY
776,1,1,1,COMMON_USER_AND_SCHOOL_DAILY
777,1,1,1,COMMON_USER_AND_SCHOOL_DAILY
778,1,1,1,COMMON_USER_AND_SCHOOL_DAILY
779,1,1,1,COMMON_USER_AND_SCHOOL_DAILY
780,1,1,1,COMMON_USER_AND_SCHOOL_DAILY
781,1,1,1,COMMON_USER_AND_SCHOOL_DAILY
782,1,1,1,COMMON_USER_AND_SCHOOL_DAILY
783,1,1,1,COMMON_USER_AND_SCHOOL_DAILY
784,1,1,1,COMMON_USER_AND_SCHOOL_DAILY
785,1,1,1,COMMON_USER_AND_SCHOOL_DAILY
786,1,1,1,COMMON_USER_AND_SCHOOL_DAILY
787,1,1,1,COMMON_USER_AND_SCHOOL_DAILY
788,1,1,1,COMMON_USER_AND_SCHOOL_DAILY
789,1,1,1,COMMON_USER_AND_SCHOOL_DAILY
790,1,1,1,COMMON_USER_AND_SCHOOL_DAILY
791,0,1,0,SCHOOL_DAILY_DIMENSION_ONLY_NO_CURRENT_USER
792,0,1,0,SCHOOL_DAILY_DIMENSION_ONLY_NO_CURRENT_USER
793,1,1,1,COMMON_USER_AND_SCHOOL_DAILY
794,0,1,0,SCHOOL_DAILY_DIMENSION_ONLY_NO_CURRENT_USER
795,1,1,1,COMMON_USER_AND_SCHOOL_DAILY
796,1,1,1,COMMON_USER_AND_SCHOOL_DAILY
797,1,1,1,COMMON_USER_AND_SCHOOL_DAILY
798,1,1,1,COMMON_USER_AND_SCHOOL_DAILY
799,1,1,1,COMMON_USER_AND_SCHOOL_DAILY
800,0,1,0,SCHOOL_DAILY_DIMENSION_ONLY_NO_CURRENT_USER
801,1,1,1,COMMON_USER_AND_SCHOOL_DAILY
802,1,1,1,COMMON_USER_AND_SCHOOL_DAILY
803,1,1,1,COMMON_USER_AND_SCHOOL_DAILY
804,1,1,1,COMMON_USER_AND_SCHOOL_DAILY
805,1,1,1,COMMON_USER_AND_SCHOOL_DAILY
806,1,1,1,COMMON_USER_AND_SCHOOL_DAILY
807,1,1,1,COMMON_USER_AND_SCHOOL_DAILY
808,1,1,1,COMMON_USER_AND_SCHOOL_DAILY
809,1,1,1,COMMON_USER_AND_SCHOOL_DAILY
810,1,1,1,COMMON_USER_AND_SCHOOL_DAILY
811,1,1,1,COMMON_USER_AND_SCHOOL_DAILY
812,0,1,0,SCHOOL_DAILY_DIMENSION_ONLY_NO_CURRENT_USER
813,1,1,1,COMMON_USER_AND_SCHOOL_DAILY
814,1,1,1,COMMON_USER_AND_SCHOOL_DAILY
815,1,1,1,COMMON_USER_AND_SCHOOL_DAILY
816,1,1,1,COMMON_USER_AND_SCHOOL_DAILY
817,1,1,1,COMMON_USER_AND_SCHOOL_DAILY
818,1,1,1,COMMON_USER_AND_SCHOOL_DAILY
819,1,1,1,COMMON_USER_AND_SCHOOL_DAILY
820,0,1,0,SCHOOL_DAILY_DIMENSION_ONLY_NO_CURRENT_USER
821,1,1,1,COMMON_USER_AND_SCHOOL_DAILY
822,1,1,1,COMMON_USER_AND_SCHOOL_DAILY
823,1,1,1,COMMON_USER_AND_SCHOOL_DAILY
824,1,1,1,COMMON_USER_AND_SCHOOL_DAILY
825,1,1,1,COMMON_USER_AND_SCHOOL_DAILY
826,1,1,1,COMMON_USER_AND_SCHOOL_DAILY
827,1,1,1,COMMON_USER_AND_SCHOOL_DAILY
828,1,1,1,COMMON_USER_AND_SCHOOL_DAILY
829,1,1,1,COMMON_USER_AND_SCHOOL_DAILY
830,1,1,1,COMMON_USER_AND_SCHOOL_DAILY
831,1,1,1,COMMON_USER_AND_SCHOOL_DAILY
832,1,1,1,COMMON_USER_AND_SCHOOL_DAILY
833,1,1,1,COMMON_USER_AND_SCHOOL_DAILY
834,1,1,1,COMMON_USER_AND_SCHOOL_DAILY
835,1,1,1,COMMON_USER_AND_SCHOOL_DAILY
836,1,1,1,COMMON_USER_AND_SCHOOL_DAILY
837,1,1,1,COMMON_USER_AND_SCHOOL_DAILY
838,1,1,1,COMMON_USER_AND_SCHOOL_DAILY
839,1,1,1,COMMON_USER_AND_SCHOOL_DAILY
840,1,1,1,COMMON_USER_AND_SCHOOL_DAILY
841,1,1,1,COMMON_USER_AND_SCHOOL_DAILY
842,1,1,1,COMMON_USER_AND_SCHOOL_DAILY
843,1,1,1,COMMON_USER_AND_SCHOOL_DAILY
844,1,1,1,COMMON_USER_AND_SCHOOL_DAILY
845,1,1,1,COMMON_USER_AND_SCHOOL_DAILY
846,1,1,1,COMMON_USER_AND_SCHOOL_DAILY
847,1,1,1,COMMON_USER_AND_SCHOOL_DAILY
848,0,1,0,SCHOOL_DAILY_DIMENSION_ONLY_NO_CURRENT_USER
849,1,1,1,COMMON_USER_AND_SCHOOL_DAILY
850,1,1,1,COMMON_USER_AND_SCHOOL_DAILY
851,1,1,1,COMMON_USER_AND_SCHOOL_DAILY
852,1,1,1,COMMON_USER_AND_SCHOOL_DAILY
853,1,1,1,COMMON_USER_AND_SCHOOL_DAILY
854,0,1,0,SCHOOL_DAILY_DIMENSION_ONLY_NO_CURRENT_USER
855,1,1,1,COMMON_USER_AND_SCHOOL_DAILY
856,1,1,1,COMMON_USER_AND_SCHOOL_DAILY
857,1,1,1,COMMON_USER_AND_SCHOOL_DAILY
858,1,1,1,COMMON_USER_AND_SCHOOL_DAILY
859,1,1,1,COMMON_USER_AND_SCHOOL_DAILY
860,1,1,1,COMMON_USER_AND_SCHOOL_DAILY
861,1,1,1,COMMON_USER_AND_SCHOOL_DAILY
862,1,1,1,COMMON_USER_AND_SCHOOL_DAILY
863,1,1,1,COMMON_USER_AND_SCHOOL_DAILY
864,1,1,1,COMMON_USER_AND_SCHOOL_DAILY
865,1,1,1,COMMON_USER_AND_SCHOOL_DAILY
866,1,1,1,COMMON_USER_AND_SCHOOL_DAILY
867,1,1,1,COMMON_USER_AND_SCHOOL_DAILY
868,1,1,1,COMMON_USER_AND_SCHOOL_DAILY
869,0,1,0,SCHOOL_DAILY_DIMENSION_ONLY_NO_CURRENT_USER
870,1,1,1,COMMON_USER_AND_SCHOOL_DAILY
871,1,1,1,COMMON_USER_AND_SCHOOL_DAILY
872,1,1,1,COMMON_USER_AND_SCHOOL_DAILY
873,1,1,1,COMMON_USER_AND_SCHOOL_DAILY
874,1,1,1,COMMON_USER_AND_SCHOOL_DAILY
875,0,1,0,SCHOOL_DAILY_DIMENSION_ONLY_NO_CURRENT_USER
876,1,1,1,COMMON_USER_AND_SCHOOL_DAILY
877,0,1,0,SCHOOL_DAILY_DIMENSION_ONLY_NO_CURRENT_USER
878,1,1,1,COMMON_USER_AND_SCHOOL_DAILY
879,1,1,1,COMMON_USER_AND_SCHOOL_DAILY
880,1,1,1,COMMON_USER_AND_SCHOOL_DAILY
881,1,1,1,COMMON_USER_AND_SCHOOL_DAILY
882,1,1,1,COMMON_USER_AND_SCHOOL_DAILY
883,0,1,0,SCHOOL_DAILY_DIMENSION_ONLY_NO_CURRENT_USER
884,1,1,1,COMMON_USER_AND_SCHOOL_DAILY
885,1,1,1,COMMON_USER_AND_SCHOOL_DAILY
886,1,1,1,COMMON_USER_AND_SCHOOL_DAILY
887,1,1,1,COMMON_USER_AND_SCHOOL_DAILY
888,1,1,1,COMMON_USER_AND_SCHOOL_DAILY
889,0,1,0,SCHOOL_DAILY_DIMENSION_ONLY_NO_CURRENT_USER
890,1,1,1,COMMON_USER_AND_SCHOOL_DAILY
891,1,1,1,COMMON_USER_AND_SCHOOL_DAILY
892,1,1,1,COMMON_USER_AND_SCHOOL_DAILY
893,0,1,0,SCHOOL_DAILY_DIMENSION_ONLY_NO_CURRENT_USER
894,1,1,1,COMMON_USER_AND_SCHOOL_DAILY
895,1,1,1,COMMON_USER_AND_SCHOOL_DAILY
896,1,1,1,COMMON_USER_AND_SCHOOL_DAILY
897,1,1,1,COMMON_USER_AND_SCHOOL_DAILY
898,0,1,0,SCHOOL_DAILY_DIMENSION_ONLY_NO_CURRENT_USER
899,1,1,1,COMMON_USER_AND_SCHOOL_DAILY
900,1,1,1,COMMON_USER_AND_SCHOOL_DAILY
901,1,1,1,COMMON_USER_AND_SCHOOL_DAILY
902,0,1,0,SCHOOL_DAILY_DIMENSION_ONLY_NO_CURRENT_USER
903,1,1,1,COMMON_USER_AND_SCHOOL_DAILY
904,1,1,1,COMMON_USER_AND_SCHOOL_DAILY
905,1,1,1,COMMON_USER_AND_SCHOOL_DAILY
906,1,1,1,COMMON_USER_AND_SCHOOL_DAILY
907,0,1,0,SCHOOL_DAILY_DIMENSION_ONLY_NO_CURRENT_USER
908,1,1,1,COMMON_USER_AND_SCHOOL_DAILY
909,1,1,1,COMMON_USER_AND_SCHOOL_DAILY
910,1,1,1,COMMON_USER_AND_SCHOOL_DAILY
911,1,1,1,COMMON_USER_AND_SCHOOL_DAILY
912,1,1,1,COMMON_USER_AND_SCHOOL_DAILY
913,1,1,1,COMMON_USER_AND_SCHOOL_DAILY
914,1,1,1,COMMON_USER_AND_SCHOOL_DAILY
915,1,1,1,COMMON_USER_AND_SCHOOL_DAILY
916,1,1,1,COMMON_USER_AND_SCHOOL_DAILY
917,0,1,0,SCHOOL_DAILY_DIMENSION_ONLY_NO_CURRENT_USER
918,1,1,1,COMMON_USER_AND_SCHOOL_DAILY
919,1,1,1,COMMON_USER_AND_SCHOOL_DAILY
920,1,1,1,COMMON_USER_AND_SCHOOL_DAILY
921,1,1,1,COMMON_USER_AND_SCHOOL_DAILY
922,1,1,1,COMMON_USER_AND_SCHOOL_DAILY
923,1,1,1,COMMON_USER_AND_SCHOOL_DAILY
924,1,1,1,COMMON_USER_AND_SCHOOL_DAILY
925,1,1,1,COMMON_USER_AND_SCHOOL_DAILY
926,1,1,1,COMMON_USER_AND_SCHOOL_DAILY
927,1,1,1,COMMON_USER_AND_SCHOOL_DAILY
928,1,1,1,COMMON_USER_AND_SCHOOL_DAILY
929,1,1,1,COMMON_USER_AND_SCHOOL_DAILY
930,1,1,1,COMMON_USER_AND_SCHOOL_DAILY
931,1,1,1,COMMON_USER_AND_SCHOOL_DAILY
932,1,1,1,COMMON_USER_AND_SCHOOL_DAILY
933,1,1,1,COMMON_USER_AND_SCHOOL_DAILY
934,1,1,1,COMMON_USER_AND_SCHOOL_DAILY
935,1,1,1,COMMON_USER_AND_SCHOOL_DAILY
936,1,1,1,COMMON_USER_AND_SCHOOL_DAILY
937,1,1,1,COMMON_USER_AND_SCHOOL_DAILY
938,1,1,1,COMMON_USER_AND_SCHOOL_DAILY
939,1,1,1,COMMON_USER_AND_SCHOOL_DAILY
940,1,1,1,COMMON_USER_AND_SCHOOL_DAILY
941,1,1,1,COMMON_USER_AND_SCHOOL_DAILY
942,1,1,1,COMMON_USER_AND_SCHOOL_DAILY
943,1,1,1,COMMON_USER_AND_SCHOOL_DAILY
944,1,1,1,COMMON_USER_AND_SCHOOL_DAILY
945,0,1,0,SCHOOL_DAILY_DIMENSION_ONLY_NO_CURRENT_USER
946,1,1,1,COMMON_USER_AND_SCHOOL_DAILY
947,1,1,1,COMMON_USER_AND_SCHOOL_DAILY
948,1,1,1,COMMON_USER_AND_SCHOOL_DAILY
949,1,1,1,COMMON_USER_AND_SCHOOL_DAILY
950,1,1,1,COMMON_USER_AND_SCHOOL_DAILY
951,1,1,1,COMMON_USER_AND_SCHOOL_DAILY
952,1,1,1,COMMON_USER_AND_SCHOOL_DAILY
953,1,1,1,COMMON_USER_AND_SCHOOL_DAILY
954,1,1,1,COMMON_USER_AND_SCHOOL_DAILY
955,1,1,1,COMMON_USER_AND_SCHOOL_DAILY
956,1,1,1,COMMON_USER_AND_SCHOOL_DAILY
957,1,1,1,COMMON_USER_AND_SCHOOL_DAILY
958,1,1,1,COMMON_USER_AND_SCHOOL_DAILY
959,1,1,1,COMMON_USER_AND_SCHOOL_DAILY
960,1,1,1,COMMON_USER_AND_SCHOOL_DAILY
961,1,1,1,COMMON_USER_AND_SCHOOL_DAILY
962,1,1,1,COMMON_USER_AND_SCHOOL_DAILY
963,0,1,0,SCHOOL_DAILY_DIMENSION_ONLY_NO_CURRENT_USER
964,1,1,1,COMMON_USER_AND_SCHOOL_DAILY
965,0,1,0,SCHOOL_DAILY_DIMENSION_ONLY_NO_CURRENT_USER
966,1,1,1,COMMON_USER_AND_SCHOOL_DAILY
967,0,1,0,SCHOOL_DAILY_DIMENSION_ONLY_NO_CURRENT_USER
968,1,1,1,COMMON_USER_AND_SCHOOL_DAILY
969,1,1,1,COMMON_USER_AND_SCHOOL_DAILY
970,1,1,1,COMMON_USER_AND_SCHOOL_DAILY
971,1,1,1,COMMON_USER_AND_SCHOOL_DAILY
972,0,1,0,SCHOOL_DAILY_DIMENSION_ONLY_NO_CURRENT_USER
973,1,1,1,COMMON_USER_AND_SCHOOL_DAILY
974,1,1,1,COMMON_USER_AND_SCHOOL_DAILY
975,1,1,1,COMMON_USER_AND_SCHOOL_DAILY
976,1,1,1,COMMON_USER_AND_SCHOOL_DAILY
977,1,1,1,COMMON_USER_AND_SCHOOL_DAILY
978,1,1,1,COMMON_USER_AND_SCHOOL_DAILY
979,1,1,1,COMMON_USER_AND_SCHOOL_DAILY
980,1,1,1,COMMON_USER_AND_SCHOOL_DAILY
981,1,1,1,COMMON_USER_AND_SCHOOL_DAILY
982,1,1,1,COMMON_USER_AND_SCHOOL_DAILY
983,1,1,1,COMMON_USER_AND_SCHOOL_DAILY
984,1,1,1,COMMON_USER_AND_SCHOOL_DAILY
985,1,1,1,COMMON_USER_AND_SCHOOL_DAILY
986,1,1,1,COMMON_USER_AND_SCHOOL_DAILY
987,1,1,1,COMMON_USER_AND_SCHOOL_DAILY
988,1,1,1,COMMON_USER_AND_SCHOOL_DAILY
989,0,1,0,SCHOOL_DAILY_DIMENSION_ONLY_NO_CURRENT_USER
990,1,1,1,COMMON_USER_AND_SCHOOL_DAILY
991,1,1,1,COMMON_USER_AND_SCHOOL_DAILY
992,1,1,1,COMMON_USER_AND_SCHOOL_DAILY
993,1,1,1,COMMON_USER_AND_SCHOOL_DAILY
994,1,1,1,COMMON_USER_AND_SCHOOL_DAILY
995,1,1,1,COMMON_USER_AND_SCHOOL_DAILY
996,1,1,1,COMMON_USER_AND_SCHOOL_DAILY
997,0,1,0,SCHOOL_DAILY_DIMENSION_ONLY_NO_CURRENT_USER
998,1,1,1,COMMON_USER_AND_SCHOOL_DAILY
999,1,1,1,COMMON_USER_AND_SCHOOL_DAILY
1000,1,1,1,COMMON_USER_AND_SCHOOL_DAILY
1001,1,1,1,COMMON_USER_AND_SCHOOL_DAILY
1002,1,1,1,COMMON_USER_AND_SCHOOL_DAILY
1003,1,1,1,COMMON_USER_AND_SCHOOL_DAILY
1004,1,1,1,COMMON_USER_AND_SCHOOL_DAILY
1005,1,1,1,COMMON_USER_AND_SCHOOL_DAILY
1006,1,1,1,COMMON_USER_AND_SCHOOL_DAILY
1007,1,1,1,COMMON_USER_AND_SCHOOL_DAILY
1008,1,1,1,COMMON_USER_AND_SCHOOL_DAILY
1009,1,1,1,COMMON_USER_AND_SCHOOL_DAILY
1010,0,1,0,SCHOOL_DAILY_DIMENSION_ONLY_NO_CURRENT_USER
1011,1,1,1,COMMON_USER_AND_SCHOOL_DAILY
1012,1,1,1,COMMON_USER_AND_SCHOOL_DAILY
1013,1,1,1,COMMON_USER_AND_SCHOOL_DAILY
1014,1,1,1,COMMON_USER_AND_SCHOOL_DAILY
1015,1,1,1,COMMON_USER_AND_SCHOOL_DAILY
1016,1,1,1,COMMON_USER_AND_SCHOOL_DAILY
1017,0,1,0,SCHOOL_DAILY_DIMENSION_ONLY_NO_CURRENT_USER
1018,1,1,1,COMMON_USER_AND_SCHOOL_DAILY
1019,1,1,1,COMMON_USER_AND_SCHOOL_DAILY
1020,1,1,1,COMMON_USER_AND_SCHOOL_DAILY
1021,1,1,1,COMMON_USER_AND_SCHOOL_DAILY
1022,1,1,1,COMMON_USER_AND_SCHOOL_DAILY
1023,1,1,1,COMMON_USER_AND_SCHOOL_DAILY
1024,1,1,1,COMMON_USER_AND_SCHOOL_DAILY
1025,1,1,1,COMMON_USER_AND_SCHOOL_DAILY
1026,1,1,1,COMMON_USER_AND_SCHOOL_DAILY
1027,1,1,1,COMMON_USER_AND_SCHOOL_DAILY
1028,1,1,1,COMMON_USER_AND_SCHOOL_DAILY
1029,1,1,1,COMMON_USER_AND_SCHOOL_DAILY
1030,1,1,1,COMMON_USER_AND_SCHOOL_DAILY
1031,1,1,1,COMMON_USER_AND_SCHOOL_DAILY
1032,1,1,1,COMMON_USER_AND_SCHOOL_DAILY
1033,1,1,1,COMMON_USER_AND_SCHOOL_DAILY
1034,1,1,1,COMMON_USER_AND_SCHOOL_DAILY
1035,1,1,1,COMMON_USER_AND_SCHOOL_DAILY
1036,1,1,1,COMMON_USER_AND_SCHOOL_DAILY
1037,0,1,0,SCHOOL_DAILY_DIMENSION_ONLY_NO_CURRENT_USER
1038,0,1,0,SCHOOL_DAILY_DIMENSION_ONLY_NO_CURRENT_USER
1039,1,1,1,COMMON_USER_AND_SCHOOL_DAILY
1040,1,1,1,COMMON_USER_AND_SCHOOL_DAILY
1041,1,1,1,COMMON_USER_AND_SCHOOL_DAILY
1042,1,1,1,COMMON_USER_AND_SCHOOL_DAILY
1043,1,1,1,COMMON_USER_AND_SCHOOL_DAILY
1044,1,1,1,COMMON_USER_AND_SCHOOL_DAILY
1045,1,1,1,COMMON_USER_AND_SCHOOL_DAILY
1046,1,1,1,COMMON_USER_AND_SCHOOL_DAILY
1047,1,1,1,COMMON_USER_AND_SCHOOL_DAILY
1048,1,1,1,COMMON_USER_AND_SCHOOL_DAILY
1049,1,1,1,COMMON_USER_AND_SCHOOL_DAILY
1050,1,1,1,COMMON_USER_AND_SCHOOL_DAILY
1051,0,1,0,SCHOOL_DAILY_DIMENSION_ONLY_NO_CURRENT_USER
1052,1,1,1,COMMON_USER_AND_SCHOOL_DAILY
1053,1,1,1,COMMON_USER_AND_SCHOOL_DAILY
1054,1,1,1,COMMON_USER_AND_SCHOOL_DAILY
1055,1,1,1,COMMON_USER_AND_SCHOOL_DAILY
1056,1,1,1,COMMON_USER_AND_SCHOOL_DAILY
1057,1,1,1,COMMON_USER_AND_SCHOOL_DAILY
1058,1,1,1,COMMON_USER_AND_SCHOOL_DAILY
1059,1,1,1,COMMON_USER_AND_SCHOOL_DAILY
1060,1,1,1,COMMON_USER_AND_SCHOOL_DAILY
1061,1,1,1,COMMON_USER_AND_SCHOOL_DAILY
1062,1,1,1,COMMON_USER_AND_SCHOOL_DAILY
1063,1,1,1,COMMON_USER_AND_SCHOOL_DAILY
1064,1,1,1,COMMON_USER_AND_SCHOOL_DAILY
1065,0,1,0,SCHOOL_DAILY_DIMENSION_ONLY_NO_CURRENT_USER
1066,1,1,1,COMMON_USER_AND_SCHOOL_DAILY
1067,1,1,1,COMMON_USER_AND_SCHOOL_DAILY
1068,1,1,1,COMMON_USER_AND_SCHOOL_DAILY
1070,1,1,1,COMMON_USER_AND_SCHOOL_DAILY
1071,1,1,1,COMMON_USER_AND_SCHOOL_DAILY
1072,1,1,1,COMMON_USER_AND_SCHOOL_DAILY
1073,0,1,0,SCHOOL_DAILY_DIMENSION_ONLY_NO_CURRENT_USER
1074,1,1,1,COMMON_USER_AND_SCHOOL_DAILY
1075,1,1,1,COMMON_USER_AND_SCHOOL_DAILY
1076,1,1,1,COMMON_USER_AND_SCHOOL_DAILY
1077,1,1,1,COMMON_USER_AND_SCHOOL_DAILY
1078,1,1,1,COMMON_USER_AND_SCHOOL_DAILY
1079,1,1,1,COMMON_USER_AND_SCHOOL_DAILY
1080,1,1,1,COMMON_USER_AND_SCHOOL_DAILY
1081,1,1,1,COMMON_USER_AND_SCHOOL_DAILY
1082,1,1,1,COMMON_USER_AND_SCHOOL_DAILY
1083,1,1,1,COMMON_USER_AND_SCHOOL_DAILY
1084,1,1,1,COMMON_USER_AND_SCHOOL_DAILY
1085,1,1,1,COMMON_USER_AND_SCHOOL_DAILY
1086,1,1,1,COMMON_USER_AND_SCHOOL_DAILY
1087,0,1,0,SCHOOL_DAILY_DIMENSION_ONLY_NO_CURRENT_USER
1088,1,1,1,COMMON_USER_AND_SCHOOL_DAILY
1089,1,1,1,COMMON_USER_AND_SCHOOL_DAILY
1090,1,1,1,COMMON_USER_AND_SCHOOL_DAILY
1091,0,1,0,SCHOOL_DAILY_DIMENSION_ONLY_NO_CURRENT_USER
1092,1,1,1,COMMON_USER_AND_SCHOOL_DAILY
1093,0,1,0,SCHOOL_DAILY_DIMENSION_ONLY_NO_CURRENT_USER
1094,1,1,1,COMMON_USER_AND_SCHOOL_DAILY
1095,1,1,1,COMMON_USER_AND_SCHOOL_DAILY
1096,1,1,1,COMMON_USER_AND_SCHOOL_DAILY
1097,1,1,1,COMMON_USER_AND_SCHOOL_DAILY
1098,1,1,1,COMMON_USER_AND_SCHOOL_DAILY
1099,1,1,1,COMMON_USER_AND_SCHOOL_DAILY
1100,1,1,1,COMMON_USER_AND_SCHOOL_DAILY
1101,1,1,1,COMMON_USER_AND_SCHOOL_DAILY
1102,1,1,1,COMMON_USER_AND_SCHOOL_DAILY
1103,1,1,1,COMMON_USER_AND_SCHOOL_DAILY
1104,1,1,1,COMMON_USER_AND_SCHOOL_DAILY
1105,1,1,1,COMMON_USER_AND_SCHOOL_DAILY
1106,1,1,1,COMMON_USER_AND_SCHOOL_DAILY
1107,1,1,1,COMMON_USER_AND_SCHOOL_DAILY
1108,0,1,0,SCHOOL_DAILY_DIMENSION_ONLY_NO_CURRENT_USER
1109,1,1,1,COMMON_USER_AND_SCHOOL_DAILY
1110,1,1,1,COMMON_USER_AND_SCHOOL_DAILY
1111,1,1,1,COMMON_USER_AND_SCHOOL_DAILY
1112,0,1,0,SCHOOL_DAILY_DIMENSION_ONLY_NO_CURRENT_USER
1113,1,1,1,COMMON_USER_AND_SCHOOL_DAILY
1114,0,1,0,SCHOOL_DAILY_DIMENSION_ONLY_NO_CURRENT_USER
1115,1,1,1,COMMON_USER_AND_SCHOOL_DAILY
1116,1,1,1,COMMON_USER_AND_SCHOOL_DAILY
1117,1,1,1,COMMON_USER_AND_SCHOOL_DAILY
1118,1,1,1,COMMON_USER_AND_SCHOOL_DAILY
1119,1,1,1,COMMON_USER_AND_SCHOOL_DAILY
1120,1,1,1,COMMON_USER_AND_SCHOOL_DAILY
1121,1,1,1,COMMON_USER_AND_SCHOOL_DAILY
1122,1,1,1,COMMON_USER_AND_SCHOOL_DAILY
1123,1,1,1,COMMON_USER_AND_SCHOOL_DAILY
1124,1,1,1,COMMON_USER_AND_SCHOOL_DAILY
1125,1,1,1,COMMON_USER_AND_SCHOOL_DAILY
1126,1,1,1,COMMON_USER_AND_SCHOOL_DAILY
1127,1,1,1,COMMON_USER_AND_SCHOOL_DAILY
1128,1,1,1,COMMON_USER_AND_SCHOOL_DAILY
1129,0,1,0,SCHOOL_DAILY_DIMENSION_ONLY_NO_CURRENT_USER
1130,1,1,1,COMMON_USER_AND_SCHOOL_DAILY
1131,1,1,1,COMMON_USER_AND_SCHOOL_DAILY
1132,1,1,1,COMMON_USER_AND_SCHOOL_DAILY
1133,1,1,1,COMMON_USER_AND_SCHOOL_DAILY
1134,1,1,1,COMMON_USER_AND_SCHOOL_DAILY
1135,1,1,1,COMMON_USER_AND_SCHOOL_DAILY
1136,1,1,1,COMMON_USER_AND_SCHOOL_DAILY
1137,0,1,0,SCHOOL_DAILY_DIMENSION_ONLY_NO_CURRENT_USER
1138,1,1,1,COMMON_USER_AND_SCHOOL_DAILY
1139,1,1,1,COMMON_USER_AND_SCHOOL_DAILY
1140,1,1,1,COMMON_USER_AND_SCHOOL_DAILY
1141,1,1,1,COMMON_USER_AND_SCHOOL_DAILY
1142,1,1,1,COMMON_USER_AND_SCHOOL_DAILY
1143,1,1,1,COMMON_USER_AND_SCHOOL_DAILY
1144,1,1,1,COMMON_USER_AND_SCHOOL_DAILY
1145,1,1,1,COMMON_USER_AND_SCHOOL_DAILY
1146,1,1,1,COMMON_USER_AND_SCHOOL_DAILY
1147,1,1,1,COMMON_USER_AND_SCHOOL_DAILY
1148,1,1,1,COMMON_USER_AND_SCHOOL_DAILY
1149,1,1,1,COMMON_USER_AND_SCHOOL_DAILY
1150,1,1,1,COMMON_USER_AND_SCHOOL_DAILY
1151,1,1,1,COMMON_USER_AND_SCHOOL_DAILY
1152,1,1,1,COMMON_USER_AND_SCHOOL_DAILY
1153,0,1,0,SCHOOL_DAILY_DIMENSION_ONLY_NO_CURRENT_USER
1155,0,1,0,SCHOOL_DAILY_DIMENSION_ONLY_NO_CURRENT_USER
1156,0,1,0,SCHOOL_DAILY_DIMENSION_ONLY_NO_CURRENT_USER
1157,1,1,1,COMMON_USER_AND_SCHOOL_DAILY
1158,1,1,1,COMMON_USER_AND_SCHOOL_DAILY
1159,0,1,0,SCHOOL_DAILY_DIMENSION_ONLY_NO_CURRENT_USER
1160,0,1,0,SCHOOL_DAILY_DIMENSION_ONLY_NO_CURRENT_USER
1161,0,1,0,SCHOOL_DAILY_DIMENSION_ONLY_NO_CURRENT_USER
1162,0,1,0,SCHOOL_DAILY_DIMENSION_ONLY_NO_CURRENT_USER
1163,1,1,1,COMMON_USER_AND_SCHOOL_DAILY
1164,1,1,1,COMMON_USER_AND_SCHOOL_DAILY
1165,1,1,1,COMMON_USER_AND_SCHOOL_DAILY
1166,1,1,1,COMMON_USER_AND_SCHOOL_DAILY
1167,1,1,1,COMMON_USER_AND_SCHOOL_DAILY
1168,1,1,1,COMMON_USER_AND_SCHOOL_DAILY
1169,0,1,0,SCHOOL_DAILY_DIMENSION_ONLY_NO_CURRENT_USER
1170,1,1,1,COMMON_USER_AND_SCHOOL_DAILY
1171,1,1,1,COMMON_USER_AND_SCHOOL_DAILY
1172,1,1,1,COMMON_USER_AND_SCHOOL_DAILY
1173,1,1,1,COMMON_USER_AND_SCHOOL_DAILY
1174,1,1,1,COMMON_USER_AND_SCHOOL_DAILY
1175,1,1,1,COMMON_USER_AND_SCHOOL_DAILY
1176,1,1,1,COMMON_USER_AND_SCHOOL_DAILY
1177,1,1,1,COMMON_USER_AND_SCHOOL_DAILY
1178,1,1,1,COMMON_USER_AND_SCHOOL_DAILY
1179,1,1,1,COMMON_USER_AND_SCHOOL_DAILY
1180,1,1,1,COMMON_USER_AND_SCHOOL_DAILY
1181,1,1,1,COMMON_USER_AND_SCHOOL_DAILY
1182,1,1,1,COMMON_USER_AND_SCHOOL_DAILY
1183,1,1,1,COMMON_USER_AND_SCHOOL_DAILY
1184,1,1,1,COMMON_USER_AND_SCHOOL_DAILY
1185,1,1,1,COMMON_USER_AND_SCHOOL_DAILY
1186,1,1,1,COMMON_USER_AND_SCHOOL_DAILY
1187,1,1,1,COMMON_USER_AND_SCHOOL_DAILY
1188,1,1,1,COMMON_USER_AND_SCHOOL_DAILY
1189,1,1,1,COMMON_USER_AND_SCHOOL_DAILY
1190,1,1,1,COMMON_USER_AND_SCHOOL_DAILY
1191,1,1,1,COMMON_USER_AND_SCHOOL_DAILY
1192,1,1,1,COMMON_USER_AND_SCHOOL_DAILY
1193,1,1,1,COMMON_USER_AND_SCHOOL_DAILY
1194,1,1,1,COMMON_USER_AND_SCHOOL_DAILY
1195,0,1,0,SCHOOL_DAILY_DIMENSION_ONLY_NO_CURRENT_USER
1196,1,1,1,COMMON_USER_AND_SCHOOL_DAILY
1197,1,1,1,COMMON_USER_AND_SCHOOL_DAILY
1198,1,1,1,COMMON_USER_AND_SCHOOL_DAILY
1199,1,1,1,COMMON_USER_AND_SCHOOL_DAILY
1200,1,1,1,COMMON_USER_AND_SCHOOL_DAILY
1201,1,1,1,COMMON_USER_AND_SCHOOL_DAILY
1202,1,1,1,COMMON_USER_AND_SCHOOL_DAILY
1203,1,1,1,COMMON_USER_AND_SCHOOL_DAILY
1204,1,1,1,COMMON_USER_AND_SCHOOL_DAILY
1205,1,1,1,COMMON_USER_AND_SCHOOL_DAILY
1206,1,1,1,COMMON_USER_AND_SCHOOL_DAILY
1207,1,1,1,COMMON_USER_AND_SCHOOL_DAILY
1208,1,1,1,COMMON_USER_AND_SCHOOL_DAILY
1209,1,1,1,COMMON_USER_AND_SCHOOL_DAILY
1210,1,1,1,COMMON_USER_AND_SCHOOL_DAILY
1211,1,1,1,COMMON_USER_AND_SCHOOL_DAILY
1212,1,1,1,COMMON_USER_AND_SCHOOL_DAILY
1213,1,1,1,COMMON_USER_AND_SCHOOL_DAILY
1214,1,1,1,COMMON_USER_AND_SCHOOL_DAILY
1215,1,1,1,COMMON_USER_AND_SCHOOL_DAILY
1216,1,1,1,COMMON_USER_AND_SCHOOL_DAILY
1217,1,1,1,COMMON_USER_AND_SCHOOL_DAILY
1218,1,1,1,COMMON_USER_AND_SCHOOL_DAILY
1219,1,1,1,COMMON_USER_AND_SCHOOL_DAILY
1220,1,1,1,COMMON_USER_AND_SCHOOL_DAILY
1221,1,1,1,COMMON_USER_AND_SCHOOL_DAILY
1222,1,1,1,COMMON_USER_AND_SCHOOL_DAILY
1223,1,1,1,COMMON_USER_AND_SCHOOL_DAILY
1224,1,1,1,COMMON_USER_AND_SCHOOL_DAILY
1225,1,1,1,COMMON_USER_AND_SCHOOL_DAILY
1226,1,1,1,COMMON_USER_AND_SCHOOL_DAILY
1227,1,1,1,COMMON_USER_AND_SCHOOL_DAILY
1228,1,1,1,COMMON_USER_AND_SCHOOL_DAILY
1229,1,1,1,COMMON_USER_AND_SCHOOL_DAILY
1230,1,1,1,COMMON_USER_AND_SCHOOL_DAILY
1231,1,1,1,COMMON_USER_AND_SCHOOL_DAILY
1232,1,1,1,COMMON_USER_AND_SCHOOL_DAILY
1233,1,1,1,COMMON_USER_AND_SCHOOL_DAILY
1234,1,1,1,COMMON_USER_AND_SCHOOL_DAILY
1235,1,1,1,COMMON_USER_AND_SCHOOL_DAILY
1236,1,1,1,COMMON_USER_AND_SCHOOL_DAILY
1237,1,1,1,COMMON_USER_AND_SCHOOL_DAILY
1238,1,1,1,COMMON_USER_AND_SCHOOL_DAILY
1239,1,1,1,COMMON_USER_AND_SCHOOL_DAILY
1240,1,1,1,COMMON_USER_AND_SCHOOL_DAILY
1241,1,1,1,COMMON_USER_AND_SCHOOL_DAILY
1242,1,1,1,COMMON_USER_AND_SCHOOL_DAILY
1243,1,1,1,COMMON_USER_AND_SCHOOL_DAILY
1244,1,1,1,COMMON_USER_AND_SCHOOL_DAILY
1245,1,1,1,COMMON_USER_AND_SCHOOL_DAILY
1246,1,1,1,COMMON_USER_AND_SCHOOL_DAILY
1247,1,1,1,COMMON_USER_AND_SCHOOL_DAILY
1248,1,1,1,COMMON_USER_AND_SCHOOL_DAILY
1249,1,1,1,COMMON_USER_AND_SCHOOL_DAILY
1250,1,1,1,COMMON_USER_AND_SCHOOL_DAILY
1251,1,1,1,COMMON_USER_AND_SCHOOL_DAILY
1252,1,1,1,COMMON_USER_AND_SCHOOL_DAILY
1253,0,1,0,SCHOOL_DAILY_DIMENSION_ONLY_NO_CURRENT_USER
1254,1,1,1,COMMON_USER_AND_SCHOOL_DAILY
1255,1,1,1,COMMON_USER_AND_SCHOOL_DAILY
1256,1,1,1,COMMON_USER_AND_SCHOOL_DAILY
1257,1,1,1,COMMON_USER_AND_SCHOOL_DAILY
1258,1,1,1,COMMON_USER_AND_SCHOOL_DAILY
1259,1,1,1,COMMON_USER_AND_SCHOOL_DAILY
1260,1,1,1,COMMON_USER_AND_SCHOOL_DAILY
1261,1,1,1,COMMON_USER_AND_SCHOOL_DAILY
1262,1,1,1,COMMON_USER_AND_SCHOOL_DAILY
1263,1,1,1,COMMON_USER_AND_SCHOOL_DAILY
1264,1,1,1,COMMON_USER_AND_SCHOOL_DAILY
1265,1,1,1,COMMON_USER_AND_SCHOOL_DAILY
1266,1,1,1,COMMON_USER_AND_SCHOOL_DAILY
1267,1,1,1,COMMON_USER_AND_SCHOOL_DAILY
1268,1,1,1,COMMON_USER_AND_SCHOOL_DAILY
1269,1,1,1,COMMON_USER_AND_SCHOOL_DAILY
1270,1,1,1,COMMON_USER_AND_SCHOOL_DAILY
1271,1,1,1,COMMON_USER_AND_SCHOOL_DAILY
1272,1,1,1,COMMON_USER_AND_SCHOOL_DAILY
1273,1,1,1,COMMON_USER_AND_SCHOOL_DAILY
1274,1,1,1,COMMON_USER_AND_SCHOOL_DAILY
1275,1,1,1,COMMON_USER_AND_SCHOOL_DAILY
1276,1,1,1,COMMON_USER_AND_SCHOOL_DAILY
1277,1,1,1,COMMON_USER_AND_SCHOOL_DAILY
1278,1,1,1,COMMON_USER_AND_SCHOOL_DAILY
1279,1,1,1,COMMON_USER_AND_SCHOOL_DAILY
1280,1,1,1,COMMON_USER_AND_SCHOOL_DAILY
1281,1,1,1,COMMON_USER_AND_SCHOOL_DAILY
1282,1,1,1,COMMON_USER_AND_SCHOOL_DAILY
1283,1,1,1,COMMON_USER_AND_SCHOOL_DAILY
1284,1,1,1,COMMON_USER_AND_SCHOOL_DAILY
1285,1,1,1,COMMON_USER_AND_SCHOOL_DAILY
1286,1,1,1,COMMON_USER_AND_SCHOOL_DAILY
1287,1,1,1,COMMON_USER_AND_SCHOOL_DAILY
1288,1,1,1,COMMON_USER_AND_SCHOOL_DAILY
1289,1,1,1,COMMON_USER_AND_SCHOOL_DAILY
1290,1,1,1,COMMON_USER_AND_SCHOOL_DAILY
1291,1,1,1,COMMON_USER_AND_SCHOOL_DAILY
1292,1,1,1,COMMON_USER_AND_SCHOOL_DAILY
1293,1,1,1,COMMON_USER_AND_SCHOOL_DAILY
1294,1,1,1,COMMON_USER_AND_SCHOOL_DAILY
1295,1,1,1,COMMON_USER_AND_SCHOOL_DAILY
1296,1,1,1,COMMON_USER_AND_SCHOOL_DAILY
1297,1,1,1,COMMON_USER_AND_SCHOOL_DAILY
1298,1,1,1,COMMON_USER_AND_SCHOOL_DAILY
1299,1,1,1,COMMON_USER_AND_SCHOOL_DAILY
1300,1,1,1,COMMON_USER_AND_SCHOOL_DAILY
1301,1,1,1,COMMON_USER_AND_SCHOOL_DAILY
1302,1,1,1,COMMON_USER_AND_SCHOOL_DAILY
1303,0,1,0,SCHOOL_DAILY_DIMENSION_ONLY_NO_CURRENT_USER
1304,0,1,0,SCHOOL_DAILY_DIMENSION_ONLY_NO_CURRENT_USER
1305,0,1,0,SCHOOL_DAILY_DIMENSION_ONLY_NO_CURRENT_USER
1306,1,1,1,COMMON_USER_AND_SCHOOL_DAILY
1307,1,1,1,COMMON_USER_AND_SCHOOL_DAILY
1308,1,1,1,COMMON_USER_AND_SCHOOL_DAILY
1309,1,1,1,COMMON_USER_AND_SCHOOL_DAILY
1310,1,1,1,COMMON_USER_AND_SCHOOL_DAILY
1311,1,1,1,COMMON_USER_AND_SCHOOL_DAILY
1312,1,1,1,COMMON_USER_AND_SCHOOL_DAILY
1313,1,1,1,COMMON_USER_AND_SCHOOL_DAILY
1314,1,1,1,COMMON_USER_AND_SCHOOL_DAILY
1315,1,1,1,COMMON_USER_AND_SCHOOL_DAILY
1316,1,1,1,COMMON_USER_AND_SCHOOL_DAILY
1317,0,1,0,SCHOOL_DAILY_DIMENSION_ONLY_NO_CURRENT_USER
1318,1,1,1,COMMON_USER_AND_SCHOOL_DAILY
1319,0,1,0,SCHOOL_DAILY_DIMENSION_ONLY_NO_CURRENT_USER
1320,1,1,1,COMMON_USER_AND_SCHOOL_DAILY
1321,1,1,1,COMMON_USER_AND_SCHOOL_DAILY
1322,0,1,0,SCHOOL_DAILY_DIMENSION_ONLY_NO_CURRENT_USER
1323,1,1,1,COMMON_USER_AND_SCHOOL_DAILY
1324,1,1,1,COMMON_USER_AND_SCHOOL_DAILY
1325,1,1,1,COMMON_USER_AND_SCHOOL_DAILY
1326,1,1,1,COMMON_USER_AND_SCHOOL_DAILY
1327,1,1,1,COMMON_USER_AND_SCHOOL_DAILY
1328,1,1,1,COMMON_USER_AND_SCHOOL_DAILY
1329,0,1,0,SCHOOL_DAILY_DIMENSION_ONLY_NO_CURRENT_USER
1330,1,1,1,COMMON_USER_AND_SCHOOL_DAILY
1331,1,1,1,COMMON_USER_AND_SCHOOL_DAILY
1332,1,1,1,COMMON_USER_AND_SCHOOL_DAILY
1333,1,1,1,COMMON_USER_AND_SCHOOL_DAILY
1334,1,1,1,COMMON_USER_AND_SCHOOL_DAILY
1335,1,1,1,COMMON_USER_AND_SCHOOL_DAILY
1336,1,1,1,COMMON_USER_AND_SCHOOL_DAILY
1337,1,1,1,COMMON_USER_AND_SCHOOL_DAILY
1338,1,1,1,COMMON_USER_AND_SCHOOL_DAILY
1339,1,1,1,COMMON_USER_AND_SCHOOL_DAILY
1340,1,1,1,COMMON_USER_AND_SCHOOL_DAILY
1341,1,1,1,COMMON_USER_AND_SCHOOL_DAILY
1342,0,1,0,SCHOOL_DAILY_DIMENSION_ONLY_NO_CURRENT_USER
1343,1,1,1,COMMON_USER_AND_SCHOOL_DAILY
1344,1,1,1,COMMON_USER_AND_SCHOOL_DAILY
1345,1,1,1,COMMON_USER_AND_SCHOOL_DAILY
1346,1,1,1,COMMON_USER_AND_SCHOOL_DAILY
1347,1,1,1,COMMON_USER_AND_SCHOOL_DAILY
1348,1,1,1,COMMON_USER_AND_SCHOOL_DAILY
1349,1,1,1,COMMON_USER_AND_SCHOOL_DAILY
1350,1,1,1,COMMON_USER_AND_SCHOOL_DAILY
1351,0,1,0,SCHOOL_DAILY_DIMENSION_ONLY_NO_CURRENT_USER
1352,1,1,1,COMMON_USER_AND_SCHOOL_DAILY
1353,1,1,1,COMMON_USER_AND_SCHOOL_DAILY
1354,1,1,1,COMMON_USER_AND_SCHOOL_DAILY
1355,1,1,1,COMMON_USER_AND_SCHOOL_DAILY
1356,1,1,1,COMMON_USER_AND_SCHOOL_DAILY
1357,1,1,1,COMMON_USER_AND_SCHOOL_DAILY
1358,1,1,1,COMMON_USER_AND_SCHOOL_DAILY
1359,0,1,0,SCHOOL_DAILY_DIMENSION_ONLY_NO_CURRENT_USER
1360,1,1,1,COMMON_USER_AND_SCHOOL_DAILY
1361,1,1,1,COMMON_USER_AND_SCHOOL_DAILY
1362,1,1,1,COMMON_USER_AND_SCHOOL_DAILY
1363,1,1,1,COMMON_USER_AND_SCHOOL_DAILY
1364,1,1,1,COMMON_USER_AND_SCHOOL_DAILY
1365,1,1,1,COMMON_USER_AND_SCHOOL_DAILY
1366,1,1,1,COMMON_USER_AND_SCHOOL_DAILY
1367,0,1,0,SCHOOL_DAILY_DIMENSION_ONLY_NO_CURRENT_USER
1368,1,1,1,COMMON_USER_AND_SCHOOL_DAILY
1369,1,1,1,COMMON_USER_AND_SCHOOL_DAILY
1370,0,1,0,SCHOOL_DAILY_DIMENSION_ONLY_NO_CURRENT_USER
1371,0,1,0,SCHOOL_DAILY_DIMENSION_ONLY_NO_CURRENT_USER
1372,1,1,1,COMMON_USER_AND_SCHOOL_DAILY
1373,1,1,1,COMMON_USER_AND_SCHOOL_DAILY
1374,1,1,1,COMMON_USER_AND_SCHOOL_DAILY
1375,1,1,1,COMMON_USER_AND_SCHOOL_DAILY
1376,1,1,1,COMMON_USER_AND_SCHOOL_DAILY
1377,1,1,1,COMMON_USER_AND_SCHOOL_DAILY
1378,0,1,0,SCHOOL_DAILY_DIMENSION_ONLY_NO_CURRENT_USER
1379,1,1,1,COMMON_USER_AND_SCHOOL_DAILY
1380,1,1,1,COMMON_USER_AND_SCHOOL_DAILY
1381,1,1,1,COMMON_USER_AND_SCHOOL_DAILY
1382,1,1,1,COMMON_USER_AND_SCHOOL_DAILY
1383,1,1,1,COMMON_USER_AND_SCHOOL_DAILY
1384,1,1,1,COMMON_USER_AND_SCHOOL_DAILY
1385,1,1,1,COMMON_USER_AND_SCHOOL_DAILY
1386,1,1,1,COMMON_USER_AND_SCHOOL_DAILY
1387,1,1,1,COMMON_USER_AND_SCHOOL_DAILY
1388,1,1,1,COMMON_USER_AND_SCHOOL_DAILY
1389,1,1,1,COMMON_USER_AND_SCHOOL_DAILY
1390,1,1,1,COMMON_USER_AND_SCHOOL_DAILY
1391,1,1,1,COMMON_USER_AND_SCHOOL_DAILY
1392,1,1,1,COMMON_USER_AND_SCHOOL_DAILY
1393,1,1,1,COMMON_USER_AND_SCHOOL_DAILY
1394,1,1,1,COMMON_USER_AND_SCHOOL_DAILY
1395,1,1,1,COMMON_USER_AND_SCHOOL_DAILY
1396,1,1,1,COMMON_USER_AND_SCHOOL_DAILY
1397,1,1,1,COMMON_USER_AND_SCHOOL_DAILY
1398,1,1,1,COMMON_USER_AND_SCHOOL_DAILY
1399,1,1,1,COMMON_USER_AND_SCHOOL_DAILY
1400,1,1,1,COMMON_USER_AND_SCHOOL_DAILY
1401,1,1,1,COMMON_USER_AND_SCHOOL_DAILY
1402,1,1,1,COMMON_USER_AND_SCHOOL_DAILY
1403,1,1,1,COMMON_USER_AND_SCHOOL_DAILY
1404,1,1,1,COMMON_USER_AND_SCHOOL_DAILY
1405,1,1,1,COMMON_USER_AND_SCHOOL_DAILY
1406,1,1,1,COMMON_USER_AND_SCHOOL_DAILY
1407,1,1,1,COMMON_USER_AND_SCHOOL_DAILY
1408,1,1,1,COMMON_USER_AND_SCHOOL_DAILY
1409,1,1,1,COMMON_USER_AND_SCHOOL_DAILY
1410,1,1,1,COMMON_USER_AND_SCHOOL_DAILY
1411,1,1,1,COMMON_USER_AND_SCHOOL_DAILY
1412,1,1,1,COMMON_USER_AND_SCHOOL_DAILY
1413,1,1,1,COMMON_USER_AND_SCHOOL_DAILY
1414,1,1,1,COMMON_USER_AND_SCHOOL_DAILY
1415,1,1,1,COMMON_USER_AND_SCHOOL_DAILY
1416,1,1,1,COMMON_USER_AND_SCHOOL_DAILY
1417,1,1,1,COMMON_USER_AND_SCHOOL_DAILY
1418,0,1,0,SCHOOL_DAILY_DIMENSION_ONLY_NO_CURRENT_USER
1419,1,1,1,COMMON_USER_AND_SCHOOL_DAILY
1420,1,1,1,COMMON_USER_AND_SCHOOL_DAILY
1421,1,1,1,COMMON_USER_AND_SCHOOL_DAILY
1422,1,1,1,COMMON_USER_AND_SCHOOL_DAILY
1423,0,1,0,SCHOOL_DAILY_DIMENSION_ONLY_NO_CURRENT_USER
1424,1,1,1,COMMON_USER_AND_SCHOOL_DAILY
1425,0,1,0,SCHOOL_DAILY_DIMENSION_ONLY_NO_CURRENT_USER
1426,1,1,1,COMMON_USER_AND_SCHOOL_DAILY
1427,1,1,1,COMMON_USER_AND_SCHOOL_DAILY
1428,1,1,1,COMMON_USER_AND_SCHOOL_DAILY
1429,1,1,1,COMMON_USER_AND_SCHOOL_DAILY
1430,0,1,0,SCHOOL_DAILY_DIMENSION_ONLY_NO_CURRENT_USER
1431,1,1,1,COMMON_USER_AND_SCHOOL_DAILY
1432,1,1,1,COMMON_USER_AND_SCHOOL_DAILY
1433,1,1,1,COMMON_USER_AND_SCHOOL_DAILY
1434,1,1,1,COMMON_USER_AND_SCHOOL_DAILY
1435,1,1,1,COMMON_USER_AND_SCHOOL_DAILY
1436,1,1,1,COMMON_USER_AND_SCHOOL_DAILY
1437,1,1,1,COMMON_USER_AND_SCHOOL_DAILY
1438,1,1,1,COMMON_USER_AND_SCHOOL_DAILY
1439,1,1,1,COMMON_USER_AND_SCHOOL_DAILY
1440,1,1,1,COMMON_USER_AND_SCHOOL_DAILY
1441,1,1,1,COMMON_USER_AND_SCHOOL_DAILY
1442,1,1,1,COMMON_USER_AND_SCHOOL_DAILY
1443,1,1,1,COMMON_USER_AND_SCHOOL_DAILY
1444,1,1,1,COMMON_USER_AND_SCHOOL_DAILY
1445,1,1,1,COMMON_USER_AND_SCHOOL_DAILY
1446,1,1,1,COMMON_USER_AND_SCHOOL_DAILY
1447,1,1,1,COMMON_USER_AND_SCHOOL_DAILY
1448,1,1,1,COMMON_USER_AND_SCHOOL_DAILY
1449,1,1,1,COMMON_USER_AND_SCHOOL_DAILY
1450,1,1,1,COMMON_USER_AND_SCHOOL_DAILY
1451,1,1,1,COMMON_USER_AND_SCHOOL_DAILY
1452,1,1,1,COMMON_USER_AND_SCHOOL_DAILY
1453,1,1,1,COMMON_USER_AND_SCHOOL_DAILY
1454,1,1,1,COMMON_USER_AND_SCHOOL_DAILY
1455,1,1,1,COMMON_USER_AND_SCHOOL_DAILY
1456,1,1,1,COMMON_USER_AND_SCHOOL_DAILY
1457,1,1,1,COMMON_USER_AND_SCHOOL_DAILY
1458,1,1,1,COMMON_USER_AND_SCHOOL_DAILY
1459,1,1,1,COMMON_USER_AND_SCHOOL_DAILY
1460,1,1,1,COMMON_USER_AND_SCHOOL_DAILY
1461,1,1,1,COMMON_USER_AND_SCHOOL_DAILY
1462,1,1,1,COMMON_USER_AND_SCHOOL_DAILY
1463,1,1,1,COMMON_USER_AND_SCHOOL_DAILY
1464,1,1,1,COMMON_USER_AND_SCHOOL_DAILY
1465,1,1,1,COMMON_USER_AND_SCHOOL_DAILY
1466,1,1,1,COMMON_USER_AND_SCHOOL_DAILY
1467,1,1,1,COMMON_USER_AND_SCHOOL_DAILY
1468,1,1,1,COMMON_USER_AND_SCHOOL_DAILY
1469,1,1,1,COMMON_USER_AND_SCHOOL_DAILY
1470,1,1,1,COMMON_USER_AND_SCHOOL_DAILY
1471,1,1,1,COMMON_USER_AND_SCHOOL_DAILY
1472,1,1,1,COMMON_USER_AND_SCHOOL_DAILY
1473,1,1,1,COMMON_USER_AND_SCHOOL_DAILY
1474,1,1,1,COMMON_USER_AND_SCHOOL_DAILY
1475,1,1,1,COMMON_USER_AND_SCHOOL_DAILY
1476,1,1,1,COMMON_USER_AND_SCHOOL_DAILY
1477,1,1,1,COMMON_USER_AND_SCHOOL_DAILY
1478,1,1,1,COMMON_USER_AND_SCHOOL_DAILY
1479,1,1,1,COMMON_USER_AND_SCHOOL_DAILY
1480,1,1,1,COMMON_USER_AND_SCHOOL_DAILY
1481,1,1,1,COMMON_USER_AND_SCHOOL_DAILY
1482,1,1,1,COMMON_USER_AND_SCHOOL_DAILY
1483,1,1,1,COMMON_USER_AND_SCHOOL_DAILY
1484,1,1,1,COMMON_USER_AND_SCHOOL_DAILY
1485,1,1,1,COMMON_USER_AND_SCHOOL_DAILY
1486,1,1,1,COMMON_USER_AND_SCHOOL_DAILY
1487,1,1,1,COMMON_USER_AND_SCHOOL_DAILY
1488,1,1,1,COMMON_USER_AND_SCHOOL_DAILY
1489,1,1,1,COMMON_USER_AND_SCHOOL_DAILY
1490,1,1,1,COMMON_USER_AND_SCHOOL_DAILY
1491,1,1,1,COMMON_USER_AND_SCHOOL_DAILY
1492,1,1,1,COMMON_USER_AND_SCHOOL_DAILY
1493,1,1,1,COMMON_USER_AND_SCHOOL_DAILY
1494,1,1,1,COMMON_USER_AND_SCHOOL_DAILY
1495,1,1,1,COMMON_USER_AND_SCHOOL_DAILY
1496,1,1,1,COMMON_USER_AND_SCHOOL_DAILY
1497,0,1,0,SCHOOL_DAILY_DIMENSION_ONLY_NO_CURRENT_USER
1498,1,1,1,COMMON_USER_AND_SCHOOL_DAILY
1499,1,1,1,COMMON_USER_AND_SCHOOL_DAILY
1500,1,1,1,COMMON_USER_AND_SCHOOL_DAILY
1501,1,1,1,COMMON_USER_AND_SCHOOL_DAILY
1502,1,1,1,COMMON_USER_AND_SCHOOL_DAILY
1503,1,1,1,COMMON_USER_AND_SCHOOL_DAILY
1504,1,1,1,COMMON_USER_AND_SCHOOL_DAILY
1505,1,1,1,COMMON_USER_AND_SCHOOL_DAILY
1506,1,1,1,COMMON_USER_AND_SCHOOL_DAILY
1507,1,1,1,COMMON_USER_AND_SCHOOL_DAILY
1508,1,1,1,COMMON_USER_AND_SCHOOL_DAILY
1509,1,1,1,COMMON_USER_AND_SCHOOL_DAILY
1510,1,1,1,COMMON_USER_AND_SCHOOL_DAILY
1511,1,1,1,COMMON_USER_AND_SCHOOL_DAILY
1512,1,1,1,COMMON_USER_AND_SCHOOL_DAILY
1513,1,1,1,COMMON_USER_AND_SCHOOL_DAILY
1514,1,1,1,COMMON_USER_AND_SCHOOL_DAILY
1515,1,1,1,COMMON_USER_AND_SCHOOL_DAILY
1516,1,1,1,COMMON_USER_AND_SCHOOL_DAILY
1517,1,1,1,COMMON_USER_AND_SCHOOL_DAILY
1518,1,1,1,COMMON_USER_AND_SCHOOL_DAILY
1519,1,1,1,COMMON_USER_AND_SCHOOL_DAILY
1520,1,1,1,COMMON_USER_AND_SCHOOL_DAILY
1521,1,1,1,COMMON_USER_AND_SCHOOL_DAILY
1522,1,1,1,COMMON_USER_AND_SCHOOL_DAILY
1523,1,1,1,COMMON_USER_AND_SCHOOL_DAILY
1524,1,1,1,COMMON_USER_AND_SCHOOL_DAILY
1525,1,1,1,COMMON_USER_AND_SCHOOL_DAILY
1526,1,1,1,COMMON_USER_AND_SCHOOL_DAILY
1527,1,1,1,COMMON_USER_AND_SCHOOL_DAILY
1528,1,1,1,COMMON_USER_AND_SCHOOL_DAILY
1529,1,1,1,COMMON_USER_AND_SCHOOL_DAILY
1530,1,1,1,COMMON_USER_AND_SCHOOL_DAILY
1531,1,1,1,COMMON_USER_AND_SCHOOL_DAILY
1532,1,1,1,COMMON_USER_AND_SCHOOL_DAILY
1533,1,1,1,COMMON_USER_AND_SCHOOL_DAILY
1534,1,1,1,COMMON_USER_AND_SCHOOL_DAILY
1535,1,1,1,COMMON_USER_AND_SCHOOL_DAILY
1536,1,1,1,COMMON_USER_AND_SCHOOL_DAILY
1537,1,1,1,COMMON_USER_AND_SCHOOL_DAILY
1538,1,1,1,COMMON_USER_AND_SCHOOL_DAILY
1539,1,1,1,COMMON_USER_AND_SCHOOL_DAILY
1540,1,1,1,COMMON_USER_AND_SCHOOL_DAILY
1541,0,1,0,SCHOOL_DAILY_DIMENSION_ONLY_NO_CURRENT_USER
1542,1,1,1,COMMON_USER_AND_SCHOOL_DAILY
1543,0,1,0,SCHOOL_DAILY_DIMENSION_ONLY_NO_CURRENT_USER
1544,1,1,1,COMMON_USER_AND_SCHOOL_DAILY
1545,1,1,1,COMMON_USER_AND_SCHOOL_DAILY
1546,0,1,0,SCHOOL_DAILY_DIMENSION_ONLY_NO_CURRENT_USER
1547,1,1,1,COMMON_USER_AND_SCHOOL_DAILY
1548,0,1,0,SCHOOL_DAILY_DIMENSION_ONLY_NO_CURRENT_USER
1549,1,1,1,COMMON_USER_AND_SCHOOL_DAILY
1550,1,1,1,COMMON_USER_AND_SCHOOL_DAILY
1551,1,1,1,COMMON_USER_AND_SCHOOL_DAILY
1552,1,1,1,COMMON_USER_AND_SCHOOL_DAILY
1553,1,1,1,COMMON_USER_AND_SCHOOL_DAILY
1554,1,1,1,COMMON_USER_AND_SCHOOL_DAILY
1555,1,1,1,COMMON_USER_AND_SCHOOL_DAILY
1556,1,1,1,COMMON_USER_AND_SCHOOL_DAILY
1557,1,1,1,COMMON_USER_AND_SCHOOL_DAILY
1558,0,1,0,SCHOOL_DAILY_DIMENSION_ONLY_NO_CURRENT_USER
1559,1,1,1,COMMON_USER_AND_SCHOOL_DAILY
1560,1,1,1,COMMON_USER_AND_SCHOOL_DAILY
1561,1,1,1,COMMON_USER_AND_SCHOOL_DAILY
1562,1,1,1,COMMON_USER_AND_SCHOOL_DAILY
1563,0,1,0,SCHOOL_DAILY_DIMENSION_ONLY_NO_CURRENT_USER
1564,1,1,1,COMMON_USER_AND_SCHOOL_DAILY
1565,1,1,1,COMMON_USER_AND_SCHOOL_DAILY
1566,1,1,1,COMMON_USER_AND_SCHOOL_DAILY
1567,1,1,1,COMMON_USER_AND_SCHOOL_DAILY
1568,1,1,1,COMMON_USER_AND_SCHOOL_DAILY
1569,1,1,1,COMMON_USER_AND_SCHOOL_DAILY
1570,1,1,1,COMMON_USER_AND_SCHOOL_DAILY
1571,1,1,1,COMMON_USER_AND_SCHOOL_DAILY
1572,1,1,1,COMMON_USER_AND_SCHOOL_DAILY
1573,1,1,1,COMMON_USER_AND_SCHOOL_DAILY
1574,1,1,1,COMMON_USER_AND_SCHOOL_DAILY
1575,1,1,1,COMMON_USER_AND_SCHOOL_DAILY
1576,1,1,1,COMMON_USER_AND_SCHOOL_DAILY
1577,1,1,1,COMMON_USER_AND_SCHOOL_DAILY
1578,1,1,1,COMMON_USER_AND_SCHOOL_DAILY
1579,1,1,1,COMMON_USER_AND_SCHOOL_DAILY
1580,1,1,1,COMMON_USER_AND_SCHOOL_DAILY
1581,1,1,1,COMMON_USER_AND_SCHOOL_DAILY
1582,1,1,1,COMMON_USER_AND_SCHOOL_DAILY
1583,1,1,1,COMMON_USER_AND_SCHOOL_DAILY
1584,1,1,1,COMMON_USER_AND_SCHOOL_DAILY
1585,1,1,1,COMMON_USER_AND_SCHOOL_DAILY
1586,1,1,1,COMMON_USER_AND_SCHOOL_DAILY
1587,1,1,1,COMMON_USER_AND_SCHOOL_DAILY
1588,1,1,1,COMMON_USER_AND_SCHOOL_DAILY
1589,1,1,1,COMMON_USER_AND_SCHOOL_DAILY
1590,1,1,1,COMMON_USER_AND_SCHOOL_DAILY
1591,1,1,1,COMMON_USER_AND_SCHOOL_DAILY
1592,1,1,1,COMMON_USER_AND_SCHOOL_DAILY
1593,0,1,0,SCHOOL_DAILY_DIMENSION_ONLY_NO_CURRENT_USER
1594,1,1,1,COMMON_USER_AND_SCHOOL_DAILY
1595,1,1,1,COMMON_USER_AND_SCHOOL_DAILY
1596,1,1,1,COMMON_USER_AND_SCHOOL_DAILY
1597,1,1,1,COMMON_USER_AND_SCHOOL_DAILY
1598,1,1,1,COMMON_USER_AND_SCHOOL_DAILY
1599,1,1,1,COMMON_USER_AND_SCHOOL_DAILY
1600,1,1,1,COMMON_USER_AND_SCHOOL_DAILY
1601,1,1,1,COMMON_USER_AND_SCHOOL_DAILY
1602,1,1,1,COMMON_USER_AND_SCHOOL_DAILY
1603,1,1,1,COMMON_USER_AND_SCHOOL_DAILY
1604,1,1,1,COMMON_USER_AND_SCHOOL_DAILY
1605,1,1,1,COMMON_USER_AND_SCHOOL_DAILY
1606,1,1,1,COMMON_USER_AND_SCHOOL_DAILY
1607,1,1,1,COMMON_USER_AND_SCHOOL_DAILY
1608,1,1,1,COMMON_USER_AND_SCHOOL_DAILY
1609,1,1,1,COMMON_USER_AND_SCHOOL_DAILY
1610,1,1,1,COMMON_USER_AND_SCHOOL_DAILY
1611,1,1,1,COMMON_USER_AND_SCHOOL_DAILY
1612,1,1,1,COMMON_USER_AND_SCHOOL_DAILY
1613,1,1,1,COMMON_USER_AND_SCHOOL_DAILY
1614,1,1,1,COMMON_USER_AND_SCHOOL_DAILY
1615,1,1,1,COMMON_USER_AND_SCHOOL_DAILY
1616,1,1,1,COMMON_USER_AND_SCHOOL_DAILY
1617,1,1,1,COMMON_USER_AND_SCHOOL_DAILY
1618,1,1,1,COMMON_USER_AND_SCHOOL_DAILY
1619,1,1,1,COMMON_USER_AND_SCHOOL_DAILY
1620,1,1,1,COMMON_USER_AND_SCHOOL_DAILY
1621,0,1,0,SCHOOL_DAILY_DIMENSION_ONLY_NO_CURRENT_USER
1622,1,1,1,COMMON_USER_AND_SCHOOL_DAILY
1623,1,1,1,COMMON_USER_AND_SCHOOL_DAILY
1624,1,1,1,COMMON_USER_AND_SCHOOL_DAILY
1625,1,1,1,COMMON_USER_AND_SCHOOL_DAILY
1626,1,1,1,COMMON_USER_AND_SCHOOL_DAILY
1627,1,1,1,COMMON_USER_AND_SCHOOL_DAILY
1628,1,1,1,COMMON_USER_AND_SCHOOL_DAILY
1629,1,1,1,COMMON_USER_AND_SCHOOL_DAILY
1630,1,1,1,COMMON_USER_AND_SCHOOL_DAILY
1631,1,1,1,COMMON_USER_AND_SCHOOL_DAILY
1632,1,1,1,COMMON_USER_AND_SCHOOL_DAILY
1633,1,1,1,COMMON_USER_AND_SCHOOL_DAILY
1634,1,1,1,COMMON_USER_AND_SCHOOL_DAILY
1635,1,1,1,COMMON_USER_AND_SCHOOL_DAILY
1636,1,1,1,COMMON_USER_AND_SCHOOL_DAILY
1637,1,1,1,COMMON_USER_AND_SCHOOL_DAILY
1638,1,1,1,COMMON_USER_AND_SCHOOL_DAILY
1639,0,1,0,SCHOOL_DAILY_DIMENSION_ONLY_NO_CURRENT_USER
1640,1,1,1,COMMON_USER_AND_SCHOOL_DAILY
1641,1,1,1,COMMON_USER_AND_SCHOOL_DAILY
1642,1,1,1,COMMON_USER_AND_SCHOOL_DAILY
1643,1,1,1,COMMON_USER_AND_SCHOOL_DAILY
1644,1,1,1,COMMON_USER_AND_SCHOOL_DAILY
1645,1,1,1,COMMON_USER_AND_SCHOOL_DAILY
1646,1,1,1,COMMON_USER_AND_SCHOOL_DAILY
1647,1,1,1,COMMON_USER_AND_SCHOOL_DAILY
1648,1,1,1,COMMON_USER_AND_SCHOOL_DAILY
1649,1,1,1,COMMON_USER_AND_SCHOOL_DAILY
1650,1,1,1,COMMON_USER_AND_SCHOOL_DAILY
1651,1,1,1,COMMON_USER_AND_SCHOOL_DAILY
1652,1,1,1,COMMON_USER_AND_SCHOOL_DAILY
1653,1,1,1,COMMON_USER_AND_SCHOOL_DAILY
1654,1,1,1,COMMON_USER_AND_SCHOOL_DAILY
1655,1,1,1,COMMON_USER_AND_SCHOOL_DAILY
1656,1,1,1,COMMON_USER_AND_SCHOOL_DAILY
1657,1,1,1,COMMON_USER_AND_SCHOOL_DAILY
1658,0,1,0,SCHOOL_DAILY_DIMENSION_ONLY_NO_CURRENT_USER
1659,1,1,1,COMMON_USER_AND_SCHOOL_DAILY
1660,1,1,1,COMMON_USER_AND_SCHOOL_DAILY
1661,0,1,0,SCHOOL_DAILY_DIMENSION_ONLY_NO_CURRENT_USER
1662,0,1,0,SCHOOL_DAILY_DIMENSION_ONLY_NO_CURRENT_USER
1663,1,1,1,COMMON_USER_AND_SCHOOL_DAILY
1664,1,1,1,COMMON_USER_AND_SCHOOL_DAILY
1665,1,1,1,COMMON_USER_AND_SCHOOL_DAILY
1666,1,1,1,COMMON_USER_AND_SCHOOL_DAILY
1667,1,1,1,COMMON_USER_AND_SCHOOL_DAILY
1668,1,1,1,COMMON_USER_AND_SCHOOL_DAILY
1669,1,1,1,COMMON_USER_AND_SCHOOL_DAILY
1670,1,1,1,COMMON_USER_AND_SCHOOL_DAILY
1671,1,1,1,COMMON_USER_AND_SCHOOL_DAILY
1672,1,1,1,COMMON_USER_AND_SCHOOL_DAILY
1673,1,1,1,COMMON_USER_AND_SCHOOL_DAILY
1674,1,1,1,COMMON_USER_AND_SCHOOL_DAILY
1675,1,1,1,COMMON_USER_AND_SCHOOL_DAILY
1676,1,1,1,COMMON_USER_AND_SCHOOL_DAILY
1677,1,1,1,COMMON_USER_AND_SCHOOL_DAILY
1678,1,1,1,COMMON_USER_AND_SCHOOL_DAILY
1679,1,1,1,COMMON_USER_AND_SCHOOL_DAILY
1680,1,1,1,COMMON_USER_AND_SCHOOL_DAILY
1681,1,1,1,COMMON_USER_AND_SCHOOL_DAILY
1682,1,1,1,COMMON_USER_AND_SCHOOL_DAILY
1683,1,1,1,COMMON_USER_AND_SCHOOL_DAILY
1684,1,1,1,COMMON_USER_AND_SCHOOL_DAILY
1685,1,1,1,COMMON_USER_AND_SCHOOL_DAILY
1686,1,1,1,COMMON_USER_AND_SCHOOL_DAILY
1687,0,1,0,SCHOOL_DAILY_DIMENSION_ONLY_NO_CURRENT_USER
1688,1,1,1,COMMON_USER_AND_SCHOOL_DAILY
1689,1,1,1,COMMON_USER_AND_SCHOOL_DAILY
1690,1,1,1,COMMON_USER_AND_SCHOOL_DAILY
1691,1,1,1,COMMON_USER_AND_SCHOOL_DAILY
1692,1,1,1,COMMON_USER_AND_SCHOOL_DAILY
1693,1,1,1,COMMON_USER_AND_SCHOOL_DAILY
1694,1,1,1,COMMON_USER_AND_SCHOOL_DAILY
1695,1,1,1,COMMON_USER_AND_SCHOOL_DAILY
1696,1,1,1,COMMON_USER_AND_SCHOOL_DAILY
1697,1,1,1,COMMON_USER_AND_SCHOOL_DAILY
1698,1,1,1,COMMON_USER_AND_SCHOOL_DAILY
1699,1,1,1,COMMON_USER_AND_SCHOOL_DAILY
1700,1,1,1,COMMON_USER_AND_SCHOOL_DAILY
1701,1,1,1,COMMON_USER_AND_SCHOOL_DAILY
1702,1,1,1,COMMON_USER_AND_SCHOOL_DAILY
1703,1,1,1,COMMON_USER_AND_SCHOOL_DAILY
1704,1,1,1,COMMON_USER_AND_SCHOOL_DAILY
1705,0,1,0,SCHOOL_DAILY_DIMENSION_ONLY_NO_CURRENT_USER
1706,1,1,1,COMMON_USER_AND_SCHOOL_DAILY
1707,1,1,1,COMMON_USER_AND_SCHOOL_DAILY
1708,1,1,1,COMMON_USER_AND_SCHOOL_DAILY
1709,1,1,1,COMMON_USER_AND_SCHOOL_DAILY
1710,1,1,1,COMMON_USER_AND_SCHOOL_DAILY
1711,1,1,1,COMMON_USER_AND_SCHOOL_DAILY
1712,1,1,1,COMMON_USER_AND_SCHOOL_DAILY
1713,1,1,1,COMMON_USER_AND_SCHOOL_DAILY
1714,1,1,1,COMMON_USER_AND_SCHOOL_DAILY
1715,1,1,1,COMMON_USER_AND_SCHOOL_DAILY
1716,1,1,1,COMMON_USER_AND_SCHOOL_DAILY
1717,1,1,1,COMMON_USER_AND_SCHOOL_DAILY
1718,1,1,1,COMMON_USER_AND_SCHOOL_DAILY
1719,1,1,1,COMMON_USER_AND_SCHOOL_DAILY
1720,1,1,1,COMMON_USER_AND_SCHOOL_DAILY
1721,1,1,1,COMMON_USER_AND_SCHOOL_DAILY
1722,1,1,1,COMMON_USER_AND_SCHOOL_DAILY
1723,1,1,1,COMMON_USER_AND_SCHOOL_DAILY
1724,1,1,1,COMMON_USER_AND_SCHOOL_DAILY
1725,1,1,1,COMMON_USER_AND_SCHOOL_DAILY
1726,1,1,1,COMMON_USER_AND_SCHOOL_DAILY
1727,1,1,1,COMMON_USER_AND_SCHOOL_DAILY
1728,1,1,1,COMMON_USER_AND_SCHOOL_DAILY
1729,1,1,1,COMMON_USER_AND_SCHOOL_DAILY
1730,1,1,1,COMMON_USER_AND_SCHOOL_DAILY
1731,1,1,1,COMMON_USER_AND_SCHOOL_DAILY
1732,1,1,1,COMMON_USER_AND_SCHOOL_DAILY
1733,1,1,1,COMMON_USER_AND_SCHOOL_DAILY
1734,1,1,1,COMMON_USER_AND_SCHOOL_DAILY
1735,1,1,1,COMMON_USER_AND_SCHOOL_DAILY
1736,1,1,1,COMMON_USER_AND_SCHOOL_DAILY
1737,1,1,1,COMMON_USER_AND_SCHOOL_DAILY
1738,1,1,1,COMMON_USER_AND_SCHOOL_DAILY
1739,1,1,1,COMMON_USER_AND_SCHOOL_DAILY
1740,1,1,1,COMMON_USER_AND_SCHOOL_DAILY
1741,1,1,1,COMMON_USER_AND_SCHOOL_DAILY
1742,1,1,1,COMMON_USER_AND_SCHOOL_DAILY
1743,1,1,1,COMMON_USER_AND_SCHOOL_DAILY
1744,1,1,1,COMMON_USER_AND_SCHOOL_DAILY
1745,0,1,0,SCHOOL_DAILY_DIMENSION_ONLY_NO_CURRENT_USER
1746,1,1,1,COMMON_USER_AND_SCHOOL_DAILY
1747,1,1,1,COMMON_USER_AND_SCHOOL_DAILY
1748,1,1,1,COMMON_USER_AND_SCHOOL_DAILY
1749,1,1,1,COMMON_USER_AND_SCHOOL_DAILY
1750,0,1,0,SCHOOL_DAILY_DIMENSION_ONLY_NO_CURRENT_USER
1751,1,1,1,COMMON_USER_AND_SCHOOL_DAILY
1752,1,1,1,COMMON_USER_AND_SCHOOL_DAILY
1753,1,1,1,COMMON_USER_AND_SCHOOL_DAILY
1754,1,1,1,COMMON_USER_AND_SCHOOL_DAILY
1755,1,1,1,COMMON_USER_AND_SCHOOL_DAILY
1756,1,1,1,COMMON_USER_AND_SCHOOL_DAILY
1757,1,1,1,COMMON_USER_AND_SCHOOL_DAILY
1758,1,1,1,COMMON_USER_AND_SCHOOL_DAILY
1759,1,1,1,COMMON_USER_AND_SCHOOL_DAILY
1760,1,1,1,COMMON_USER_AND_SCHOOL_DAILY
1761,1,1,1,COMMON_USER_AND_SCHOOL_DAILY
1762,1,1,1,COMMON_USER_AND_SCHOOL_DAILY
1763,1,1,1,COMMON_USER_AND_SCHOOL_DAILY
1764,1,1,1,COMMON_USER_AND_SCHOOL_DAILY
1765,1,1,1,COMMON_USER_AND_SCHOOL_DAILY
1766,1,1,1,COMMON_USER_AND_SCHOOL_DAILY
1767,1,1,1,COMMON_USER_AND_SCHOOL_DAILY
1768,1,1,1,COMMON_USER_AND_SCHOOL_DAILY
1769,1,1,1,COMMON_USER_AND_SCHOOL_DAILY
1770,1,1,1,COMMON_USER_AND_SCHOOL_DAILY
1771,1,1,1,COMMON_USER_AND_SCHOOL_DAILY
1772,1,1,1,COMMON_USER_AND_SCHOOL_DAILY
1773,1,1,1,COMMON_USER_AND_SCHOOL_DAILY
1774,1,1,1,COMMON_USER_AND_SCHOOL_DAILY
1775,1,1,1,COMMON_USER_AND_SCHOOL_DAILY
1776,1,1,1,COMMON_USER_AND_SCHOOL_DAILY
1777,1,1,1,COMMON_USER_AND_SCHOOL_DAILY
1778,1,1,1,COMMON_USER_AND_SCHOOL_DAILY
1779,1,1,1,COMMON_USER_AND_SCHOOL_DAILY
1780,1,1,1,COMMON_USER_AND_SCHOOL_DAILY
1781,1,1,1,COMMON_USER_AND_SCHOOL_DAILY
1782,1,1,1,COMMON_USER_AND_SCHOOL_DAILY
1783,1,1,1,COMMON_USER_AND_SCHOOL_DAILY
1784,1,1,1,COMMON_USER_AND_SCHOOL_DAILY
1785,1,1,1,COMMON_USER_AND_SCHOOL_DAILY
1786,1,1,1,COMMON_USER_AND_SCHOOL_DAILY
1787,1,1,1,COMMON_USER_AND_SCHOOL_DAILY
1788,1,1,1,COMMON_USER_AND_SCHOOL_DAILY
1789,1,1,1,COMMON_USER_AND_SCHOOL_DAILY
1790,0,1,0,SCHOOL_DAILY_DIMENSION_ONLY_NO_CURRENT_USER
1791,1,1,1,COMMON_USER_AND_SCHOOL_DAILY
1792,1,1,1,COMMON_USER_AND_SCHOOL_DAILY
1793,1,1,1,COMMON_USER_AND_SCHOOL_DAILY
1794,1,1,1,COMMON_USER_AND_SCHOOL_DAILY
1795,1,1,1,COMMON_USER_AND_SCHOOL_DAILY
1796,1,1,1,COMMON_USER_AND_SCHOOL_DAILY
1797,1,1,1,COMMON_USER_AND_SCHOOL_DAILY
1798,1,1,1,COMMON_USER_AND_SCHOOL_DAILY
1799,1,1,1,COMMON_USER_AND_SCHOOL_DAILY
1800,1,1,1,COMMON_USER_AND_SCHOOL_DAILY
1801,1,1,1,COMMON_USER_AND_SCHOOL_DAILY
1802,1,1,1,COMMON_USER_AND_SCHOOL_DAILY
1803,1,1,1,COMMON_USER_AND_SCHOOL_DAILY
1804,1,1,1,COMMON_USER_AND_SCHOOL_DAILY
1805,1,1,1,COMMON_USER_AND_SCHOOL_DAILY
1806,1,1,1,COMMON_USER_AND_SCHOOL_DAILY
1807,1,1,1,COMMON_USER_AND_SCHOOL_DAILY
1808,1,1,1,COMMON_USER_AND_SCHOOL_DAILY
1809,1,1,1,COMMON_USER_AND_SCHOOL_DAILY
1810,1,1,1,COMMON_USER_AND_SCHOOL_DAILY
1811,1,1,1,COMMON_USER_AND_SCHOOL_DAILY
1812,1,1,1,COMMON_USER_AND_SCHOOL_DAILY
1813,1,1,1,COMMON_USER_AND_SCHOOL_DAILY
1814,1,1,1,COMMON_USER_AND_SCHOOL_DAILY
1815,1,1,1,COMMON_USER_AND_SCHOOL_DAILY
1816,1,1,1,COMMON_USER_AND_SCHOOL_DAILY
1817,1,1,1,COMMON_USER_AND_SCHOOL_DAILY
1818,1,1,1,COMMON_USER_AND_SCHOOL_DAILY
1819,1,1,1,COMMON_USER_AND_SCHOOL_DAILY
1820,1,1,1,COMMON_USER_AND_SCHOOL_DAILY
1821,1,1,1,COMMON_USER_AND_SCHOOL_DAILY
1822,1,1,1,COMMON_USER_AND_SCHOOL_DAILY
1823,1,1,1,COMMON_USER_AND_SCHOOL_DAILY
1824,1,1,1,COMMON_USER_AND_SCHOOL_DAILY
1825,0,1,0,SCHOOL_DAILY_DIMENSION_ONLY_NO_CURRENT_USER
1826,1,1,1,COMMON_USER_AND_SCHOOL_DAILY
1827,1,1,1,COMMON_USER_AND_SCHOOL_DAILY
1828,1,1,1,COMMON_USER_AND_SCHOOL_DAILY
1829,1,1,1,COMMON_USER_AND_SCHOOL_DAILY
1830,1,1,1,COMMON_USER_AND_SCHOOL_DAILY
1831,1,1,1,COMMON_USER_AND_SCHOOL_DAILY
1832,1,1,1,COMMON_USER_AND_SCHOOL_DAILY
1833,1,1,1,COMMON_USER_AND_SCHOOL_DAILY
1834,1,1,1,COMMON_USER_AND_SCHOOL_DAILY
1835,1,1,1,COMMON_USER_AND_SCHOOL_DAILY
1836,1,1,1,COMMON_USER_AND_SCHOOL_DAILY
1837,1,1,1,COMMON_USER_AND_SCHOOL_DAILY
1838,1,1,1,COMMON_USER_AND_SCHOOL_DAILY
1839,1,1,1,COMMON_USER_AND_SCHOOL_DAILY
1840,1,1,1,COMMON_USER_AND_SCHOOL_DAILY
1841,1,1,1,COMMON_USER_AND_SCHOOL_DAILY
1842,1,1,1,COMMON_USER_AND_SCHOOL_DAILY
1843,1,1,1,COMMON_USER_AND_SCHOOL_DAILY
1844,1,1,1,COMMON_USER_AND_SCHOOL_DAILY
1845,1,1,1,COMMON_USER_AND_SCHOOL_DAILY
1846,1,1,1,COMMON_USER_AND_SCHOOL_DAILY
1847,1,1,1,COMMON_USER_AND_SCHOOL_DAILY
1848,1,1,1,COMMON_USER_AND_SCHOOL_DAILY
1849,1,1,1,COMMON_USER_AND_SCHOOL_DAILY
1850,1,1,1,COMMON_USER_AND_SCHOOL_DAILY
1851,1,1,1,COMMON_USER_AND_SCHOOL_DAILY
1852,1,1,1,COMMON_USER_AND_SCHOOL_DAILY
1853,1,1,1,COMMON_USER_AND_SCHOOL_DAILY
1854,1,1,1,COMMON_USER_AND_SCHOOL_DAILY
1855,1,1,1,COMMON_USER_AND_SCHOOL_DAILY
1856,1,1,1,COMMON_USER_AND_SCHOOL_DAILY
1857,1,1,1,COMMON_USER_AND_SCHOOL_DAILY
1858,1,1,1,COMMON_USER_AND_SCHOOL_DAILY
1859,1,1,1,COMMON_USER_AND_SCHOOL_DAILY
1860,1,1,1,COMMON_USER_AND_SCHOOL_DAILY
1861,1,1,1,COMMON_USER_AND_SCHOOL_DAILY
1862,1,1,1,COMMON_USER_AND_SCHOOL_DAILY
1863,1,1,1,COMMON_USER_AND_SCHOOL_DAILY
1864,1,1,1,COMMON_USER_AND_SCHOOL_DAILY
1865,1,1,1,COMMON_USER_AND_SCHOOL_DAILY
1866,1,1,1,COMMON_USER_AND_SCHOOL_DAILY
1867,1,1,1,COMMON_USER_AND_SCHOOL_DAILY
1868,1,1,1,COMMON_USER_AND_SCHOOL_DAILY
1869,1,1,1,COMMON_USER_AND_SCHOOL_DAILY
1870,1,1,1,COMMON_USER_AND_SCHOOL_DAILY
1871,1,1,1,COMMON_USER_AND_SCHOOL_DAILY
1872,1,1,1,COMMON_USER_AND_SCHOOL_DAILY
1873,1,1,1,COMMON_USER_AND_SCHOOL_DAILY
1874,1,1,1,COMMON_USER_AND_SCHOOL_DAILY
1875,1,1,1,COMMON_USER_AND_SCHOOL_DAILY
1876,1,1,1,COMMON_USER_AND_SCHOOL_DAILY
1877,1,1,1,COMMON_USER_AND_SCHOOL_DAILY
1878,1,1,1,COMMON_USER_AND_SCHOOL_DAILY
1879,1,1,1,COMMON_USER_AND_SCHOOL_DAILY
1880,1,1,1,COMMON_USER_AND_SCHOOL_DAILY
1881,1,1,1,COMMON_USER_AND_SCHOOL_DAILY
1882,1,1,1,COMMON_USER_AND_SCHOOL_DAILY
1883,1,1,1,COMMON_USER_AND_SCHOOL_DAILY
1884,1,1,1,COMMON_USER_AND_SCHOOL_DAILY
1885,1,1,1,COMMON_USER_AND_SCHOOL_DAILY
1886,1,1,1,COMMON_USER_AND_SCHOOL_DAILY
1887,1,1,1,COMMON_USER_AND_SCHOOL_DAILY
1888,1,1,1,COMMON_USER_AND_SCHOOL_DAILY
1889,1,1,1,COMMON_USER_AND_SCHOOL_DAILY
1890,1,1,1,COMMON_USER_AND_SCHOOL_DAILY
1891,1,1,1,COMMON_USER_AND_SCHOOL_DAILY
1892,1,1,1,COMMON_USER_AND_SCHOOL_DAILY
1893,1,1,1,COMMON_USER_AND_SCHOOL_DAILY
1894,1,1,1,COMMON_USER_AND_SCHOOL_DAILY
1895,1,1,1,COMMON_USER_AND_SCHOOL_DAILY
1896,1,1,1,COMMON_USER_AND_SCHOOL_DAILY
1897,1,1,1,COMMON_USER_AND_SCHOOL_DAILY
1898,1,1,1,COMMON_USER_AND_SCHOOL_DAILY
1899,1,1,1,COMMON_USER_AND_SCHOOL_DAILY
1900,1,1,1,COMMON_USER_AND_SCHOOL_DAILY
1901,1,1,1,COMMON_USER_AND_SCHOOL_DAILY
1902,1,1,1,COMMON_USER_AND_SCHOOL_DAILY
1903,1,1,1,COMMON_USER_AND_SCHOOL_DAILY
1904,1,1,1,COMMON_USER_AND_SCHOOL_DAILY
1905,1,1,1,COMMON_USER_AND_SCHOOL_DAILY
1906,1,1,1,COMMON_USER_AND_SCHOOL_DAILY
1907,1,1,1,COMMON_USER_AND_SCHOOL_DAILY
1908,1,1,1,COMMON_USER_AND_SCHOOL_DAILY
1909,1,1,1,COMMON_USER_AND_SCHOOL_DAILY
1910,1,1,1,COMMON_USER_AND_SCHOOL_DAILY
1911,1,1,1,COMMON_USER_AND_SCHOOL_DAILY
1912,1,1,1,COMMON_USER_AND_SCHOOL_DAILY
1913,1,1,1,COMMON_USER_AND_SCHOOL_DAILY
1914,1,1,1,COMMON_USER_AND_SCHOOL_DAILY
1915,1,1,1,COMMON_USER_AND_SCHOOL_DAILY
1916,1,1,1,COMMON_USER_AND_SCHOOL_DAILY
1917,1,1,1,COMMON_USER_AND_SCHOOL_DAILY
1918,1,1,1,COMMON_USER_AND_SCHOOL_DAILY
1919,0,1,0,SCHOOL_DAILY_DIMENSION_ONLY_NO_CURRENT_USER
1920,1,1,1,COMMON_USER_AND_SCHOOL_DAILY
1921,1,1,1,COMMON_USER_AND_SCHOOL_DAILY
1922,1,1,1,COMMON_USER_AND_SCHOOL_DAILY
1923,1,1,1,COMMON_USER_AND_SCHOOL_DAILY
1924,1,1,1,COMMON_USER_AND_SCHOOL_DAILY
1925,1,1,1,COMMON_USER_AND_SCHOOL_DAILY
1926,1,1,1,COMMON_USER_AND_SCHOOL_DAILY
1927,1,1,1,COMMON_USER_AND_SCHOOL_DAILY
1928,1,1,1,COMMON_USER_AND_SCHOOL_DAILY
1929,1,1,1,COMMON_USER_AND_SCHOOL_DAILY
1930,1,1,1,COMMON_USER_AND_SCHOOL_DAILY
1931,1,1,1,COMMON_USER_AND_SCHOOL_DAILY
1932,1,1,1,COMMON_USER_AND_SCHOOL_DAILY
1933,1,1,1,COMMON_USER_AND_SCHOOL_DAILY
1934,1,1,1,COMMON_USER_AND_SCHOOL_DAILY
1935,1,1,1,COMMON_USER_AND_SCHOOL_DAILY
1936,1,1,1,COMMON_USER_AND_SCHOOL_DAILY
1937,1,1,1,COMMON_USER_AND_SCHOOL_DAILY
1938,1,1,1,COMMON_USER_AND_SCHOOL_DAILY
1939,1,1,1,COMMON_USER_AND_SCHOOL_DAILY
1940,1,1,1,COMMON_USER_AND_SCHOOL_DAILY
1941,1,1,1,COMMON_USER_AND_SCHOOL_DAILY
1942,1,1,1,COMMON_USER_AND_SCHOOL_DAILY
1943,1,1,1,COMMON_USER_AND_SCHOOL_DAILY
1944,1,1,1,COMMON_USER_AND_SCHOOL_DAILY
1945,1,1,1,COMMON_USER_AND_SCHOOL_DAILY
1946,1,1,1,COMMON_USER_AND_SCHOOL_DAILY
1947,1,1,1,COMMON_USER_AND_SCHOOL_DAILY
1948,1,1,1,COMMON_USER_AND_SCHOOL_DAILY
1949,1,1,1,COMMON_USER_AND_SCHOOL_DAILY
1950,1,1,1,COMMON_USER_AND_SCHOOL_DAILY
1951,1,1,1,COMMON_USER_AND_SCHOOL_DAILY
1952,1,1,1,COMMON_USER_AND_SCHOOL_DAILY
1953,1,1,1,COMMON_USER_AND_SCHOOL_DAILY
1954,1,1,1,COMMON_USER_AND_SCHOOL_DAILY
1955,1,1,1,COMMON_USER_AND_SCHOOL_DAILY
1956,1,1,1,COMMON_USER_AND_SCHOOL_DAILY
1957,1,1,1,COMMON_USER_AND_SCHOOL_DAILY
1958,1,1,1,COMMON_USER_AND_SCHOOL_DAILY
1959,0,1,0,SCHOOL_DAILY_DIMENSION_ONLY_NO_CURRENT_USER
1960,1,1,1,COMMON_USER_AND_SCHOOL_DAILY
1961,1,1,1,COMMON_USER_AND_SCHOOL_DAILY
1962,1,1,1,COMMON_USER_AND_SCHOOL_DAILY
1963,1,1,1,COMMON_USER_AND_SCHOOL_DAILY
1964,1,1,1,COMMON_USER_AND_SCHOOL_DAILY
1965,1,1,1,COMMON_USER_AND_SCHOOL_DAILY
1966,1,1,1,COMMON_USER_AND_SCHOOL_DAILY
1967,1,1,1,COMMON_USER_AND_SCHOOL_DAILY
1968,1,1,1,COMMON_USER_AND_SCHOOL_DAILY
1969,1,1,1,COMMON_USER_AND_SCHOOL_DAILY
1970,1,1,1,COMMON_USER_AND_SCHOOL_DAILY
1971,1,1,1,COMMON_USER_AND_SCHOOL_DAILY
1972,1,1,1,COMMON_USER_AND_SCHOOL_DAILY
1973,1,1,1,COMMON_USER_AND_SCHOOL_DAILY
1974,1,1,1,COMMON_USER_AND_SCHOOL_DAILY
1975,1,1,1,COMMON_USER_AND_SCHOOL_DAILY
1976,1,1,1,COMMON_USER_AND_SCHOOL_DAILY
1977,1,1,1,COMMON_USER_AND_SCHOOL_DAILY
1978,1,1,1,COMMON_USER_AND_SCHOOL_DAILY
1979,1,1,1,COMMON_USER_AND_SCHOOL_DAILY
1980,1,1,1,COMMON_USER_AND_SCHOOL_DAILY
1981,1,1,1,COMMON_USER_AND_SCHOOL_DAILY
1982,1,1,1,COMMON_USER_AND_SCHOOL_DAILY
1983,1,1,1,COMMON_USER_AND_SCHOOL_DAILY
1984,1,1,1,COMMON_USER_AND_SCHOOL_DAILY
1985,1,1,1,COMMON_USER_AND_SCHOOL_DAILY
1986,1,1,1,COMMON_USER_AND_SCHOOL_DAILY
1987,1,1,1,COMMON_USER_AND_SCHOOL_DAILY
1988,0,1,0,SCHOOL_DAILY_DIMENSION_ONLY_NO_CURRENT_USER
1989,1,1,1,COMMON_USER_AND_SCHOOL_DAILY
1990,1,1,1,COMMON_USER_AND_SCHOOL_DAILY
1991,1,1,1,COMMON_USER_AND_SCHOOL_DAILY
1992,1,1,1,COMMON_USER_AND_SCHOOL_DAILY
1993,1,1,1,COMMON_USER_AND_SCHOOL_DAILY
1994,1,1,1,COMMON_USER_AND_SCHOOL_DAILY
1995,1,1,1,COMMON_USER_AND_SCHOOL_DAILY
1996,1,1,1,COMMON_USER_AND_SCHOOL_DAILY
1997,1,1,1,COMMON_USER_AND_SCHOOL_DAILY
1998,1,1,1,COMMON_USER_AND_SCHOOL_DAILY
1999,1,1,1,COMMON_USER_AND_SCHOOL_DAILY
2000,1,1,1,COMMON_USER_AND_SCHOOL_DAILY
2001,1,1,1,COMMON_USER_AND_SCHOOL_DAILY
2002,1,1,1,COMMON_USER_AND_SCHOOL_DAILY
2003,1,1,1,COMMON_USER_AND_SCHOOL_DAILY
2004,1,1,1,COMMON_USER_AND_SCHOOL_DAILY
2005,1,1,1,COMMON_USER_AND_SCHOOL_DAILY
2006,1,1,1,COMMON_USER_AND_SCHOOL_DAILY
2007,1,1,1,COMMON_USER_AND_SCHOOL_DAILY
2008,1,1,1,COMMON_USER_AND_SCHOOL_DAILY
2009,1,1,1,COMMON_USER_AND_SCHOOL_DAILY
2010,1,1,1,COMMON_USER_AND_SCHOOL_DAILY
2011,1,1,1,COMMON_USER_AND_SCHOOL_DAILY
2012,1,1,1,COMMON_USER_AND_SCHOOL_DAILY
2013,1,1,1,COMMON_USER_AND_SCHOOL_DAILY
2014,1,1,1,COMMON_USER_AND_SCHOOL_DAILY
2015,1,1,1,COMMON_USER_AND_SCHOOL_DAILY
2016,1,1,1,COMMON_USER_AND_SCHOOL_DAILY
2017,1,1,1,COMMON_USER_AND_SCHOOL_DAILY
2018,1,1,1,COMMON_USER_AND_SCHOOL_DAILY
2019,1,1,1,COMMON_USER_AND_SCHOOL_DAILY
2020,0,1,0,SCHOOL_DAILY_DIMENSION_ONLY_NO_CURRENT_USER
2021,1,1,1,COMMON_USER_AND_SCHOOL_DAILY
2022,1,1,1,COMMON_USER_AND_SCHOOL_DAILY
2023,1,1,1,COMMON_USER_AND_SCHOOL_DAILY
2024,1,1,1,COMMON_USER_AND_SCHOOL_DAILY
2025,1,1,1,COMMON_USER_AND_SCHOOL_DAILY
2026,1,1,1,COMMON_USER_AND_SCHOOL_DAILY
2027,1,1,1,COMMON_USER_AND_SCHOOL_DAILY
2028,1,1,1,COMMON_USER_AND_SCHOOL_DAILY
2029,1,1,1,COMMON_USER_AND_SCHOOL_DAILY
2030,1,1,1,COMMON_USER_AND_SCHOOL_DAILY
2031,1,1,1,COMMON_USER_AND_SCHOOL_DAILY
2032,1,1,1,COMMON_USER_AND_SCHOOL_DAILY
2033,1,1,1,COMMON_USER_AND_SCHOOL_DAILY
2034,1,1,1,COMMON_USER_AND_SCHOOL_DAILY
2035,1,1,1,COMMON_USER_AND_SCHOOL_DAILY
2036,1,1,1,COMMON_USER_AND_SCHOOL_DAILY
2037,1,1,1,COMMON_USER_AND_SCHOOL_DAILY
2038,1,1,1,COMMON_USER_AND_SCHOOL_DAILY
2039,0,1,0,SCHOOL_DAILY_DIMENSION_ONLY_NO_CURRENT_USER
2040,1,1,1,COMMON_USER_AND_SCHOOL_DAILY
2041,1,1,1,COMMON_USER_AND_SCHOOL_DAILY
2042,1,1,1,COMMON_USER_AND_SCHOOL_DAILY
2043,1,1,1,COMMON_USER_AND_SCHOOL_DAILY
2044,1,1,1,COMMON_USER_AND_SCHOOL_DAILY
2045,1,1,1,COMMON_USER_AND_SCHOOL_DAILY
2046,1,1,1,COMMON_USER_AND_SCHOOL_DAILY
2047,1,1,1,COMMON_USER_AND_SCHOOL_DAILY
2048,1,1,1,COMMON_USER_AND_SCHOOL_DAILY
2049,1,1,1,COMMON_USER_AND_SCHOOL_DAILY
2050,1,1,1,COMMON_USER_AND_SCHOOL_DAILY
2051,1,1,1,COMMON_USER_AND_SCHOOL_DAILY
2052,1,1,1,COMMON_USER_AND_SCHOOL_DAILY
2053,1,1,1,COMMON_USER_AND_SCHOOL_DAILY
2054,1,1,1,COMMON_USER_AND_SCHOOL_DAILY
2055,0,1,0,SCHOOL_DAILY_DIMENSION_ONLY_NO_CURRENT_USER
2056,1,1,1,COMMON_USER_AND_SCHOOL_DAILY
2057,1,1,1,COMMON_USER_AND_SCHOOL_DAILY
2058,1,1,1,COMMON_USER_AND_SCHOOL_DAILY
2059,1,1,1,COMMON_USER_AND_SCHOOL_DAILY
2060,1,1,1,COMMON_USER_AND_SCHOOL_DAILY
2061,1,1,1,COMMON_USER_AND_SCHOOL_DAILY
2062,1,1,1,COMMON_USER_AND_SCHOOL_DAILY
2063,1,1,1,COMMON_USER_AND_SCHOOL_DAILY
2064,1,1,1,COMMON_USER_AND_SCHOOL_DAILY
2065,1,1,1,COMMON_USER_AND_SCHOOL_DAILY
2066,1,1,1,COMMON_USER_AND_SCHOOL_DAILY
2067,1,1,1,COMMON_USER_AND_SCHOOL_DAILY
2068,1,1,1,COMMON_USER_AND_SCHOOL_DAILY
2069,1,1,1,COMMON_USER_AND_SCHOOL_DAILY
2070,1,1,1,COMMON_USER_AND_SCHOOL_DAILY
2071,1,1,1,COMMON_USER_AND_SCHOOL_DAILY
2072,1,1,1,COMMON_USER_AND_SCHOOL_DAILY
2073,1,1,1,COMMON_USER_AND_SCHOOL_DAILY
2074,1,1,1,COMMON_USER_AND_SCHOOL_DAILY
2075,1,1,1,COMMON_USER_AND_SCHOOL_DAILY
2076,1,1,1,COMMON_USER_AND_SCHOOL_DAILY
2077,1,1,1,COMMON_USER_AND_SCHOOL_DAILY
2078,1,1,1,COMMON_USER_AND_SCHOOL_DAILY
2079,1,1,1,COMMON_USER_AND_SCHOOL_DAILY
2080,1,1,1,COMMON_USER_AND_SCHOOL_DAILY
2081,1,1,1,COMMON_USER_AND_SCHOOL_DAILY
2082,1,1,1,COMMON_USER_AND_SCHOOL_DAILY
2083,1,1,1,COMMON_USER_AND_SCHOOL_DAILY
2084,1,1,1,COMMON_USER_AND_SCHOOL_DAILY
2085,1,1,1,COMMON_USER_AND_SCHOOL_DAILY
2086,1,1,1,COMMON_USER_AND_SCHOOL_DAILY
2087,1,1,1,COMMON_USER_AND_SCHOOL_DAILY
2088,1,1,1,COMMON_USER_AND_SCHOOL_DAILY
2089,1,1,1,COMMON_USER_AND_SCHOOL_DAILY
2090,1,1,1,COMMON_USER_AND_SCHOOL_DAILY
2091,1,1,1,COMMON_USER_AND_SCHOOL_DAILY
2092,1,1,1,COMMON_USER_AND_SCHOOL_DAILY
2093,1,1,1,COMMON_USER_AND_SCHOOL_DAILY
2094,1,1,1,COMMON_USER_AND_SCHOOL_DAILY
2095,1,1,1,COMMON_USER_AND_SCHOOL_DAILY
2096,1,1,1,COMMON_USER_AND_SCHOOL_DAILY
2097,1,1,1,COMMON_USER_AND_SCHOOL_DAILY
2098,1,1,1,COMMON_USER_AND_SCHOOL_DAILY
2099,1,1,1,COMMON_USER_AND_SCHOOL_DAILY
2100,1,1,1,COMMON_USER_AND_SCHOOL_DAILY
2101,1,1,1,COMMON_USER_AND_SCHOOL_DAILY
2102,1,1,1,COMMON_USER_AND_SCHOOL_DAILY
2103,1,1,1,COMMON_USER_AND_SCHOOL_DAILY
2104,1,1,1,COMMON_USER_AND_SCHOOL_DAILY
2105,0,1,0,SCHOOL_DAILY_DIMENSION_ONLY_NO_CURRENT_USER
2106,1,1,1,COMMON_USER_AND_SCHOOL_DAILY
2107,1,1,1,COMMON_USER_AND_SCHOOL_DAILY
2108,1,1,1,COMMON_USER_AND_SCHOOL_DAILY
2109,1,1,1,COMMON_USER_AND_SCHOOL_DAILY
2110,1,1,1,COMMON_USER_AND_SCHOOL_DAILY
2111,1,1,1,COMMON_USER_AND_SCHOOL_DAILY
2112,1,1,1,COMMON_USER_AND_SCHOOL_DAILY
2113,1,1,1,COMMON_USER_AND_SCHOOL_DAILY
2114,1,1,1,COMMON_USER_AND_SCHOOL_DAILY
2115,1,1,1,COMMON_USER_AND_SCHOOL_DAILY
2116,1,1,1,COMMON_USER_AND_SCHOOL_DAILY
2117,1,1,1,COMMON_USER_AND_SCHOOL_DAILY
2118,1,1,1,COMMON_USER_AND_SCHOOL_DAILY
2119,1,1,1,COMMON_USER_AND_SCHOOL_DAILY
2120,1,1,1,COMMON_USER_AND_SCHOOL_DAILY
2121,1,1,1,COMMON_USER_AND_SCHOOL_DAILY
2122,1,1,1,COMMON_USER_AND_SCHOOL_DAILY
2123,1,1,1,COMMON_USER_AND_SCHOOL_DAILY
2124,1,1,1,COMMON_USER_AND_SCHOOL_DAILY
2125,1,1,1,COMMON_USER_AND_SCHOOL_DAILY
2126,1,1,1,COMMON_USER_AND_SCHOOL_DAILY
2127,1,1,1,COMMON_USER_AND_SCHOOL_DAILY
2128,1,1,1,COMMON_USER_AND_SCHOOL_DAILY
2129,1,1,1,COMMON_USER_AND_SCHOOL_DAILY
2130,1,1,1,COMMON_USER_AND_SCHOOL_DAILY
2131,1,1,1,COMMON_USER_AND_SCHOOL_DAILY
2132,1,1,1,COMMON_USER_AND_SCHOOL_DAILY
2133,1,1,1,COMMON_USER_AND_SCHOOL_DAILY
2134,1,1,1,COMMON_USER_AND_SCHOOL_DAILY
2135,1,1,1,COMMON_USER_AND_SCHOOL_DAILY
2136,1,1,1,COMMON_USER_AND_SCHOOL_DAILY
2137,1,1,1,COMMON_USER_AND_SCHOOL_DAILY
2138,1,1,1,COMMON_USER_AND_SCHOOL_DAILY
2139,1,1,1,COMMON_USER_AND_SCHOOL_DAILY
2140,1,1,1,COMMON_USER_AND_SCHOOL_DAILY
2141,1,1,1,COMMON_USER_AND_SCHOOL_DAILY
2142,1,1,1,COMMON_USER_AND_SCHOOL_DAILY
2143,1,1,1,COMMON_USER_AND_SCHOOL_DAILY
2144,1,1,1,COMMON_USER_AND_SCHOOL_DAILY
2145,0,1,0,SCHOOL_DAILY_DIMENSION_ONLY_NO_CURRENT_USER
2146,1,1,1,COMMON_USER_AND_SCHOOL_DAILY
2147,0,1,0,SCHOOL_DAILY_DIMENSION_ONLY_NO_CURRENT_USER
2148,1,1,1,COMMON_USER_AND_SCHOOL_DAILY
2149,1,1,1,COMMON_USER_AND_SCHOOL_DAILY
2150,1,1,1,COMMON_USER_AND_SCHOOL_DAILY
2151,1,1,1,COMMON_USER_AND_SCHOOL_DAILY
2152,1,1,1,COMMON_USER_AND_SCHOOL_DAILY
2153,1,1,1,COMMON_USER_AND_SCHOOL_DAILY
2154,1,1,1,COMMON_USER_AND_SCHOOL_DAILY
2155,1,1,1,COMMON_USER_AND_SCHOOL_DAILY
2156,1,1,1,COMMON_USER_AND_SCHOOL_DAILY
2157,1,1,1,COMMON_USER_AND_SCHOOL_DAILY
2158,1,1,1,COMMON_USER_AND_SCHOOL_DAILY
2159,1,1,1,COMMON_USER_AND_SCHOOL_DAILY
2160,1,1,1,COMMON_USER_AND_SCHOOL_DAILY
2161,1,1,1,COMMON_USER_AND_SCHOOL_DAILY
2162,1,1,1,COMMON_USER_AND_SCHOOL_DAILY
2163,1,1,1,COMMON_USER_AND_SCHOOL_DAILY
2164,1,1,1,COMMON_USER_AND_SCHOOL_DAILY
2165,1,1,1,COMMON_USER_AND_SCHOOL_DAILY
2166,1,1,1,COMMON_USER_AND_SCHOOL_DAILY
2167,1,1,1,COMMON_USER_AND_SCHOOL_DAILY
2168,1,1,1,COMMON_USER_AND_SCHOOL_DAILY
2169,1,1,1,COMMON_USER_AND_SCHOOL_DAILY
2170,1,1,1,COMMON_USER_AND_SCHOOL_DAILY
2171,1,1,1,COMMON_USER_AND_SCHOOL_DAILY
2172,1,1,1,COMMON_USER_AND_SCHOOL_DAILY
2173,1,1,1,COMMON_USER_AND_SCHOOL_DAILY
2174,1,1,1,COMMON_USER_AND_SCHOOL_DAILY
2175,1,1,1,COMMON_USER_AND_SCHOOL_DAILY
2176,1,1,1,COMMON_USER_AND_SCHOOL_DAILY
2177,1,1,1,COMMON_USER_AND_SCHOOL_DAILY
2178,1,1,1,COMMON_USER_AND_SCHOOL_DAILY
2179,1,1,1,COMMON_USER_AND_SCHOOL_DAILY
2180,1,1,1,COMMON_USER_AND_SCHOOL_DAILY
2181,1,1,1,COMMON_USER_AND_SCHOOL_DAILY
2182,1,1,1,COMMON_USER_AND_SCHOOL_DAILY
2183,1,1,1,COMMON_USER_AND_SCHOOL_DAILY
2184,1,1,1,COMMON_USER_AND_SCHOOL_DAILY
2185,1,1,1,COMMON_USER_AND_SCHOOL_DAILY
2186,1,1,1,COMMON_USER_AND_SCHOOL_DAILY
2187,1,1,1,COMMON_USER_AND_SCHOOL_DAILY
2188,1,1,1,COMMON_USER_AND_SCHOOL_DAILY
2189,1,1,1,COMMON_USER_AND_SCHOOL_DAILY
2190,1,1,1,COMMON_USER_AND_SCHOOL_DAILY
2191,1,1,1,COMMON_USER_AND_SCHOOL_DAILY
2192,1,1,1,COMMON_USER_AND_SCHOOL_DAILY
2193,1,1,1,COMMON_USER_AND_SCHOOL_DAILY
2194,1,1,1,COMMON_USER_AND_SCHOOL_DAILY
2195,0,1,0,SCHOOL_DAILY_DIMENSION_ONLY_NO_CURRENT_USER
2196,1,1,1,COMMON_USER_AND_SCHOOL_DAILY
2197,1,1,1,COMMON_USER_AND_SCHOOL_DAILY
2198,1,1,1,COMMON_USER_AND_SCHOOL_DAILY
2199,1,1,1,COMMON_USER_AND_SCHOOL_DAILY
2200,1,1,1,COMMON_USER_AND_SCHOOL_DAILY
2201,1,1,1,COMMON_USER_AND_SCHOOL_DAILY
2202,1,1,1,COMMON_USER_AND_SCHOOL_DAILY
2203,1,1,1,COMMON_USER_AND_SCHOOL_DAILY
2204,1,1,1,COMMON_USER_AND_SCHOOL_DAILY
2205,1,1,1,COMMON_USER_AND_SCHOOL_DAILY
2206,1,1,1,COMMON_USER_AND_SCHOOL_DAILY
2207,1,1,1,COMMON_USER_AND_SCHOOL_DAILY
2208,1,1,1,COMMON_USER_AND_SCHOOL_DAILY
2209,1,1,1,COMMON_USER_AND_SCHOOL_DAILY
2210,1,1,1,COMMON_USER_AND_SCHOOL_DAILY
2211,1,1,1,COMMON_USER_AND_SCHOOL_DAILY
2212,1,1,1,COMMON_USER_AND_SCHOOL_DAILY
2213,1,1,1,COMMON_USER_AND_SCHOOL_DAILY
2214,1,1,1,COMMON_USER_AND_SCHOOL_DAILY
2215,1,1,1,COMMON_USER_AND_SCHOOL_DAILY
2216,1,1,1,COMMON_USER_AND_SCHOOL_DAILY
2217,1,1,1,COMMON_USER_AND_SCHOOL_DAILY
2218,1,1,1,COMMON_USER_AND_SCHOOL_DAILY
2219,1,1,1,COMMON_USER_AND_SCHOOL_DAILY
2220,1,1,1,COMMON_USER_AND_SCHOOL_DAILY
2221,1,1,1,COMMON_USER_AND_SCHOOL_DAILY
2222,1,1,1,COMMON_USER_AND_SCHOOL_DAILY
2223,1,1,1,COMMON_USER_AND_SCHOOL_DAILY
2224,1,1,1,COMMON_USER_AND_SCHOOL_DAILY
2225,0,1,0,SCHOOL_DAILY_DIMENSION_ONLY_NO_CURRENT_USER
2226,1,1,1,COMMON_USER_AND_SCHOOL_DAILY
2227,1,1,1,COMMON_USER_AND_SCHOOL_DAILY
2228,1,1,1,COMMON_USER_AND_SCHOOL_DAILY
2229,1,1,1,COMMON_USER_AND_SCHOOL_DAILY
2230,0,1,0,SCHOOL_DAILY_DIMENSION_ONLY_NO_CURRENT_USER
2231,1,1,1,COMMON_USER_AND_SCHOOL_DAILY
2232,1,1,1,COMMON_USER_AND_SCHOOL_DAILY
2233,1,1,1,COMMON_USER_AND_SCHOOL_DAILY
2234,1,1,1,COMMON_USER_AND_SCHOOL_DAILY
2235,1,1,1,COMMON_USER_AND_SCHOOL_DAILY
2236,1,1,1,COMMON_USER_AND_SCHOOL_DAILY
2237,1,1,1,COMMON_USER_AND_SCHOOL_DAILY
2238,1,1,1,COMMON_USER_AND_SCHOOL_DAILY
2239,1,1,1,COMMON_USER_AND_SCHOOL_DAILY
2240,1,1,1,COMMON_USER_AND_SCHOOL_DAILY
2241,1,1,1,COMMON_USER_AND_SCHOOL_DAILY
2242,1,1,1,COMMON_USER_AND_SCHOOL_DAILY
2243,1,1,1,COMMON_USER_AND_SCHOOL_DAILY
2244,1,1,1,COMMON_USER_AND_SCHOOL_DAILY
2245,1,1,1,COMMON_USER_AND_SCHOOL_DAILY
2246,1,1,1,COMMON_USER_AND_SCHOOL_DAILY
2247,1,1,1,COMMON_USER_AND_SCHOOL_DAILY
2248,1,1,1,COMMON_USER_AND_SCHOOL_DAILY
2249,1,1,1,COMMON_USER_AND_SCHOOL_DAILY
2250,1,1,1,COMMON_USER_AND_SCHOOL_DAILY
2251,1,1,1,COMMON_USER_AND_SCHOOL_DAILY
2252,1,1,1,COMMON_USER_AND_SCHOOL_DAILY
2253,1,1,1,COMMON_USER_AND_SCHOOL_DAILY
2254,1,1,1,COMMON_USER_AND_SCHOOL_DAILY
2255,1,1,1,COMMON_USER_AND_SCHOOL_DAILY
2256,1,1,1,COMMON_USER_AND_SCHOOL_DAILY
2257,1,1,1,COMMON_USER_AND_SCHOOL_DAILY
2258,1,1,1,COMMON_USER_AND_SCHOOL_DAILY
2259,1,1,1,COMMON_USER_AND_SCHOOL_DAILY
2260,1,1,1,COMMON_USER_AND_SCHOOL_DAILY
2261,1,1,1,COMMON_USER_AND_SCHOOL_DAILY
2262,1,1,1,COMMON_USER_AND_SCHOOL_DAILY
2263,1,1,1,COMMON_USER_AND_SCHOOL_DAILY
2264,1,1,1,COMMON_USER_AND_SCHOOL_DAILY
2265,1,1,1,COMMON_USER_AND_SCHOOL_DAILY
2266,1,1,1,COMMON_USER_AND_SCHOOL_DAILY
2267,1,1,1,COMMON_USER_AND_SCHOOL_DAILY
2268,1,1,1,COMMON_USER_AND_SCHOOL_DAILY
2269,0,1,0,SCHOOL_DAILY_DIMENSION_ONLY_NO_CURRENT_USER
2270,1,1,1,COMMON_USER_AND_SCHOOL_DAILY
2271,1,1,1,COMMON_USER_AND_SCHOOL_DAILY
2272,1,1,1,COMMON_USER_AND_SCHOOL_DAILY
2273,1,1,1,COMMON_USER_AND_SCHOOL_DAILY
2274,1,1,1,COMMON_USER_AND_SCHOOL_DAILY
2275,1,1,1,COMMON_USER_AND_SCHOOL_DAILY
2276,1,1,1,COMMON_USER_AND_SCHOOL_DAILY
2277,1,1,1,COMMON_USER_AND_SCHOOL_DAILY
2278,1,1,1,COMMON_USER_AND_SCHOOL_DAILY
2279,1,1,1,COMMON_USER_AND_SCHOOL_DAILY
2280,1,1,1,COMMON_USER_AND_SCHOOL_DAILY
2281,1,1,1,COMMON_USER_AND_SCHOOL_DAILY
2282,1,1,1,COMMON_USER_AND_SCHOOL_DAILY
2283,1,1,1,COMMON_USER_AND_SCHOOL_DAILY
2284,1,1,1,COMMON_USER_AND_SCHOOL_DAILY
2285,1,1,1,COMMON_USER_AND_SCHOOL_DAILY
2286,1,1,1,COMMON_USER_AND_SCHOOL_DAILY
2287,1,1,1,COMMON_USER_AND_SCHOOL_DAILY
2288,1,1,1,COMMON_USER_AND_SCHOOL_DAILY
2289,1,1,1,COMMON_USER_AND_SCHOOL_DAILY
2290,1,1,1,COMMON_USER_AND_SCHOOL_DAILY
2291,1,1,1,COMMON_USER_AND_SCHOOL_DAILY
2292,1,1,1,COMMON_USER_AND_SCHOOL_DAILY
2293,1,1,1,COMMON_USER_AND_SCHOOL_DAILY
2294,1,1,1,COMMON_USER_AND_SCHOOL_DAILY
2295,1,1,1,COMMON_USER_AND_SCHOOL_DAILY
2296,1,1,1,COMMON_USER_AND_SCHOOL_DAILY
2297,1,1,1,COMMON_USER_AND_SCHOOL_DAILY
2298,1,1,1,COMMON_USER_AND_SCHOOL_DAILY
2299,1,1,1,COMMON_USER_AND_SCHOOL_DAILY
2300,1,1,1,COMMON_USER_AND_SCHOOL_DAILY
2301,1,1,1,COMMON_USER_AND_SCHOOL_DAILY
2302,1,1,1,COMMON_USER_AND_SCHOOL_DAILY
2303,1,1,1,COMMON_USER_AND_SCHOOL_DAILY
2304,1,1,1,COMMON_USER_AND_SCHOOL_DAILY
2305,0,1,0,SCHOOL_DAILY_DIMENSION_ONLY_NO_CURRENT_USER
2306,1,1,1,COMMON_USER_AND_SCHOOL_DAILY
2307,1,1,1,COMMON_USER_AND_SCHOOL_DAILY
2308,1,1,1,COMMON_USER_AND_SCHOOL_DAILY
2309,1,1,1,COMMON_USER_AND_SCHOOL_DAILY
2310,1,1,1,COMMON_USER_AND_SCHOOL_DAILY
2311,1,1,1,COMMON_USER_AND_SCHOOL_DAILY
2312,1,1,1,COMMON_USER_AND_SCHOOL_DAILY
2313,1,1,1,COMMON_USER_AND_SCHOOL_DAILY
2314,1,1,1,COMMON_USER_AND_SCHOOL_DAILY
2315,1,1,1,COMMON_USER_AND_SCHOOL_DAILY
2316,1,1,1,COMMON_USER_AND_SCHOOL_DAILY
2317,1,1,1,COMMON_USER_AND_SCHOOL_DAILY
2318,1,1,1,COMMON_USER_AND_SCHOOL_DAILY
2319,1,1,1,COMMON_USER_AND_SCHOOL_DAILY
2320,1,1,1,COMMON_USER_AND_SCHOOL_DAILY
2321,1,1,1,COMMON_USER_AND_SCHOOL_DAILY
2322,1,1,1,COMMON_USER_AND_SCHOOL_DAILY
2323,1,1,1,COMMON_USER_AND_SCHOOL_DAILY
2324,1,1,1,COMMON_USER_AND_SCHOOL_DAILY
2325,1,1,1,COMMON_USER_AND_SCHOOL_DAILY
2326,1,1,1,COMMON_USER_AND_SCHOOL_DAILY
2327,1,1,1,COMMON_USER_AND_SCHOOL_DAILY
2328,1,1,1,COMMON_USER_AND_SCHOOL_DAILY
2329,1,1,1,COMMON_USER_AND_SCHOOL_DAILY
2330,1,1,1,COMMON_USER_AND_SCHOOL_DAILY
2331,1,1,1,COMMON_USER_AND_SCHOOL_DAILY
2332,0,1,0,SCHOOL_DAILY_DIMENSION_ONLY_NO_CURRENT_USER
2333,1,1,1,COMMON_USER_AND_SCHOOL_DAILY
2334,1,1,1,COMMON_USER_AND_SCHOOL_DAILY
2335,1,1,1,COMMON_USER_AND_SCHOOL_DAILY
2336,1,1,1,COMMON_USER_AND_SCHOOL_DAILY
2337,1,1,1,COMMON_USER_AND_SCHOOL_DAILY
2338,1,1,1,COMMON_USER_AND_SCHOOL_DAILY
2339,1,1,1,COMMON_USER_AND_SCHOOL_DAILY
2340,1,1,1,COMMON_USER_AND_SCHOOL_DAILY
2341,0,1,0,SCHOOL_DAILY_DIMENSION_ONLY_NO_CURRENT_USER
2342,1,1,1,COMMON_USER_AND_SCHOOL_DAILY
2343,1,1,1,COMMON_USER_AND_SCHOOL_DAILY
2344,1,1,1,COMMON_USER_AND_SCHOOL_DAILY
2345,1,1,1,COMMON_USER_AND_SCHOOL_DAILY
2346,1,1,1,COMMON_USER_AND_SCHOOL_DAILY
2347,1,1,1,COMMON_USER_AND_SCHOOL_DAILY
2348,1,1,1,COMMON_USER_AND_SCHOOL_DAILY
2349,1,1,1,COMMON_USER_AND_SCHOOL_DAILY
2350,1,1,1,COMMON_USER_AND_SCHOOL_DAILY
2351,1,1,1,COMMON_USER_AND_SCHOOL_DAILY
2352,1,1,1,COMMON_USER_AND_SCHOOL_DAILY
2353,1,1,1,COMMON_USER_AND_SCHOOL_DAILY
2354,1,1,1,COMMON_USER_AND_SCHOOL_DAILY
2355,1,1,1,COMMON_USER_AND_SCHOOL_DAILY
2356,1,1,1,COMMON_USER_AND_SCHOOL_DAILY
2357,1,1,1,COMMON_USER_AND_SCHOOL_DAILY
2358,1,1,1,COMMON_USER_AND_SCHOOL_DAILY
2359,1,1,1,COMMON_USER_AND_SCHOOL_DAILY
2360,1,1,1,COMMON_USER_AND_SCHOOL_DAILY
2361,1,1,1,COMMON_USER_AND_SCHOOL_DAILY
2362,1,1,1,COMMON_USER_AND_SCHOOL_DAILY
2363,1,1,1,COMMON_USER_AND_SCHOOL_DAILY
2364,1,1,1,COMMON_USER_AND_SCHOOL_DAILY
2365,1,1,1,COMMON_USER_AND_SCHOOL_DAILY
2366,1,1,1,COMMON_USER_AND_SCHOOL_DAILY
2367,1,1,1,COMMON_USER_AND_SCHOOL_DAILY
2368,1,1,1,COMMON_USER_AND_SCHOOL_DAILY
2369,1,1,1,COMMON_USER_AND_SCHOOL_DAILY
2370,1,1,1,COMMON_USER_AND_SCHOOL_DAILY
2371,1,1,1,COMMON_USER_AND_SCHOOL_DAILY
2372,1,1,1,COMMON_USER_AND_SCHOOL_DAILY
2373,1,1,1,COMMON_USER_AND_SCHOOL_DAILY
2374,0,1,0,SCHOOL_DAILY_DIMENSION_ONLY_NO_CURRENT_USER
2375,1,1,1,COMMON_USER_AND_SCHOOL_DAILY
2376,1,1,1,COMMON_USER_AND_SCHOOL_DAILY
2377,0,1,0,SCHOOL_DAILY_DIMENSION_ONLY_NO_CURRENT_USER
2378,1,1,1,COMMON_USER_AND_SCHOOL_DAILY
2379,1,1,1,COMMON_USER_AND_SCHOOL_DAILY
2380,1,1,1,COMMON_USER_AND_SCHOOL_DAILY
2381,1,1,1,COMMON_USER_AND_SCHOOL_DAILY
2382,1,1,1,COMMON_USER_AND_SCHOOL_DAILY
2383,1,1,1,COMMON_USER_AND_SCHOOL_DAILY
2384,1,1,1,COMMON_USER_AND_SCHOOL_DAILY
2385,1,1,1,COMMON_USER_AND_SCHOOL_DAILY
2386,1,1,1,COMMON_USER_AND_SCHOOL_DAILY
2387,1,1,1,COMMON_USER_AND_SCHOOL_DAILY
2388,1,1,1,COMMON_USER_AND_SCHOOL_DAILY
2389,1,1,1,COMMON_USER_AND_SCHOOL_DAILY
2390,1,1,1,COMMON_USER_AND_SCHOOL_DAILY
2391,1,1,1,COMMON_USER_AND_SCHOOL_DAILY
2392,1,1,1,COMMON_USER_AND_SCHOOL_DAILY
2393,1,1,1,COMMON_USER_AND_SCHOOL_DAILY
2394,1,1,1,COMMON_USER_AND_SCHOOL_DAILY
2395,1,1,1,COMMON_USER_AND_SCHOOL_DAILY
2396,1,1,1,COMMON_USER_AND_SCHOOL_DAILY
2397,1,1,1,COMMON_USER_AND_SCHOOL_DAILY
2398,1,1,1,COMMON_USER_AND_SCHOOL_DAILY
2399,1,1,1,COMMON_USER_AND_SCHOOL_DAILY
2400,1,1,1,COMMON_USER_AND_SCHOOL_DAILY
2401,1,1,1,COMMON_USER_AND_SCHOOL_DAILY
2402,1,1,1,COMMON_USER_AND_SCHOOL_DAILY
2403,1,1,1,COMMON_USER_AND_SCHOOL_DAILY
2404,1,1,1,COMMON_USER_AND_SCHOOL_DAILY
2405,1,1,1,COMMON_USER_AND_SCHOOL_DAILY
2406,1,1,1,COMMON_USER_AND_SCHOOL_DAILY
2407,1,1,1,COMMON_USER_AND_SCHOOL_DAILY
2408,1,1,1,COMMON_USER_AND_SCHOOL_DAILY
2409,1,1,1,COMMON_USER_AND_SCHOOL_DAILY
2410,1,1,1,COMMON_USER_AND_SCHOOL_DAILY
2411,1,1,1,COMMON_USER_AND_SCHOOL_DAILY
2412,1,1,1,COMMON_USER_AND_SCHOOL_DAILY
2413,1,1,1,COMMON_USER_AND_SCHOOL_DAILY
2414,1,1,1,COMMON_USER_AND_SCHOOL_DAILY
2415,1,1,1,COMMON_USER_AND_SCHOOL_DAILY
2416,1,1,1,COMMON_USER_AND_SCHOOL_DAILY
2417,1,1,1,COMMON_USER_AND_SCHOOL_DAILY
2418,1,1,1,COMMON_USER_AND_SCHOOL_DAILY
2419,1,1,1,COMMON_USER_AND_SCHOOL_DAILY
2420,1,1,1,COMMON_USER_AND_SCHOOL_DAILY
2421,1,1,1,COMMON_USER_AND_SCHOOL_DAILY
2422,1,1,1,COMMON_USER_AND_SCHOOL_DAILY
2423,1,1,1,COMMON_USER_AND_SCHOOL_DAILY
2424,1,1,1,COMMON_USER_AND_SCHOOL_DAILY
2425,1,1,1,COMMON_USER_AND_SCHOOL_DAILY
2426,1,1,1,COMMON_USER_AND_SCHOOL_DAILY
2427,1,1,1,COMMON_USER_AND_SCHOOL_DAILY
2428,1,1,1,COMMON_USER_AND_SCHOOL_DAILY
2429,1,1,1,COMMON_USER_AND_SCHOOL_DAILY
2430,1,1,1,COMMON_USER_AND_SCHOOL_DAILY
2431,1,1,1,COMMON_USER_AND_SCHOOL_DAILY
2432,1,1,1,COMMON_USER_AND_SCHOOL_DAILY
2433,1,1,1,COMMON_USER_AND_SCHOOL_DAILY
2434,1,1,1,COMMON_USER_AND_SCHOOL_DAILY
2435,0,1,0,SCHOOL_DAILY_DIMENSION_ONLY_NO_CURRENT_USER
2436,1,1,1,COMMON_USER_AND_SCHOOL_DAILY
2437,1,1,1,COMMON_USER_AND_SCHOOL_DAILY
2438,1,1,1,COMMON_USER_AND_SCHOOL_DAILY
2439,1,1,1,COMMON_USER_AND_SCHOOL_DAILY
2440,1,1,1,COMMON_USER_AND_SCHOOL_DAILY
2441,1,1,1,COMMON_USER_AND_SCHOOL_DAILY
2442,1,1,1,COMMON_USER_AND_SCHOOL_DAILY
2443,0,1,0,SCHOOL_DAILY_DIMENSION_ONLY_NO_CURRENT_USER
2444,1,1,1,COMMON_USER_AND_SCHOOL_DAILY
2445,1,1,1,COMMON_USER_AND_SCHOOL_DAILY
2446,1,1,1,COMMON_USER_AND_SCHOOL_DAILY
2447,1,1,1,COMMON_USER_AND_SCHOOL_DAILY
2448,1,1,1,COMMON_USER_AND_SCHOOL_DAILY
2449,1,1,1,COMMON_USER_AND_SCHOOL_DAILY
2450,1,1,1,COMMON_USER_AND_SCHOOL_DAILY
2451,1,1,1,COMMON_USER_AND_SCHOOL_DAILY
2452,1,1,1,COMMON_USER_AND_SCHOOL_DAILY
2453,1,1,1,COMMON_USER_AND_SCHOOL_DAILY
2454,1,1,1,COMMON_USER_AND_SCHOOL_DAILY
2455,1,1,1,COMMON_USER_AND_SCHOOL_DAILY
2456,1,1,1,COMMON_USER_AND_SCHOOL_DAILY
2457,1,1,1,COMMON_USER_AND_SCHOOL_DAILY
2458,1,1,1,COMMON_USER_AND_SCHOOL_DAILY
2459,1,1,1,COMMON_USER_AND_SCHOOL_DAILY
2460,1,1,1,COMMON_USER_AND_SCHOOL_DAILY
2461,1,1,1,COMMON_USER_AND_SCHOOL_DAILY
2462,1,1,1,COMMON_USER_AND_SCHOOL_DAILY
2463,1,1,1,COMMON_USER_AND_SCHOOL_DAILY
2464,1,1,1,COMMON_USER_AND_SCHOOL_DAILY
2465,1,1,1,COMMON_USER_AND_SCHOOL_DAILY
2466,0,1,0,SCHOOL_DAILY_DIMENSION_ONLY_NO_CURRENT_USER
2467,1,1,1,COMMON_USER_AND_SCHOOL_DAILY
2468,1,1,1,COMMON_USER_AND_SCHOOL_DAILY
2469,1,1,1,COMMON_USER_AND_SCHOOL_DAILY
2470,1,1,1,COMMON_USER_AND_SCHOOL_DAILY
2471,1,1,1,COMMON_USER_AND_SCHOOL_DAILY
2472,1,1,1,COMMON_USER_AND_SCHOOL_DAILY
2473,1,1,1,COMMON_USER_AND_SCHOOL_DAILY
2474,1,1,1,COMMON_USER_AND_SCHOOL_DAILY
2475,1,1,1,COMMON_USER_AND_SCHOOL_DAILY
2476,1,1,1,COMMON_USER_AND_SCHOOL_DAILY
2477,1,1,1,COMMON_USER_AND_SCHOOL_DAILY
2478,1,1,1,COMMON_USER_AND_SCHOOL_DAILY
2479,1,1,1,COMMON_USER_AND_SCHOOL_DAILY
2480,1,1,1,COMMON_USER_AND_SCHOOL_DAILY
2481,1,1,1,COMMON_USER_AND_SCHOOL_DAILY
2482,1,1,1,COMMON_USER_AND_SCHOOL_DAILY
2483,0,1,0,SCHOOL_DAILY_DIMENSION_ONLY_NO_CURRENT_USER
2484,1,1,1,COMMON_USER_AND_SCHOOL_DAILY
2485,1,1,1,COMMON_USER_AND_SCHOOL_DAILY
2486,1,1,1,COMMON_USER_AND_SCHOOL_DAILY
2487,1,1,1,COMMON_USER_AND_SCHOOL_DAILY
2488,1,1,1,COMMON_USER_AND_SCHOOL_DAILY
2489,1,1,1,COMMON_USER_AND_SCHOOL_DAILY
2490,1,1,1,COMMON_USER_AND_SCHOOL_DAILY
2491,1,1,1,COMMON_USER_AND_SCHOOL_DAILY
2492,1,1,1,COMMON_USER_AND_SCHOOL_DAILY
2493,1,1,1,COMMON_USER_AND_SCHOOL_DAILY
2494,1,1,1,COMMON_USER_AND_SCHOOL_DAILY
2495,1,1,1,COMMON_USER_AND_SCHOOL_DAILY
2496,1,1,1,COMMON_USER_AND_SCHOOL_DAILY
2497,1,1,1,COMMON_USER_AND_SCHOOL_DAILY
2498,1,1,1,COMMON_USER_AND_SCHOOL_DAILY
2499,1,1,1,COMMON_USER_AND_SCHOOL_DAILY
2500,1,1,1,COMMON_USER_AND_SCHOOL_DAILY
2501,1,1,1,COMMON_USER_AND_SCHOOL_DAILY
2502,1,1,1,COMMON_USER_AND_SCHOOL_DAILY
2503,1,1,1,COMMON_USER_AND_SCHOOL_DAILY
2504,1,1,1,COMMON_USER_AND_SCHOOL_DAILY
2505,1,1,1,COMMON_USER_AND_SCHOOL_DAILY
2506,1,1,1,COMMON_USER_AND_SCHOOL_DAILY
2507,1,1,1,COMMON_USER_AND_SCHOOL_DAILY
2508,1,1,1,COMMON_USER_AND_SCHOOL_DAILY
2509,0,1,0,SCHOOL_DAILY_DIMENSION_ONLY_NO_CURRENT_USER
2510,1,1,1,COMMON_USER_AND_SCHOOL_DAILY
2511,1,1,1,COMMON_USER_AND_SCHOOL_DAILY
2512,1,1,1,COMMON_USER_AND_SCHOOL_DAILY
2513,0,1,0,SCHOOL_DAILY_DIMENSION_ONLY_NO_CURRENT_USER
2514,1,1,1,COMMON_USER_AND_SCHOOL_DAILY
2515,1,1,1,COMMON_USER_AND_SCHOOL_DAILY
2516,0,1,0,SCHOOL_DAILY_DIMENSION_ONLY_NO_CURRENT_USER
2517,0,1,0,SCHOOL_DAILY_DIMENSION_ONLY_NO_CURRENT_USER
2518,1,1,1,COMMON_USER_AND_SCHOOL_DAILY
2519,1,1,1,COMMON_USER_AND_SCHOOL_DAILY
2520,1,1,1,COMMON_USER_AND_SCHOOL_DAILY
2521,1,1,1,COMMON_USER_AND_SCHOOL_DAILY
2522,1,1,1,COMMON_USER_AND_SCHOOL_DAILY
2523,1,1,1,COMMON_USER_AND_SCHOOL_DAILY
2524,1,1,1,COMMON_USER_AND_SCHOOL_DAILY
2525,1,1,1,COMMON_USER_AND_SCHOOL_DAILY
2526,1,1,1,COMMON_USER_AND_SCHOOL_DAILY
2527,1,1,1,COMMON_USER_AND_SCHOOL_DAILY
2528,1,1,1,COMMON_USER_AND_SCHOOL_DAILY
2529,1,1,1,COMMON_USER_AND_SCHOOL_DAILY
2530,1,1,1,COMMON_USER_AND_SCHOOL_DAILY
2531,1,1,1,COMMON_USER_AND_SCHOOL_DAILY
2532,1,1,1,COMMON_USER_AND_SCHOOL_DAILY
2533,1,1,1,COMMON_USER_AND_SCHOOL_DAILY
2534,1,1,1,COMMON_USER_AND_SCHOOL_DAILY
2535,1,1,1,COMMON_USER_AND_SCHOOL_DAILY
2536,1,1,1,COMMON_USER_AND_SCHOOL_DAILY
2537,1,1,1,COMMON_USER_AND_SCHOOL_DAILY
2538,0,1,0,SCHOOL_DAILY_DIMENSION_ONLY_NO_CURRENT_USER
2539,1,1,1,COMMON_USER_AND_SCHOOL_DAILY
2540,1,1,1,COMMON_USER_AND_SCHOOL_DAILY
2541,1,1,1,COMMON_USER_AND_SCHOOL_DAILY
2542,1,1,1,COMMON_USER_AND_SCHOOL_DAILY
2543,1,1,1,COMMON_USER_AND_SCHOOL_DAILY
2544,1,1,1,COMMON_USER_AND_SCHOOL_DAILY
2545,1,1,1,COMMON_USER_AND_SCHOOL_DAILY
2546,1,1,1,COMMON_USER_AND_SCHOOL_DAILY
2547,1,1,1,COMMON_USER_AND_SCHOOL_DAILY
2548,1,1,1,COMMON_USER_AND_SCHOOL_DAILY
2549,1,1,1,COMMON_USER_AND_SCHOOL_DAILY
2550,1,1,1,COMMON_USER_AND_SCHOOL_DAILY
2551,1,1,1,COMMON_USER_AND_SCHOOL_DAILY
2552,1,1,1,COMMON_USER_AND_SCHOOL_DAILY
2553,1,1,1,COMMON_USER_AND_SCHOOL_DAILY
2554,1,1,1,COMMON_USER_AND_SCHOOL_DAILY
2555,0,1,0,SCHOOL_DAILY_DIMENSION_ONLY_NO_CURRENT_USER
2556,1,1,1,COMMON_USER_AND_SCHOOL_DAILY
2557,1,1,1,COMMON_USER_AND_SCHOOL_DAILY
2558,1,1,1,COMMON_USER_AND_SCHOOL_DAILY
2559,1,1,1,COMMON_USER_AND_SCHOOL_DAILY
2560,1,1,1,COMMON_USER_AND_SCHOOL_DAILY
2561,1,1,1,COMMON_USER_AND_SCHOOL_DAILY
2562,0,1,0,SCHOOL_DAILY_DIMENSION_ONLY_NO_CURRENT_USER
2563,1,1,1,COMMON_USER_AND_SCHOOL_DAILY
2564,1,1,1,COMMON_USER_AND_SCHOOL_DAILY
2565,1,1,1,COMMON_USER_AND_SCHOOL_DAILY
2566,1,1,1,COMMON_USER_AND_SCHOOL_DAILY
2567,1,1,1,COMMON_USER_AND_SCHOOL_DAILY
2568,1,1,1,COMMON_USER_AND_SCHOOL_DAILY
2569,1,1,1,COMMON_USER_AND_SCHOOL_DAILY
2570,1,1,1,COMMON_USER_AND_SCHOOL_DAILY
2571,1,1,1,COMMON_USER_AND_SCHOOL_DAILY
2572,1,1,1,COMMON_USER_AND_SCHOOL_DAILY
2573,1,1,1,COMMON_USER_AND_SCHOOL_DAILY
2574,1,1,1,COMMON_USER_AND_SCHOOL_DAILY
2575,1,1,1,COMMON_USER_AND_SCHOOL_DAILY
2576,1,1,1,COMMON_USER_AND_SCHOOL_DAILY
2577,1,1,1,COMMON_USER_AND_SCHOOL_DAILY
2578,1,1,1,COMMON_USER_AND_SCHOOL_DAILY
2579,1,1,1,COMMON_USER_AND_SCHOOL_DAILY
2580,1,1,1,COMMON_USER_AND_SCHOOL_DAILY
2581,1,1,1,COMMON_USER_AND_SCHOOL_DAILY
2582,1,1,1,COMMON_USER_AND_SCHOOL_DAILY
2583,1,1,1,COMMON_USER_AND_SCHOOL_DAILY
2584,1,1,1,COMMON_USER_AND_SCHOOL_DAILY
2585,1,1,1,COMMON_USER_AND_SCHOOL_DAILY
2586,1,1,1,COMMON_USER_AND_SCHOOL_DAILY
2587,1,1,1,COMMON_USER_AND_SCHOOL_DAILY
2588,1,1,1,COMMON_USER_AND_SCHOOL_DAILY
2589,1,1,1,COMMON_USER_AND_SCHOOL_DAILY
2590,1,1,1,COMMON_USER_AND_SCHOOL_DAILY
2591,1,1,1,COMMON_USER_AND_SCHOOL_DAILY
2592,1,1,1,COMMON_USER_AND_SCHOOL_DAILY
2593,1,1,1,COMMON_USER_AND_SCHOOL_DAILY
2594,1,1,1,COMMON_USER_AND_SCHOOL_DAILY
2595,1,1,1,COMMON_USER_AND_SCHOOL_DAILY
2596,1,1,1,COMMON_USER_AND_SCHOOL_DAILY
2597,1,1,1,COMMON_USER_AND_SCHOOL_DAILY
2598,1,1,1,COMMON_USER_AND_SCHOOL_DAILY
2599,1,1,1,COMMON_USER_AND_SCHOOL_DAILY
2600,1,1,1,COMMON_USER_AND_SCHOOL_DAILY
2601,1,1,1,COMMON_USER_AND_SCHOOL_DAILY
2602,1,1,1,COMMON_USER_AND_SCHOOL_DAILY
2603,1,1,1,COMMON_USER_AND_SCHOOL_DAILY
2604,1,1,1,COMMON_USER_AND_SCHOOL_DAILY
2605,1,1,1,COMMON_USER_AND_SCHOOL_DAILY
2606,1,1,1,COMMON_USER_AND_SCHOOL_DAILY
2607,1,1,1,COMMON_USER_AND_SCHOOL_DAILY
2608,1,1,1,COMMON_USER_AND_SCHOOL_DAILY
2609,1,1,1,COMMON_USER_AND_SCHOOL_DAILY
2610,1,1,1,COMMON_USER_AND_SCHOOL_DAILY
2611,1,1,1,COMMON_USER_AND_SCHOOL_DAILY
2612,1,1,1,COMMON_USER_AND_SCHOOL_DAILY
2613,1,1,1,COMMON_USER_AND_SCHOOL_DAILY
2614,1,1,1,COMMON_USER_AND_SCHOOL_DAILY
2615,1,1,1,COMMON_USER_AND_SCHOOL_DAILY
2616,1,1,1,COMMON_USER_AND_SCHOOL_DAILY
2617,1,1,1,COMMON_USER_AND_SCHOOL_DAILY
2618,1,1,1,COMMON_USER_AND_SCHOOL_DAILY
2619,1,1,1,COMMON_USER_AND_SCHOOL_DAILY
2620,1,1,1,COMMON_USER_AND_SCHOOL_DAILY
2621,1,1,1,COMMON_USER_AND_SCHOOL_DAILY
2622,1,1,1,COMMON_USER_AND_SCHOOL_DAILY
2623,1,1,1,COMMON_USER_AND_SCHOOL_DAILY
2624,1,1,1,COMMON_USER_AND_SCHOOL_DAILY
2625,1,1,1,COMMON_USER_AND_SCHOOL_DAILY
2626,1,1,1,COMMON_USER_AND_SCHOOL_DAILY
2627,1,1,1,COMMON_USER_AND_SCHOOL_DAILY
2628,1,1,1,COMMON_USER_AND_SCHOOL_DAILY
2629,1,1,1,COMMON_USER_AND_SCHOOL_DAILY
2630,1,1,1,COMMON_USER_AND_SCHOOL_DAILY
2631,1,1,1,COMMON_USER_AND_SCHOOL_DAILY
2632,1,1,1,COMMON_USER_AND_SCHOOL_DAILY
2633,1,1,1,COMMON_USER_AND_SCHOOL_DAILY
2634,1,1,1,COMMON_USER_AND_SCHOOL_DAILY
2635,1,1,1,COMMON_USER_AND_SCHOOL_DAILY
2636,1,1,1,COMMON_USER_AND_SCHOOL_DAILY
2637,1,1,1,COMMON_USER_AND_SCHOOL_DAILY
2638,1,1,1,COMMON_USER_AND_SCHOOL_DAILY
2639,1,1,1,COMMON_USER_AND_SCHOOL_DAILY
2640,1,1,1,COMMON_USER_AND_SCHOOL_DAILY
2641,1,1,1,COMMON_USER_AND_SCHOOL_DAILY
2642,1,1,1,COMMON_USER_AND_SCHOOL_DAILY
2643,1,1,1,COMMON_USER_AND_SCHOOL_DAILY
2644,1,1,1,COMMON_USER_AND_SCHOOL_DAILY
2645,1,1,1,COMMON_USER_AND_SCHOOL_DAILY
2646,1,1,1,COMMON_USER_AND_SCHOOL_DAILY
2647,1,1,1,COMMON_USER_AND_SCHOOL_DAILY
2648,1,1,1,COMMON_USER_AND_SCHOOL_DAILY
2649,1,1,1,COMMON_USER_AND_SCHOOL_DAILY
2650,1,1,1,COMMON_USER_AND_SCHOOL_DAILY
2651,1,1,1,COMMON_USER_AND_SCHOOL_DAILY
2652,1,1,1,COMMON_USER_AND_SCHOOL_DAILY
2653,1,1,1,COMMON_USER_AND_SCHOOL_DAILY
2654,1,1,1,COMMON_USER_AND_SCHOOL_DAILY
2655,1,1,1,COMMON_USER_AND_SCHOOL_DAILY
2656,1,1,1,COMMON_USER_AND_SCHOOL_DAILY
2657,1,1,1,COMMON_USER_AND_SCHOOL_DAILY
2658,1,1,1,COMMON_USER_AND_SCHOOL_DAILY
2659,1,1,1,COMMON_USER_AND_SCHOOL_DAILY
2660,1,1,1,COMMON_USER_AND_SCHOOL_DAILY
2661,1,1,1,COMMON_USER_AND_SCHOOL_DAILY
2662,1,1,1,COMMON_USER_AND_SCHOOL_DAILY
2663,1,1,1,COMMON_USER_AND_SCHOOL_DAILY
2664,1,1,1,COMMON_USER_AND_SCHOOL_DAILY
2665,0,1,0,SCHOOL_DAILY_DIMENSION_ONLY_NO_CURRENT_USER
2666,1,1,1,COMMON_USER_AND_SCHOOL_DAILY
2667,1,1,1,COMMON_USER_AND_SCHOOL_DAILY
2668,1,1,1,COMMON_USER_AND_SCHOOL_DAILY
2669,1,1,1,COMMON_USER_AND_SCHOOL_DAILY
2670,1,1,1,COMMON_USER_AND_SCHOOL_DAILY
2671,1,1,1,COMMON_USER_AND_SCHOOL_DAILY
2672,1,1,1,COMMON_USER_AND_SCHOOL_DAILY
2673,1,1,1,COMMON_USER_AND_SCHOOL_DAILY
2674,0,1,0,SCHOOL_DAILY_DIMENSION_ONLY_NO_CURRENT_USER
2675,1,1,1,COMMON_USER_AND_SCHOOL_DAILY
2676,1,1,1,COMMON_USER_AND_SCHOOL_DAILY
2677,1,1,1,COMMON_USER_AND_SCHOOL_DAILY
2678,1,1,1,COMMON_USER_AND_SCHOOL_DAILY
2679,0,1,0,SCHOOL_DAILY_DIMENSION_ONLY_NO_CURRENT_USER
2680,1,1,1,COMMON_USER_AND_SCHOOL_DAILY
2681,1,1,1,COMMON_USER_AND_SCHOOL_DAILY
2682,1,1,1,COMMON_USER_AND_SCHOOL_DAILY
2683,1,1,1,COMMON_USER_AND_SCHOOL_DAILY
2684,1,1,1,COMMON_USER_AND_SCHOOL_DAILY
2685,1,1,1,COMMON_USER_AND_SCHOOL_DAILY
2686,1,1,1,COMMON_USER_AND_SCHOOL_DAILY
2687,1,1,1,COMMON_USER_AND_SCHOOL_DAILY
2688,1,1,1,COMMON_USER_AND_SCHOOL_DAILY
2689,1,1,1,COMMON_USER_AND_SCHOOL_DAILY
2690,0,1,0,SCHOOL_DAILY_DIMENSION_ONLY_NO_CURRENT_USER
2691,1,1,1,COMMON_USER_AND_SCHOOL_DAILY
2692,1,1,1,COMMON_USER_AND_SCHOOL_DAILY
2693,1,1,1,COMMON_USER_AND_SCHOOL_DAILY
2694,1,1,1,COMMON_USER_AND_SCHOOL_DAILY
2695,1,1,1,COMMON_USER_AND_SCHOOL_DAILY
2696,1,1,1,COMMON_USER_AND_SCHOOL_DAILY
2697,1,1,1,COMMON_USER_AND_SCHOOL_DAILY
2698,1,1,1,COMMON_USER_AND_SCHOOL_DAILY
2699,1,1,1,COMMON_USER_AND_SCHOOL_DAILY
2700,1,1,1,COMMON_USER_AND_SCHOOL_DAILY
2701,1,1,1,COMMON_USER_AND_SCHOOL_DAILY
2702,1,1,1,COMMON_USER_AND_SCHOOL_DAILY
2703,1,1,1,COMMON_USER_AND_SCHOOL_DAILY
2704,1,1,1,COMMON_USER_AND_SCHOOL_DAILY
2705,1,1,1,COMMON_USER_AND_SCHOOL_DAILY
2706,1,1,1,COMMON_USER_AND_SCHOOL_DAILY
2707,0,1,0,SCHOOL_DAILY_DIMENSION_ONLY_NO_CURRENT_USER
2708,1,1,1,COMMON_USER_AND_SCHOOL_DAILY
2709,1,1,1,COMMON_USER_AND_SCHOOL_DAILY
2710,1,1,1,COMMON_USER_AND_SCHOOL_DAILY
2711,1,1,1,COMMON_USER_AND_SCHOOL_DAILY
2712,1,1,1,COMMON_USER_AND_SCHOOL_DAILY
2713,1,1,1,COMMON_USER_AND_SCHOOL_DAILY
2714,1,1,1,COMMON_USER_AND_SCHOOL_DAILY
2715,1,1,1,COMMON_USER_AND_SCHOOL_DAILY
2716,1,1,1,COMMON_USER_AND_SCHOOL_DAILY
2717,1,1,1,COMMON_USER_AND_SCHOOL_DAILY
2718,1,1,1,COMMON_USER_AND_SCHOOL_DAILY
2719,1,1,1,COMMON_USER_AND_SCHOOL_DAILY
2720,1,1,1,COMMON_USER_AND_SCHOOL_DAILY
2721,1,1,1,COMMON_USER_AND_SCHOOL_DAILY
2722,1,1,1,COMMON_USER_AND_SCHOOL_DAILY
2723,1,1,1,COMMON_USER_AND_SCHOOL_DAILY
2724,1,1,1,COMMON_USER_AND_SCHOOL_DAILY
2725,1,1,1,COMMON_USER_AND_SCHOOL_DAILY
2726,1,1,1,COMMON_USER_AND_SCHOOL_DAILY
2727,1,1,1,COMMON_USER_AND_SCHOOL_DAILY
2728,1,1,1,COMMON_USER_AND_SCHOOL_DAILY
2729,1,1,1,COMMON_USER_AND_SCHOOL_DAILY
2730,1,1,1,COMMON_USER_AND_SCHOOL_DAILY
2731,1,1,1,COMMON_USER_AND_SCHOOL_DAILY
2732,1,1,1,COMMON_USER_AND_SCHOOL_DAILY
2733,1,1,1,COMMON_USER_AND_SCHOOL_DAILY
2734,0,1,0,SCHOOL_DAILY_DIMENSION_ONLY_NO_CURRENT_USER
2735,1,1,1,COMMON_USER_AND_SCHOOL_DAILY
2736,1,1,1,COMMON_USER_AND_SCHOOL_DAILY
2737,1,1,1,COMMON_USER_AND_SCHOOL_DAILY
2738,1,1,1,COMMON_USER_AND_SCHOOL_DAILY
2739,1,1,1,COMMON_USER_AND_SCHOOL_DAILY
2740,1,1,1,COMMON_USER_AND_SCHOOL_DAILY
2741,1,1,1,COMMON_USER_AND_SCHOOL_DAILY
2742,1,1,1,COMMON_USER_AND_SCHOOL_DAILY
2743,1,1,1,COMMON_USER_AND_SCHOOL_DAILY
2744,1,1,1,COMMON_USER_AND_SCHOOL_DAILY
2745,1,1,1,COMMON_USER_AND_SCHOOL_DAILY
2746,1,1,1,COMMON_USER_AND_SCHOOL_DAILY
2747,1,1,1,COMMON_USER_AND_SCHOOL_DAILY
2748,1,1,1,COMMON_USER_AND_SCHOOL_DAILY
2749,1,1,1,COMMON_USER_AND_SCHOOL_DAILY
2750,1,1,1,COMMON_USER_AND_SCHOOL_DAILY
2751,1,1,1,COMMON_USER_AND_SCHOOL_DAILY
2752,1,1,1,COMMON_USER_AND_SCHOOL_DAILY
2753,1,1,1,COMMON_USER_AND_SCHOOL_DAILY
2754,1,1,1,COMMON_USER_AND_SCHOOL_DAILY
2755,1,1,1,COMMON_USER_AND_SCHOOL_DAILY
2756,1,1,1,COMMON_USER_AND_SCHOOL_DAILY
2757,1,1,1,COMMON_USER_AND_SCHOOL_DAILY
2758,1,1,1,COMMON_USER_AND_SCHOOL_DAILY
2759,1,1,1,COMMON_USER_AND_SCHOOL_DAILY
2760,1,1,1,COMMON_USER_AND_SCHOOL_DAILY
2761,1,1,1,COMMON_USER_AND_SCHOOL_DAILY
2762,1,1,1,COMMON_USER_AND_SCHOOL_DAILY
2763,1,1,1,COMMON_USER_AND_SCHOOL_DAILY
2764,1,1,1,COMMON_USER_AND_SCHOOL_DAILY
2765,1,1,1,COMMON_USER_AND_SCHOOL_DAILY
2766,1,1,1,COMMON_USER_AND_SCHOOL_DAILY
2767,1,1,1,COMMON_USER_AND_SCHOOL_DAILY
2768,1,1,1,COMMON_USER_AND_SCHOOL_DAILY
2769,1,1,1,COMMON_USER_AND_SCHOOL_DAILY
2770,1,1,1,COMMON_USER_AND_SCHOOL_DAILY
2771,1,1,1,COMMON_USER_AND_SCHOOL_DAILY
2772,1,1,1,COMMON_USER_AND_SCHOOL_DAILY
2773,1,1,1,COMMON_USER_AND_SCHOOL_DAILY
2774,1,1,1,COMMON_USER_AND_SCHOOL_DAILY
2775,1,1,1,COMMON_USER_AND_SCHOOL_DAILY
2776,1,1,1,COMMON_USER_AND_SCHOOL_DAILY
2777,1,1,1,COMMON_USER_AND_SCHOOL_DAILY
2778,1,1,1,COMMON_USER_AND_SCHOOL_DAILY
2779,1,1,1,COMMON_USER_AND_SCHOOL_DAILY
2780,1,1,1,COMMON_USER_AND_SCHOOL_DAILY
2781,1,1,1,COMMON_USER_AND_SCHOOL_DAILY
2782,1,1,1,COMMON_USER_AND_SCHOOL_DAILY
2783,1,1,1,COMMON_USER_AND_SCHOOL_DAILY
2784,1,1,1,COMMON_USER_AND_SCHOOL_DAILY
2785,1,1,1,COMMON_USER_AND_SCHOOL_DAILY
2786,1,1,1,COMMON_USER_AND_SCHOOL_DAILY
2787,1,1,1,COMMON_USER_AND_SCHOOL_DAILY
2788,1,1,1,COMMON_USER_AND_SCHOOL_DAILY
2789,1,1,1,COMMON_USER_AND_SCHOOL_DAILY
2790,1,1,1,COMMON_USER_AND_SCHOOL_DAILY
2791,1,1,1,COMMON_USER_AND_SCHOOL_DAILY
2792,1,1,1,COMMON_USER_AND_SCHOOL_DAILY
2793,1,1,1,COMMON_USER_AND_SCHOOL_DAILY
2794,1,1,1,COMMON_USER_AND_SCHOOL_DAILY
2795,1,1,1,COMMON_USER_AND_SCHOOL_DAILY
2796,1,1,1,COMMON_USER_AND_SCHOOL_DAILY
2797,1,1,1,COMMON_USER_AND_SCHOOL_DAILY
2798,1,1,1,COMMON_USER_AND_SCHOOL_DAILY
2799,1,1,1,COMMON_USER_AND_SCHOOL_DAILY
2800,1,1,1,COMMON_USER_AND_SCHOOL_DAILY
2801,1,1,1,COMMON_USER_AND_SCHOOL_DAILY
2802,1,1,1,COMMON_USER_AND_SCHOOL_DAILY
2803,1,1,1,COMMON_USER_AND_SCHOOL_DAILY
2804,1,1,1,COMMON_USER_AND_SCHOOL_DAILY
2805,1,1,1,COMMON_USER_AND_SCHOOL_DAILY
2806,1,1,1,COMMON_USER_AND_SCHOOL_DAILY
2807,1,1,1,COMMON_USER_AND_SCHOOL_DAILY
2808,1,1,1,COMMON_USER_AND_SCHOOL_DAILY
2809,1,1,1,COMMON_USER_AND_SCHOOL_DAILY
2810,0,1,0,SCHOOL_DAILY_DIMENSION_ONLY_NO_CURRENT_USER
2811,1,1,1,COMMON_USER_AND_SCHOOL_DAILY
2812,1,1,1,COMMON_USER_AND_SCHOOL_DAILY
2813,1,1,1,COMMON_USER_AND_SCHOOL_DAILY
2814,1,1,1,COMMON_USER_AND_SCHOOL_DAILY
2815,1,1,1,COMMON_USER_AND_SCHOOL_DAILY
2816,1,1,1,COMMON_USER_AND_SCHOOL_DAILY
2817,1,1,1,COMMON_USER_AND_SCHOOL_DAILY
2818,1,1,1,COMMON_USER_AND_SCHOOL_DAILY
2819,1,1,1,COMMON_USER_AND_SCHOOL_DAILY
2820,1,1,1,COMMON_USER_AND_SCHOOL_DAILY
2821,1,1,1,COMMON_USER_AND_SCHOOL_DAILY
2822,1,1,1,COMMON_USER_AND_SCHOOL_DAILY
2823,1,1,1,COMMON_USER_AND_SCHOOL_DAILY
2824,1,1,1,COMMON_USER_AND_SCHOOL_DAILY
2825,1,1,1,COMMON_USER_AND_SCHOOL_DAILY
2826,1,1,1,COMMON_USER_AND_SCHOOL_DAILY
2827,1,1,1,COMMON_USER_AND_SCHOOL_DAILY
2828,1,1,1,COMMON_USER_AND_SCHOOL_DAILY
2829,1,1,1,COMMON_USER_AND_SCHOOL_DAILY
2830,1,1,1,COMMON_USER_AND_SCHOOL_DAILY
2831,1,1,1,COMMON_USER_AND_SCHOOL_DAILY
2832,1,1,1,COMMON_USER_AND_SCHOOL_DAILY
2833,1,1,1,COMMON_USER_AND_SCHOOL_DAILY
2834,1,1,1,COMMON_USER_AND_SCHOOL_DAILY
2835,1,1,1,COMMON_USER_AND_SCHOOL_DAILY
2836,1,1,1,COMMON_USER_AND_SCHOOL_DAILY
2837,1,1,1,COMMON_USER_AND_SCHOOL_DAILY
2838,1,1,1,COMMON_USER_AND_SCHOOL_DAILY
2839,1,1,1,COMMON_USER_AND_SCHOOL_DAILY
2840,1,1,1,COMMON_USER_AND_SCHOOL_DAILY
2841,1,1,1,COMMON_USER_AND_SCHOOL_DAILY
2842,1,1,1,COMMON_USER_AND_SCHOOL_DAILY
2843,1,1,1,COMMON_USER_AND_SCHOOL_DAILY
2844,1,1,1,COMMON_USER_AND_SCHOOL_DAILY
2845,1,1,1,COMMON_USER_AND_SCHOOL_DAILY
2846,1,1,1,COMMON_USER_AND_SCHOOL_DAILY
2847,1,1,1,COMMON_USER_AND_SCHOOL_DAILY
2848,1,1,1,COMMON_USER_AND_SCHOOL_DAILY
2849,1,1,1,COMMON_USER_AND_SCHOOL_DAILY
2850,1,1,1,COMMON_USER_AND_SCHOOL_DAILY
2851,1,1,1,COMMON_USER_AND_SCHOOL_DAILY
2852,1,1,1,COMMON_USER_AND_SCHOOL_DAILY
2853,0,1,0,SCHOOL_DAILY_DIMENSION_ONLY_NO_CURRENT_USER
2854,1,1,1,COMMON_USER_AND_SCHOOL_DAILY
2855,1,1,1,COMMON_USER_AND_SCHOOL_DAILY
2856,1,1,1,COMMON_USER_AND_SCHOOL_DAILY
2857,1,1,1,COMMON_USER_AND_SCHOOL_DAILY
2858,1,1,1,COMMON_USER_AND_SCHOOL_DAILY
2859,1,1,1,COMMON_USER_AND_SCHOOL_DAILY
2860,1,1,1,COMMON_USER_AND_SCHOOL_DAILY
2861,1,1,1,COMMON_USER_AND_SCHOOL_DAILY
2862,1,1,1,COMMON_USER_AND_SCHOOL_DAILY
2863,1,1,1,COMMON_USER_AND_SCHOOL_DAILY
2864,1,1,1,COMMON_USER_AND_SCHOOL_DAILY
2865,1,1,1,COMMON_USER_AND_SCHOOL_DAILY
2866,1,1,1,COMMON_USER_AND_SCHOOL_DAILY
2867,1,1,1,COMMON_USER_AND_SCHOOL_DAILY
2868,0,1,0,SCHOOL_DAILY_DIMENSION_ONLY_NO_CURRENT_USER
2869,1,1,1,COMMON_USER_AND_SCHOOL_DAILY
2870,1,1,1,COMMON_USER_AND_SCHOOL_DAILY
2871,1,1,1,COMMON_USER_AND_SCHOOL_DAILY
2872,1,1,1,COMMON_USER_AND_SCHOOL_DAILY
2873,1,1,1,COMMON_USER_AND_SCHOOL_DAILY
2874,1,1,1,COMMON_USER_AND_SCHOOL_DAILY
2875,1,1,1,COMMON_USER_AND_SCHOOL_DAILY
2876,1,1,1,COMMON_USER_AND_SCHOOL_DAILY
2877,1,1,1,COMMON_USER_AND_SCHOOL_DAILY
2878,1,1,1,COMMON_USER_AND_SCHOOL_DAILY
2879,1,1,1,COMMON_USER_AND_SCHOOL_DAILY
2880,1,1,1,COMMON_USER_AND_SCHOOL_DAILY
2881,1,1,1,COMMON_USER_AND_SCHOOL_DAILY
2882,1,1,1,COMMON_USER_AND_SCHOOL_DAILY
2883,1,1,1,COMMON_USER_AND_SCHOOL_DAILY
2884,1,1,1,COMMON_USER_AND_SCHOOL_DAILY
2885,1,1,1,COMMON_USER_AND_SCHOOL_DAILY
2886,0,1,0,SCHOOL_DAILY_DIMENSION_ONLY_NO_CURRENT_USER
2887,1,1,1,COMMON_USER_AND_SCHOOL_DAILY
2888,1,1,1,COMMON_USER_AND_SCHOOL_DAILY
2889,1,1,1,COMMON_USER_AND_SCHOOL_DAILY
2890,0,1,0,SCHOOL_DAILY_DIMENSION_ONLY_NO_CURRENT_USER
2891,1,1,1,COMMON_USER_AND_SCHOOL_DAILY
2892,1,1,1,COMMON_USER_AND_SCHOOL_DAILY
2893,1,1,1,COMMON_USER_AND_SCHOOL_DAILY
2894,1,1,1,COMMON_USER_AND_SCHOOL_DAILY
2895,1,1,1,COMMON_USER_AND_SCHOOL_DAILY
2896,1,1,1,COMMON_USER_AND_SCHOOL_DAILY
2897,1,1,1,COMMON_USER_AND_SCHOOL_DAILY
2898,1,1,1,COMMON_USER_AND_SCHOOL_DAILY
2899,1,1,1,COMMON_USER_AND_SCHOOL_DAILY
2900,1,1,1,COMMON_USER_AND_SCHOOL_DAILY
2901,1,1,1,COMMON_USER_AND_SCHOOL_DAILY
2902,1,1,1,COMMON_USER_AND_SCHOOL_DAILY
2903,0,1,0,SCHOOL_DAILY_DIMENSION_ONLY_NO_CURRENT_USER
2904,1,1,1,COMMON_USER_AND_SCHOOL_DAILY
2905,1,1,1,COMMON_USER_AND_SCHOOL_DAILY
2906,1,1,1,COMMON_USER_AND_SCHOOL_DAILY
2907,1,1,1,COMMON_USER_AND_SCHOOL_DAILY
2908,1,1,1,COMMON_USER_AND_SCHOOL_DAILY
2909,1,1,1,COMMON_USER_AND_SCHOOL_DAILY
2910,1,1,1,COMMON_USER_AND_SCHOOL_DAILY
2911,1,1,1,COMMON_USER_AND_SCHOOL_DAILY
2912,1,1,1,COMMON_USER_AND_SCHOOL_DAILY
2913,1,1,1,COMMON_USER_AND_SCHOOL_DAILY
2914,1,1,1,COMMON_USER_AND_SCHOOL_DAILY
2915,1,1,1,COMMON_USER_AND_SCHOOL_DAILY
2916,1,1,1,COMMON_USER_AND_SCHOOL_DAILY
2917,1,1,1,COMMON_USER_AND_SCHOOL_DAILY
2918,1,1,1,COMMON_USER_AND_SCHOOL_DAILY
2919,1,1,1,COMMON_USER_AND_SCHOOL_DAILY
2920,1,1,1,COMMON_USER_AND_SCHOOL_DAILY
2921,1,1,1,COMMON_USER_AND_SCHOOL_DAILY
2922,1,1,1,COMMON_USER_AND_SCHOOL_DAILY
2923,1,1,1,COMMON_USER_AND_SCHOOL_DAILY
2924,1,1,1,COMMON_USER_AND_SCHOOL_DAILY
2925,1,1,1,COMMON_USER_AND_SCHOOL_DAILY
2926,1,1,1,COMMON_USER_AND_SCHOOL_DAILY
2927,1,1,1,COMMON_USER_AND_SCHOOL_DAILY
2928,1,1,1,COMMON_USER_AND_SCHOOL_DAILY
2929,1,1,1,COMMON_USER_AND_SCHOOL_DAILY
2930,1,1,1,COMMON_USER_AND_SCHOOL_DAILY
2931,1,1,1,COMMON_USER_AND_SCHOOL_DAILY
2932,1,1,1,COMMON_USER_AND_SCHOOL_DAILY
2933,1,1,1,COMMON_USER_AND_SCHOOL_DAILY
2934,1,1,1,COMMON_USER_AND_SCHOOL_DAILY
2935,1,1,1,COMMON_USER_AND_SCHOOL_DAILY
2936,1,1,1,COMMON_USER_AND_SCHOOL_DAILY
2937,1,1,1,COMMON_USER_AND_SCHOOL_DAILY
2938,0,1,0,SCHOOL_DAILY_DIMENSION_ONLY_NO_CURRENT_USER
2939,1,1,1,COMMON_USER_AND_SCHOOL_DAILY
2940,1,1,1,COMMON_USER_AND_SCHOOL_DAILY
2941,1,1,1,COMMON_USER_AND_SCHOOL_DAILY
2942,1,1,1,COMMON_USER_AND_SCHOOL_DAILY
2943,1,1,1,COMMON_USER_AND_SCHOOL_DAILY
2944,1,1,1,COMMON_USER_AND_SCHOOL_DAILY
2945,1,1,1,COMMON_USER_AND_SCHOOL_DAILY
2946,1,1,1,COMMON_USER_AND_SCHOOL_DAILY
2947,1,1,1,COMMON_USER_AND_SCHOOL_DAILY
2948,1,1,1,COMMON_USER_AND_SCHOOL_DAILY
2949,1,1,1,COMMON_USER_AND_SCHOOL_DAILY
2950,1,1,1,COMMON_USER_AND_SCHOOL_DAILY
2951,1,1,1,COMMON_USER_AND_SCHOOL_DAILY
2952,1,1,1,COMMON_USER_AND_SCHOOL_DAILY
2953,1,1,1,COMMON_USER_AND_SCHOOL_DAILY
2954,1,1,1,COMMON_USER_AND_SCHOOL_DAILY
2955,1,1,1,COMMON_USER_AND_SCHOOL_DAILY
2956,1,1,1,COMMON_USER_AND_SCHOOL_DAILY
2957,1,1,1,COMMON_USER_AND_SCHOOL_DAILY
2958,1,1,1,COMMON_USER_AND_SCHOOL_DAILY
2959,1,1,1,COMMON_USER_AND_SCHOOL_DAILY
2960,1,1,1,COMMON_USER_AND_SCHOOL_DAILY
2961,1,1,1,COMMON_USER_AND_SCHOOL_DAILY
2962,1,1,1,COMMON_USER_AND_SCHOOL_DAILY
2963,1,1,1,COMMON_USER_AND_SCHOOL_DAILY
2964,1,1,1,COMMON_USER_AND_SCHOOL_DAILY
2965,1,1,1,COMMON_USER_AND_SCHOOL_DAILY
2966,1,1,1,COMMON_USER_AND_SCHOOL_DAILY
2967,1,1,1,COMMON_USER_AND_SCHOOL_DAILY
2968,1,1,1,COMMON_USER_AND_SCHOOL_DAILY
2969,1,1,1,COMMON_USER_AND_SCHOOL_DAILY
2970,1,1,1,COMMON_USER_AND_SCHOOL_DAILY
2971,1,1,1,COMMON_USER_AND_SCHOOL_DAILY
2972,1,1,1,COMMON_USER_AND_SCHOOL_DAILY
2973,1,1,1,COMMON_USER_AND_SCHOOL_DAILY
2974,1,1,1,COMMON_USER_AND_SCHOOL_DAILY
2975,1,1,1,COMMON_USER_AND_SCHOOL_DAILY
2976,1,1,1,COMMON_USER_AND_SCHOOL_DAILY
2977,1,1,1,COMMON_USER_AND_SCHOOL_DAILY
2978,1,1,1,COMMON_USER_AND_SCHOOL_DAILY
2979,1,1,1,COMMON_USER_AND_SCHOOL_DAILY
2980,1,1,1,COMMON_USER_AND_SCHOOL_DAILY
2981,0,1,0,SCHOOL_DAILY_DIMENSION_ONLY_NO_CURRENT_USER
2982,1,1,1,COMMON_USER_AND_SCHOOL_DAILY
2983,1,1,1,COMMON_USER_AND_SCHOOL_DAILY
2984,1,1,1,COMMON_USER_AND_SCHOOL_DAILY
2985,1,1,1,COMMON_USER_AND_SCHOOL_DAILY
2986,1,1,1,COMMON_USER_AND_SCHOOL_DAILY
2987,1,1,1,COMMON_USER_AND_SCHOOL_DAILY
2988,1,1,1,COMMON_USER_AND_SCHOOL_DAILY
2989,1,1,1,COMMON_USER_AND_SCHOOL_DAILY
2990,1,1,1,COMMON_USER_AND_SCHOOL_DAILY
2991,1,1,1,COMMON_USER_AND_SCHOOL_DAILY
2992,1,1,1,COMMON_USER_AND_SCHOOL_DAILY
2993,1,1,1,COMMON_USER_AND_SCHOOL_DAILY
2994,1,1,1,COMMON_USER_AND_SCHOOL_DAILY
2995,1,1,1,COMMON_USER_AND_SCHOOL_DAILY
2996,1,1,1,COMMON_USER_AND_SCHOOL_DAILY
2997,1,1,1,COMMON_USER_AND_SCHOOL_DAILY
2998,1,1,1,COMMON_USER_AND_SCHOOL_DAILY
2999,1,1,1,COMMON_USER_AND_SCHOOL_DAILY
3000,1,1,1,COMMON_USER_AND_SCHOOL_DAILY
3001,1,1,1,COMMON_USER_AND_SCHOOL_DAILY
3002,1,1,1,COMMON_USER_AND_SCHOOL_DAILY
3003,1,1,1,COMMON_USER_AND_SCHOOL_DAILY
3004,1,1,1,COMMON_USER_AND_SCHOOL_DAILY
3005,1,1,1,COMMON_USER_AND_SCHOOL_DAILY
3006,1,1,1,COMMON_USER_AND_SCHOOL_DAILY
3007,1,1,1,COMMON_USER_AND_SCHOOL_DAILY
3008,1,1,1,COMMON_USER_AND_SCHOOL_DAILY
3009,1,1,1,COMMON_USER_AND_SCHOOL_DAILY
3010,1,1,1,COMMON_USER_AND_SCHOOL_DAILY
3011,1,1,1,COMMON_USER_AND_SCHOOL_DAILY
3012,1,1,1,COMMON_USER_AND_SCHOOL_DAILY
3013,1,1,1,COMMON_USER_AND_SCHOOL_DAILY
3014,1,1,1,COMMON_USER_AND_SCHOOL_DAILY
3015,1,1,1,COMMON_USER_AND_SCHOOL_DAILY
3016,1,1,1,COMMON_USER_AND_SCHOOL_DAILY
3017,1,1,1,COMMON_USER_AND_SCHOOL_DAILY
3018,1,1,1,COMMON_USER_AND_SCHOOL_DAILY
3019,1,1,1,COMMON_USER_AND_SCHOOL_DAILY
3020,1,1,1,COMMON_USER_AND_SCHOOL_DAILY
3021,1,1,1,COMMON_USER_AND_SCHOOL_DAILY
3022,1,1,1,COMMON_USER_AND_SCHOOL_DAILY
3023,1,1,1,COMMON_USER_AND_SCHOOL_DAILY
3024,0,1,0,SCHOOL_DAILY_DIMENSION_ONLY_NO_CURRENT_USER
3025,0,1,0,SCHOOL_DAILY_DIMENSION_ONLY_NO_CURRENT_USER
3026,1,1,1,COMMON_USER_AND_SCHOOL_DAILY
3027,1,1,1,COMMON_USER_AND_SCHOOL_DAILY
3028,1,1,1,COMMON_USER_AND_SCHOOL_DAILY
3029,1,1,1,COMMON_USER_AND_SCHOOL_DAILY
3030,1,1,1,COMMON_USER_AND_SCHOOL_DAILY
3031,1,1,1,COMMON_USER_AND_SCHOOL_DAILY
3032,1,1,1,COMMON_USER_AND_SCHOOL_DAILY
3033,1,1,1,COMMON_USER_AND_SCHOOL_DAILY
3034,1,1,1,COMMON_USER_AND_SCHOOL_DAILY
3035,1,1,1,COMMON_USER_AND_SCHOOL_DAILY
3036,1,1,1,COMMON_USER_AND_SCHOOL_DAILY
3037,1,1,1,COMMON_USER_AND_SCHOOL_DAILY
3038,1,1,1,COMMON_USER_AND_SCHOOL_DAILY
3039,1,1,1,COMMON_USER_AND_SCHOOL_DAILY
3040,1,1,1,COMMON_USER_AND_SCHOOL_DAILY
3041,1,1,1,COMMON_USER_AND_SCHOOL_DAILY
3042,1,1,1,COMMON_USER_AND_SCHOOL_DAILY
3043,1,1,1,COMMON_USER_AND_SCHOOL_DAILY
3044,1,1,1,COMMON_USER_AND_SCHOOL_DAILY
3045,1,1,1,COMMON_USER_AND_SCHOOL_DAILY
3046,1,1,1,COMMON_USER_AND_SCHOOL_DAILY
3047,1,1,1,COMMON_USER_AND_SCHOOL_DAILY
3048,1,1,1,COMMON_USER_AND_SCHOOL_DAILY
3049,1,1,1,COMMON_USER_AND_SCHOOL_DAILY
3050,1,1,1,COMMON_USER_AND_SCHOOL_DAILY
3051,1,1,1,COMMON_USER_AND_SCHOOL_DAILY
3052,1,1,1,COMMON_USER_AND_SCHOOL_DAILY
3053,1,1,1,COMMON_USER_AND_SCHOOL_DAILY
3054,1,1,1,COMMON_USER_AND_SCHOOL_DAILY
3055,1,1,1,COMMON_USER_AND_SCHOOL_DAILY
3056,1,1,1,COMMON_USER_AND_SCHOOL_DAILY
3057,1,1,1,COMMON_USER_AND_SCHOOL_DAILY
3058,1,1,1,COMMON_USER_AND_SCHOOL_DAILY
3059,1,1,1,COMMON_USER_AND_SCHOOL_DAILY
3060,1,1,1,COMMON_USER_AND_SCHOOL_DAILY
3061,1,1,1,COMMON_USER_AND_SCHOOL_DAILY
3062,1,1,1,COMMON_USER_AND_SCHOOL_DAILY
3063,0,1,0,SCHOOL_DAILY_DIMENSION_ONLY_NO_CURRENT_USER
3064,1,1,1,COMMON_USER_AND_SCHOOL_DAILY
3065,0,1,0,SCHOOL_DAILY_DIMENSION_ONLY_NO_CURRENT_USER
3066,1,1,1,COMMON_USER_AND_SCHOOL_DAILY
3067,1,1,1,COMMON_USER_AND_SCHOOL_DAILY
3068,1,1,1,COMMON_USER_AND_SCHOOL_DAILY
3069,1,1,1,COMMON_USER_AND_SCHOOL_DAILY
3070,1,1,1,COMMON_USER_AND_SCHOOL_DAILY
3071,1,1,1,COMMON_USER_AND_SCHOOL_DAILY
3072,1,1,1,COMMON_USER_AND_SCHOOL_DAILY
3073,1,1,1,COMMON_USER_AND_SCHOOL_DAILY
3074,1,1,1,COMMON_USER_AND_SCHOOL_DAILY
3075,1,1,1,COMMON_USER_AND_SCHOOL_DAILY
3076,1,1,1,COMMON_USER_AND_SCHOOL_DAILY
3077,1,1,1,COMMON_USER_AND_SCHOOL_DAILY
3078,1,1,1,COMMON_USER_AND_SCHOOL_DAILY
3079,1,1,1,COMMON_USER_AND_SCHOOL_DAILY
3080,1,1,1,COMMON_USER_AND_SCHOOL_DAILY
3081,1,1,1,COMMON_USER_AND_SCHOOL_DAILY
3082,1,1,1,COMMON_USER_AND_SCHOOL_DAILY
3083,1,1,1,COMMON_USER_AND_SCHOOL_DAILY
3084,1,1,1,COMMON_USER_AND_SCHOOL_DAILY
3085,1,1,1,COMMON_USER_AND_SCHOOL_DAILY
3086,1,1,1,COMMON_USER_AND_SCHOOL_DAILY
3087,1,1,1,COMMON_USER_AND_SCHOOL_DAILY
3088,1,1,1,COMMON_USER_AND_SCHOOL_DAILY
3089,1,1,1,COMMON_USER_AND_SCHOOL_DAILY
3090,1,1,1,COMMON_USER_AND_SCHOOL_DAILY
3091,1,1,1,COMMON_USER_AND_SCHOOL_DAILY
3092,1,1,1,COMMON_USER_AND_SCHOOL_DAILY
3093,1,1,1,COMMON_USER_AND_SCHOOL_DAILY
3094,1,1,1,COMMON_USER_AND_SCHOOL_DAILY
3095,1,1,1,COMMON_USER_AND_SCHOOL_DAILY
3096,1,1,1,COMMON_USER_AND_SCHOOL_DAILY
3097,1,1,1,COMMON_USER_AND_SCHOOL_DAILY
3098,0,1,0,SCHOOL_DAILY_DIMENSION_ONLY_NO_CURRENT_USER
3099,0,1,0,SCHOOL_DAILY_DIMENSION_ONLY_NO_CURRENT_USER
3100,1,1,1,COMMON_USER_AND_SCHOOL_DAILY
3101,1,1,1,COMMON_USER_AND_SCHOOL_DAILY
3102,1,1,1,COMMON_USER_AND_SCHOOL_DAILY
3103,1,1,1,COMMON_USER_AND_SCHOOL_DAILY
3104,1,1,1,COMMON_USER_AND_SCHOOL_DAILY
3105,1,1,1,COMMON_USER_AND_SCHOOL_DAILY
3106,1,1,1,COMMON_USER_AND_SCHOOL_DAILY
3107,1,1,1,COMMON_USER_AND_SCHOOL_DAILY
3108,1,1,1,COMMON_USER_AND_SCHOOL_DAILY
3109,1,1,1,COMMON_USER_AND_SCHOOL_DAILY
3110,1,1,1,COMMON_USER_AND_SCHOOL_DAILY
3111,1,1,1,COMMON_USER_AND_SCHOOL_DAILY
3112,1,1,1,COMMON_USER_AND_SCHOOL_DAILY
3113,1,1,1,COMMON_USER_AND_SCHOOL_DAILY
3114,1,1,1,COMMON_USER_AND_SCHOOL_DAILY
3115,1,1,1,COMMON_USER_AND_SCHOOL_DAILY
3116,1,1,1,COMMON_USER_AND_SCHOOL_DAILY
3117,1,1,1,COMMON_USER_AND_SCHOOL_DAILY
3118,1,1,1,COMMON_USER_AND_SCHOOL_DAILY
3119,1,1,1,COMMON_USER_AND_SCHOOL_DAILY
3120,1,1,1,COMMON_USER_AND_SCHOOL_DAILY
3121,1,1,1,COMMON_USER_AND_SCHOOL_DAILY
3122,1,1,1,COMMON_USER_AND_SCHOOL_DAILY
3123,1,1,1,COMMON_USER_AND_SCHOOL_DAILY
3124,1,1,1,COMMON_USER_AND_SCHOOL_DAILY
3125,1,1,1,COMMON_USER_AND_SCHOOL_DAILY
3126,1,1,1,COMMON_USER_AND_SCHOOL_DAILY
3127,1,1,1,COMMON_USER_AND_SCHOOL_DAILY
3128,1,1,1,COMMON_USER_AND_SCHOOL_DAILY
3129,1,1,1,COMMON_USER_AND_SCHOOL_DAILY
3130,1,1,1,COMMON_USER_AND_SCHOOL_DAILY
3131,1,1,1,COMMON_USER_AND_SCHOOL_DAILY
3132,1,1,1,COMMON_USER_AND_SCHOOL_DAILY
3133,1,1,1,COMMON_USER_AND_SCHOOL_DAILY
3134,1,1,1,COMMON_USER_AND_SCHOOL_DAILY
3135,1,1,1,COMMON_USER_AND_SCHOOL_DAILY
3136,1,1,1,COMMON_USER_AND_SCHOOL_DAILY
3137,1,1,1,COMMON_USER_AND_SCHOOL_DAILY
3138,1,1,1,COMMON_USER_AND_SCHOOL_DAILY
3139,1,1,1,COMMON_USER_AND_SCHOOL_DAILY
3140,1,1,1,COMMON_USER_AND_SCHOOL_DAILY
3141,1,1,1,COMMON_USER_AND_SCHOOL_DAILY
3142,1,1,1,COMMON_USER_AND_SCHOOL_DAILY
3143,1,1,1,COMMON_USER_AND_SCHOOL_DAILY
3144,1,1,1,COMMON_USER_AND_SCHOOL_DAILY
3145,1,1,1,COMMON_USER_AND_SCHOOL_DAILY
3146,1,1,1,COMMON_USER_AND_SCHOOL_DAILY
3147,1,1,1,COMMON_USER_AND_SCHOOL_DAILY
3148,1,1,1,COMMON_USER_AND_SCHOOL_DAILY
3149,1,1,1,COMMON_USER_AND_SCHOOL_DAILY
3150,1,1,1,COMMON_USER_AND_SCHOOL_DAILY
3151,1,1,1,COMMON_USER_AND_SCHOOL_DAILY
3152,1,1,1,COMMON_USER_AND_SCHOOL_DAILY
3153,1,1,1,COMMON_USER_AND_SCHOOL_DAILY
3154,1,1,1,COMMON_USER_AND_SCHOOL_DAILY
3155,1,1,1,COMMON_USER_AND_SCHOOL_DAILY
3156,1,1,1,COMMON_USER_AND_SCHOOL_DAILY
3157,1,1,1,COMMON_USER_AND_SCHOOL_DAILY
3158,1,1,1,COMMON_USER_AND_SCHOOL_DAILY
3159,1,1,1,COMMON_USER_AND_SCHOOL_DAILY
3160,1,1,1,COMMON_USER_AND_SCHOOL_DAILY
3161,1,1,1,COMMON_USER_AND_SCHOOL_DAILY
3162,1,1,1,COMMON_USER_AND_SCHOOL_DAILY
3163,1,1,1,COMMON_USER_AND_SCHOOL_DAILY
3164,1,1,1,COMMON_USER_AND_SCHOOL_DAILY
3165,1,1,1,COMMON_USER_AND_SCHOOL_DAILY
3166,1,1,1,COMMON_USER_AND_SCHOOL_DAILY
3167,1,1,1,COMMON_USER_AND_SCHOOL_DAILY
3168,1,1,1,COMMON_USER_AND_SCHOOL_DAILY
3169,1,1,1,COMMON_USER_AND_SCHOOL_DAILY
3170,1,1,1,COMMON_USER_AND_SCHOOL_DAILY
3171,1,1,1,COMMON_USER_AND_SCHOOL_DAILY
3172,1,1,1,COMMON_USER_AND_SCHOOL_DAILY
3173,1,1,1,COMMON_USER_AND_SCHOOL_DAILY
3174,1,1,1,COMMON_USER_AND_SCHOOL_DAILY
3175,1,1,1,COMMON_USER_AND_SCHOOL_DAILY
3176,1,1,1,COMMON_USER_AND_SCHOOL_DAILY
3177,1,1,1,COMMON_USER_AND_SCHOOL_DAILY
3178,1,1,1,COMMON_USER_AND_SCHOOL_DAILY
3179,1,1,1,COMMON_USER_AND_SCHOOL_DAILY
3180,1,1,1,COMMON_USER_AND_SCHOOL_DAILY
3181,1,1,1,COMMON_USER_AND_SCHOOL_DAILY
3182,1,1,1,COMMON_USER_AND_SCHOOL_DAILY
3183,1,1,1,COMMON_USER_AND_SCHOOL_DAILY
3184,1,1,1,COMMON_USER_AND_SCHOOL_DAILY
3185,1,1,1,COMMON_USER_AND_SCHOOL_DAILY
3186,1,1,1,COMMON_USER_AND_SCHOOL_DAILY
3187,1,1,1,COMMON_USER_AND_SCHOOL_DAILY
3188,1,1,1,COMMON_USER_AND_SCHOOL_DAILY
3189,0,1,0,SCHOOL_DAILY_DIMENSION_ONLY_NO_CURRENT_USER
3190,1,1,1,COMMON_USER_AND_SCHOOL_DAILY
3191,1,1,1,COMMON_USER_AND_SCHOOL_DAILY
3192,1,1,1,COMMON_USER_AND_SCHOOL_DAILY
3193,1,1,1,COMMON_USER_AND_SCHOOL_DAILY
3194,1,1,1,COMMON_USER_AND_SCHOOL_DAILY
3195,1,1,1,COMMON_USER_AND_SCHOOL_DAILY
3196,1,1,1,COMMON_USER_AND_SCHOOL_DAILY
3197,1,1,1,COMMON_USER_AND_SCHOOL_DAILY
3198,1,1,1,COMMON_USER_AND_SCHOOL_DAILY
3199,1,1,1,COMMON_USER_AND_SCHOOL_DAILY
3200,0,1,0,SCHOOL_DAILY_DIMENSION_ONLY_NO_CURRENT_USER
3201,1,1,1,COMMON_USER_AND_SCHOOL_DAILY
3202,1,1,1,COMMON_USER_AND_SCHOOL_DAILY
3203,1,1,1,COMMON_USER_AND_SCHOOL_DAILY
3204,1,1,1,COMMON_USER_AND_SCHOOL_DAILY
3205,1,1,1,COMMON_USER_AND_SCHOOL_DAILY
3206,1,1,1,COMMON_USER_AND_SCHOOL_DAILY
3207,1,1,1,COMMON_USER_AND_SCHOOL_DAILY
3208,1,1,1,COMMON_USER_AND_SCHOOL_DAILY
3209,0,1,0,SCHOOL_DAILY_DIMENSION_ONLY_NO_CURRENT_USER
3210,1,1,1,COMMON_USER_AND_SCHOOL_DAILY
3211,1,1,1,COMMON_USER_AND_SCHOOL_DAILY
3212,1,1,1,COMMON_USER_AND_SCHOOL_DAILY
3213,1,1,1,COMMON_USER_AND_SCHOOL_DAILY
3214,1,1,1,COMMON_USER_AND_SCHOOL_DAILY
3215,1,1,1,COMMON_USER_AND_SCHOOL_DAILY
3216,1,1,1,COMMON_USER_AND_SCHOOL_DAILY
3217,1,1,1,COMMON_USER_AND_SCHOOL_DAILY
3218,1,1,1,COMMON_USER_AND_SCHOOL_DAILY
3219,1,1,1,COMMON_USER_AND_SCHOOL_DAILY
3220,1,1,1,COMMON_USER_AND_SCHOOL_DAILY
3221,1,1,1,COMMON_USER_AND_SCHOOL_DAILY
3222,1,1,1,COMMON_USER_AND_SCHOOL_DAILY
3223,1,1,1,COMMON_USER_AND_SCHOOL_DAILY
3224,1,1,1,COMMON_USER_AND_SCHOOL_DAILY
3225,1,1,1,COMMON_USER_AND_SCHOOL_DAILY
3226,1,1,1,COMMON_USER_AND_SCHOOL_DAILY
3227,1,1,1,COMMON_USER_AND_SCHOOL_DAILY
3228,1,1,1,COMMON_USER_AND_SCHOOL_DAILY
3229,1,1,1,COMMON_USER_AND_SCHOOL_DAILY
3230,1,1,1,COMMON_USER_AND_SCHOOL_DAILY
3231,1,1,1,COMMON_USER_AND_SCHOOL_DAILY
3232,1,1,1,COMMON_USER_AND_SCHOOL_DAILY
3233,1,1,1,COMMON_USER_AND_SCHOOL_DAILY
3234,1,1,1,COMMON_USER_AND_SCHOOL_DAILY
3235,1,1,1,COMMON_USER_AND_SCHOOL_DAILY
3236,1,1,1,COMMON_USER_AND_SCHOOL_DAILY
3237,1,1,1,COMMON_USER_AND_SCHOOL_DAILY
3238,1,1,1,COMMON_USER_AND_SCHOOL_DAILY
3239,1,1,1,COMMON_USER_AND_SCHOOL_DAILY
3240,1,1,1,COMMON_USER_AND_SCHOOL_DAILY
3241,1,1,1,COMMON_USER_AND_SCHOOL_DAILY
3242,1,1,1,COMMON_USER_AND_SCHOOL_DAILY
3243,1,1,1,COMMON_USER_AND_SCHOOL_DAILY
3244,1,1,1,COMMON_USER_AND_SCHOOL_DAILY
3245,1,1,1,COMMON_USER_AND_SCHOOL_DAILY
3246,1,1,1,COMMON_USER_AND_SCHOOL_DAILY
3247,1,1,1,COMMON_USER_AND_SCHOOL_DAILY
3248,1,1,1,COMMON_USER_AND_SCHOOL_DAILY
3249,1,1,1,COMMON_USER_AND_SCHOOL_DAILY
3250,1,1,1,COMMON_USER_AND_SCHOOL_DAILY
3251,1,1,1,COMMON_USER_AND_SCHOOL_DAILY
3252,1,1,1,COMMON_USER_AND_SCHOOL_DAILY
3253,1,1,1,COMMON_USER_AND_SCHOOL_DAILY
3254,1,1,1,COMMON_USER_AND_SCHOOL_DAILY
3255,1,1,1,COMMON_USER_AND_SCHOOL_DAILY
3256,1,1,1,COMMON_USER_AND_SCHOOL_DAILY
3257,1,1,1,COMMON_USER_AND_SCHOOL_DAILY
3258,1,1,1,COMMON_USER_AND_SCHOOL_DAILY
3259,1,1,1,COMMON_USER_AND_SCHOOL_DAILY
3260,1,1,1,COMMON_USER_AND_SCHOOL_DAILY
3261,1,1,1,COMMON_USER_AND_SCHOOL_DAILY
3262,1,1,1,COMMON_USER_AND_SCHOOL_DAILY
3263,1,1,1,COMMON_USER_AND_SCHOOL_DAILY
3264,1,1,1,COMMON_USER_AND_SCHOOL_DAILY
3265,1,1,1,COMMON_USER_AND_SCHOOL_DAILY
3266,1,1,1,COMMON_USER_AND_SCHOOL_DAILY
3267,1,1,1,COMMON_USER_AND_SCHOOL_DAILY
3268,1,1,1,COMMON_USER_AND_SCHOOL_DAILY
3269,1,1,1,COMMON_USER_AND_SCHOOL_DAILY
3270,1,1,1,COMMON_USER_AND_SCHOOL_DAILY
3271,1,1,1,COMMON_USER_AND_SCHOOL_DAILY
3272,1,1,1,COMMON_USER_AND_SCHOOL_DAILY
3273,1,1,1,COMMON_USER_AND_SCHOOL_DAILY
3274,1,1,1,COMMON_USER_AND_SCHOOL_DAILY
3275,1,1,1,COMMON_USER_AND_SCHOOL_DAILY
3276,1,1,1,COMMON_USER_AND_SCHOOL_DAILY
3277,1,1,1,COMMON_USER_AND_SCHOOL_DAILY
3278,1,1,1,COMMON_USER_AND_SCHOOL_DAILY
3279,1,1,1,COMMON_USER_AND_SCHOOL_DAILY
3280,1,1,1,COMMON_USER_AND_SCHOOL_DAILY
3281,1,1,1,COMMON_USER_AND_SCHOOL_DAILY
3282,1,1,1,COMMON_USER_AND_SCHOOL_DAILY
3283,1,1,1,COMMON_USER_AND_SCHOOL_DAILY
3284,1,1,1,COMMON_USER_AND_SCHOOL_DAILY
3285,1,1,1,COMMON_USER_AND_SCHOOL_DAILY
3286,1,1,1,COMMON_USER_AND_SCHOOL_DAILY
3287,1,1,1,COMMON_USER_AND_SCHOOL_DAILY
3288,1,1,1,COMMON_USER_AND_SCHOOL_DAILY
3289,1,1,1,COMMON_USER_AND_SCHOOL_DAILY
3290,1,1,1,COMMON_USER_AND_SCHOOL_DAILY
3291,1,1,1,COMMON_USER_AND_SCHOOL_DAILY
3292,1,1,1,COMMON_USER_AND_SCHOOL_DAILY
3293,1,1,1,COMMON_USER_AND_SCHOOL_DAILY
3294,1,1,1,COMMON_USER_AND_SCHOOL_DAILY
3295,1,1,1,COMMON_USER_AND_SCHOOL_DAILY
3296,1,1,1,COMMON_USER_AND_SCHOOL_DAILY
3297,0,1,0,SCHOOL_DAILY_DIMENSION_ONLY_NO_CURRENT_USER
3298,1,1,1,COMMON_USER_AND_SCHOOL_DAILY
3299,1,1,1,COMMON_USER_AND_SCHOOL_DAILY
3300,1,1,1,COMMON_USER_AND_SCHOOL_DAILY
3301,1,1,1,COMMON_USER_AND_SCHOOL_DAILY
3302,1,1,1,COMMON_USER_AND_SCHOOL_DAILY
3303,1,1,1,COMMON_USER_AND_SCHOOL_DAILY
3304,1,1,1,COMMON_USER_AND_SCHOOL_DAILY
3305,1,1,1,COMMON_USER_AND_SCHOOL_DAILY
3306,1,1,1,COMMON_USER_AND_SCHOOL_DAILY
3307,1,1,1,COMMON_USER_AND_SCHOOL_DAILY
3308,1,1,1,COMMON_USER_AND_SCHOOL_DAILY
3309,1,1,1,COMMON_USER_AND_SCHOOL_DAILY
3310,1,1,1,COMMON_USER_AND_SCHOOL_DAILY
3311,1,1,1,COMMON_USER_AND_SCHOOL_DAILY
3312,1,1,1,COMMON_USER_AND_SCHOOL_DAILY
3313,1,1,1,COMMON_USER_AND_SCHOOL_DAILY
3314,1,1,1,COMMON_USER_AND_SCHOOL_DAILY
3315,1,1,1,COMMON_USER_AND_SCHOOL_DAILY
3316,1,1,1,COMMON_USER_AND_SCHOOL_DAILY
3317,1,1,1,COMMON_USER_AND_SCHOOL_DAILY
3318,1,1,1,COMMON_USER_AND_SCHOOL_DAILY
3319,1,1,1,COMMON_USER_AND_SCHOOL_DAILY
3320,1,1,1,COMMON_USER_AND_SCHOOL_DAILY
3321,1,1,1,COMMON_USER_AND_SCHOOL_DAILY
3322,1,1,1,COMMON_USER_AND_SCHOOL_DAILY
3323,1,1,1,COMMON_USER_AND_SCHOOL_DAILY
3324,1,1,1,COMMON_USER_AND_SCHOOL_DAILY
3325,1,1,1,COMMON_USER_AND_SCHOOL_DAILY
3326,0,1,0,SCHOOL_DAILY_DIMENSION_ONLY_NO_CURRENT_USER
3327,0,1,0,SCHOOL_DAILY_DIMENSION_ONLY_NO_CURRENT_USER
3328,0,1,0,SCHOOL_DAILY_DIMENSION_ONLY_NO_CURRENT_USER
3329,0,1,0,SCHOOL_DAILY_DIMENSION_ONLY_NO_CURRENT_USER
3330,0,1,0,SCHOOL_DAILY_DIMENSION_ONLY_NO_CURRENT_USER
3331,1,1,1,COMMON_USER_AND_SCHOOL_DAILY
3332,1,1,1,COMMON_USER_AND_SCHOOL_DAILY
3333,1,1,1,COMMON_USER_AND_SCHOOL_DAILY
3334,1,1,1,COMMON_USER_AND_SCHOOL_DAILY
3335,1,1,1,COMMON_USER_AND_SCHOOL_DAILY
3336,1,1,1,COMMON_USER_AND_SCHOOL_DAILY
3337,1,1,1,COMMON_USER_AND_SCHOOL_DAILY
3338,1,1,1,COMMON_USER_AND_SCHOOL_DAILY
3339,1,1,1,COMMON_USER_AND_SCHOOL_DAILY
3340,1,1,1,COMMON_USER_AND_SCHOOL_DAILY
3341,1,1,1,COMMON_USER_AND_SCHOOL_DAILY
3342,1,1,1,COMMON_USER_AND_SCHOOL_DAILY
3343,1,1,1,COMMON_USER_AND_SCHOOL_DAILY
3344,1,1,1,COMMON_USER_AND_SCHOOL_DAILY
3345,1,1,1,COMMON_USER_AND_SCHOOL_DAILY
3346,1,1,1,COMMON_USER_AND_SCHOOL_DAILY
3347,1,1,1,COMMON_USER_AND_SCHOOL_DAILY
3348,0,1,0,SCHOOL_DAILY_DIMENSION_ONLY_NO_CURRENT_USER
3349,1,1,1,COMMON_USER_AND_SCHOOL_DAILY
3350,1,1,1,COMMON_USER_AND_SCHOOL_DAILY
3351,0,1,0,SCHOOL_DAILY_DIMENSION_ONLY_NO_CURRENT_USER
3352,1,1,1,COMMON_USER_AND_SCHOOL_DAILY
3353,1,1,1,COMMON_USER_AND_SCHOOL_DAILY
3354,1,1,1,COMMON_USER_AND_SCHOOL_DAILY
3355,1,1,1,COMMON_USER_AND_SCHOOL_DAILY
3356,1,1,1,COMMON_USER_AND_SCHOOL_DAILY
3357,1,1,1,COMMON_USER_AND_SCHOOL_DAILY
3358,1,1,1,COMMON_USER_AND_SCHOOL_DAILY
3359,1,1,1,COMMON_USER_AND_SCHOOL_DAILY
3360,1,1,1,COMMON_USER_AND_SCHOOL_DAILY
3361,1,1,1,COMMON_USER_AND_SCHOOL_DAILY
3362,1,1,1,COMMON_USER_AND_SCHOOL_DAILY
3363,1,1,1,COMMON_USER_AND_SCHOOL_DAILY
3364,1,1,1,COMMON_USER_AND_SCHOOL_DAILY
3365,1,1,1,COMMON_USER_AND_SCHOOL_DAILY
3366,1,1,1,COMMON_USER_AND_SCHOOL_DAILY
3367,1,1,1,COMMON_USER_AND_SCHOOL_DAILY
3368,1,1,1,COMMON_USER_AND_SCHOOL_DAILY
3369,1,1,1,COMMON_USER_AND_SCHOOL_DAILY
3370,1,1,1,COMMON_USER_AND_SCHOOL_DAILY
3371,1,1,1,COMMON_USER_AND_SCHOOL_DAILY
3372,1,1,1,COMMON_USER_AND_SCHOOL_DAILY
3373,1,1,1,COMMON_USER_AND_SCHOOL_DAILY
3374,1,1,1,COMMON_USER_AND_SCHOOL_DAILY
3375,1,1,1,COMMON_USER_AND_SCHOOL_DAILY
3376,1,1,1,COMMON_USER_AND_SCHOOL_DAILY
3377,1,1,1,COMMON_USER_AND_SCHOOL_DAILY
3378,1,1,1,COMMON_USER_AND_SCHOOL_DAILY
3379,1,1,1,COMMON_USER_AND_SCHOOL_DAILY
3380,1,1,1,COMMON_USER_AND_SCHOOL_DAILY
3381,1,1,1,COMMON_USER_AND_SCHOOL_DAILY
3382,1,1,1,COMMON_USER_AND_SCHOOL_DAILY
3383,1,1,1,COMMON_USER_AND_SCHOOL_DAILY
3384,1,1,1,COMMON_USER_AND_SCHOOL_DAILY
3385,1,1,1,COMMON_USER_AND_SCHOOL_DAILY
3386,1,1,1,COMMON_USER_AND_SCHOOL_DAILY
3387,1,1,1,COMMON_USER_AND_SCHOOL_DAILY
3388,1,1,1,COMMON_USER_AND_SCHOOL_DAILY
3389,1,1,1,COMMON_USER_AND_SCHOOL_DAILY
3390,0,1,0,SCHOOL_DAILY_DIMENSION_ONLY_NO_CURRENT_USER
3391,1,1,1,COMMON_USER_AND_SCHOOL_DAILY
3392,1,1,1,COMMON_USER_AND_SCHOOL_DAILY
3393,1,1,1,COMMON_USER_AND_SCHOOL_DAILY
3394,1,1,1,COMMON_USER_AND_SCHOOL_DAILY
3395,0,1,0,SCHOOL_DAILY_DIMENSION_ONLY_NO_CURRENT_USER
3396,1,1,1,COMMON_USER_AND_SCHOOL_DAILY
3397,1,1,1,COMMON_USER_AND_SCHOOL_DAILY
3398,1,1,1,COMMON_USER_AND_SCHOOL_DAILY
3399,1,1,1,COMMON_USER_AND_SCHOOL_DAILY
3400,1,1,1,COMMON_USER_AND_SCHOOL_DAILY
3401,1,1,1,COMMON_USER_AND_SCHOOL_DAILY
3402,1,1,1,COMMON_USER_AND_SCHOOL_DAILY
3403,1,1,1,COMMON_USER_AND_SCHOOL_DAILY
3404,1,1,1,COMMON_USER_AND_SCHOOL_DAILY
3405,1,1,1,COMMON_USER_AND_SCHOOL_DAILY
3406,1,1,1,COMMON_USER_AND_SCHOOL_DAILY
3407,1,1,1,COMMON_USER_AND_SCHOOL_DAILY
3408,1,1,1,COMMON_USER_AND_SCHOOL_DAILY
3409,1,1,1,COMMON_USER_AND_SCHOOL_DAILY
3410,1,1,1,COMMON_USER_AND_SCHOOL_DAILY
3411,1,1,1,COMMON_USER_AND_SCHOOL_DAILY
3412,1,1,1,COMMON_USER_AND_SCHOOL_DAILY
3413,1,1,1,COMMON_USER_AND_SCHOOL_DAILY
3414,1,1,1,COMMON_USER_AND_SCHOOL_DAILY
3415,1,1,1,COMMON_USER_AND_SCHOOL_DAILY
3416,1,1,1,COMMON_USER_AND_SCHOOL_DAILY
3417,1,1,1,COMMON_USER_AND_SCHOOL_DAILY
3418,1,1,1,COMMON_USER_AND_SCHOOL_DAILY
3419,1,1,1,COMMON_USER_AND_SCHOOL_DAILY
3420,1,1,1,COMMON_USER_AND_SCHOOL_DAILY
3421,1,1,1,COMMON_USER_AND_SCHOOL_DAILY
3422,0,1,0,SCHOOL_DAILY_DIMENSION_ONLY_NO_CURRENT_USER
3423,1,1,1,COMMON_USER_AND_SCHOOL_DAILY
3424,1,1,1,COMMON_USER_AND_SCHOOL_DAILY
3425,1,1,1,COMMON_USER_AND_SCHOOL_DAILY
3426,1,1,1,COMMON_USER_AND_SCHOOL_DAILY
3427,1,1,1,COMMON_USER_AND_SCHOOL_DAILY
3428,1,1,1,COMMON_USER_AND_SCHOOL_DAILY
3429,1,1,1,COMMON_USER_AND_SCHOOL_DAILY
3430,1,1,1,COMMON_USER_AND_SCHOOL_DAILY
3431,1,1,1,COMMON_USER_AND_SCHOOL_DAILY
3432,1,1,1,COMMON_USER_AND_SCHOOL_DAILY
3433,1,1,1,COMMON_USER_AND_SCHOOL_DAILY
3434,1,1,1,COMMON_USER_AND_SCHOOL_DAILY
3435,1,1,1,COMMON_USER_AND_SCHOOL_DAILY
3436,1,1,1,COMMON_USER_AND_SCHOOL_DAILY
3437,1,1,1,COMMON_USER_AND_SCHOOL_DAILY
3438,1,1,1,COMMON_USER_AND_SCHOOL_DAILY
3439,1,1,1,COMMON_USER_AND_SCHOOL_DAILY
3440,1,1,1,COMMON_USER_AND_SCHOOL_DAILY
3441,1,1,1,COMMON_USER_AND_SCHOOL_DAILY
3442,1,1,1,COMMON_USER_AND_SCHOOL_DAILY
3443,1,1,1,COMMON_USER_AND_SCHOOL_DAILY
3444,1,1,1,COMMON_USER_AND_SCHOOL_DAILY
3445,1,1,1,COMMON_USER_AND_SCHOOL_DAILY
3446,1,1,1,COMMON_USER_AND_SCHOOL_DAILY
3447,1,1,1,COMMON_USER_AND_SCHOOL_DAILY
3448,1,1,1,COMMON_USER_AND_SCHOOL_DAILY
3449,1,1,1,COMMON_USER_AND_SCHOOL_DAILY
3450,1,1,1,COMMON_USER_AND_SCHOOL_DAILY
3451,1,1,1,COMMON_USER_AND_SCHOOL_DAILY
3452,1,1,1,COMMON_USER_AND_SCHOOL_DAILY
3453,1,1,1,COMMON_USER_AND_SCHOOL_DAILY
3454,1,1,1,COMMON_USER_AND_SCHOOL_DAILY
3455,1,1,1,COMMON_USER_AND_SCHOOL_DAILY
3456,1,1,1,COMMON_USER_AND_SCHOOL_DAILY
3457,1,1,1,COMMON_USER_AND_SCHOOL_DAILY
3458,1,1,1,COMMON_USER_AND_SCHOOL_DAILY
3459,1,1,1,COMMON_USER_AND_SCHOOL_DAILY
3460,1,1,1,COMMON_USER_AND_SCHOOL_DAILY
3461,1,1,1,COMMON_USER_AND_SCHOOL_DAILY
3462,1,1,1,COMMON_USER_AND_SCHOOL_DAILY
3463,0,1,0,SCHOOL_DAILY_DIMENSION_ONLY_NO_CURRENT_USER
3464,1,1,1,COMMON_USER_AND_SCHOOL_DAILY
3465,1,1,1,COMMON_USER_AND_SCHOOL_DAILY
3466,1,1,1,COMMON_USER_AND_SCHOOL_DAILY
3467,1,1,1,COMMON_USER_AND_SCHOOL_DAILY
3468,1,1,1,COMMON_USER_AND_SCHOOL_DAILY
3469,1,1,1,COMMON_USER_AND_SCHOOL_DAILY
3470,1,1,1,COMMON_USER_AND_SCHOOL_DAILY
3471,1,1,1,COMMON_USER_AND_SCHOOL_DAILY
3472,1,1,1,COMMON_USER_AND_SCHOOL_DAILY
3473,1,1,1,COMMON_USER_AND_SCHOOL_DAILY
3474,1,1,1,COMMON_USER_AND_SCHOOL_DAILY
3475,1,1,1,COMMON_USER_AND_SCHOOL_DAILY
3476,1,1,1,COMMON_USER_AND_SCHOOL_DAILY
3477,1,1,1,COMMON_USER_AND_SCHOOL_DAILY
3478,1,1,1,COMMON_USER_AND_SCHOOL_DAILY
3479,1,1,1,COMMON_USER_AND_SCHOOL_DAILY
3480,1,1,1,COMMON_USER_AND_SCHOOL_DAILY
3481,1,1,1,COMMON_USER_AND_SCHOOL_DAILY
3482,1,1,1,COMMON_USER_AND_SCHOOL_DAILY
3483,1,1,1,COMMON_USER_AND_SCHOOL_DAILY
3484,1,1,1,COMMON_USER_AND_SCHOOL_DAILY
3485,1,1,1,COMMON_USER_AND_SCHOOL_DAILY
3486,1,1,1,COMMON_USER_AND_SCHOOL_DAILY
3487,1,1,1,COMMON_USER_AND_SCHOOL_DAILY
3488,1,1,1,COMMON_USER_AND_SCHOOL_DAILY
3489,1,1,1,COMMON_USER_AND_SCHOOL_DAILY
3490,1,1,1,COMMON_USER_AND_SCHOOL_DAILY
3491,1,1,1,COMMON_USER_AND_SCHOOL_DAILY
3492,1,1,1,COMMON_USER_AND_SCHOOL_DAILY
3493,1,1,1,COMMON_USER_AND_SCHOOL_DAILY
3494,1,1,1,COMMON_USER_AND_SCHOOL_DAILY
3495,1,1,1,COMMON_USER_AND_SCHOOL_DAILY
3496,1,1,1,COMMON_USER_AND_SCHOOL_DAILY
3497,0,1,0,SCHOOL_DAILY_DIMENSION_ONLY_NO_CURRENT_USER
3498,1,1,1,COMMON_USER_AND_SCHOOL_DAILY
3499,1,1,1,COMMON_USER_AND_SCHOOL_DAILY
3500,1,1,1,COMMON_USER_AND_SCHOOL_DAILY
3501,1,1,1,COMMON_USER_AND_SCHOOL_DAILY
3502,1,1,1,COMMON_USER_AND_SCHOOL_DAILY
3503,1,1,1,COMMON_USER_AND_SCHOOL_DAILY
3504,1,1,1,COMMON_USER_AND_SCHOOL_DAILY
3505,1,1,1,COMMON_USER_AND_SCHOOL_DAILY
3506,1,1,1,COMMON_USER_AND_SCHOOL_DAILY
3507,1,1,1,COMMON_USER_AND_SCHOOL_DAILY
3508,1,1,1,COMMON_USER_AND_SCHOOL_DAILY
3509,1,1,1,COMMON_USER_AND_SCHOOL_DAILY
3510,1,1,1,COMMON_USER_AND_SCHOOL_DAILY
3511,1,1,1,COMMON_USER_AND_SCHOOL_DAILY
3512,0,1,0,SCHOOL_DAILY_DIMENSION_ONLY_NO_CURRENT_USER
3513,1,1,1,COMMON_USER_AND_SCHOOL_DAILY
3514,1,1,1,COMMON_USER_AND_SCHOOL_DAILY
3515,1,1,1,COMMON_USER_AND_SCHOOL_DAILY
3516,1,1,1,COMMON_USER_AND_SCHOOL_DAILY
3517,1,1,1,COMMON_USER_AND_SCHOOL_DAILY
3518,1,1,1,COMMON_USER_AND_SCHOOL_DAILY
3519,1,1,1,COMMON_USER_AND_SCHOOL_DAILY
3520,1,1,1,COMMON_USER_AND_SCHOOL_DAILY
3521,1,1,1,COMMON_USER_AND_SCHOOL_DAILY
3522,1,1,1,COMMON_USER_AND_SCHOOL_DAILY
3523,1,1,1,COMMON_USER_AND_SCHOOL_DAILY
3524,1,1,1,COMMON_USER_AND_SCHOOL_DAILY
3525,0,1,0,SCHOOL_DAILY_DIMENSION_ONLY_NO_CURRENT_USER
3526,1,1,1,COMMON_USER_AND_SCHOOL_DAILY
3527,1,1,1,COMMON_USER_AND_SCHOOL_DAILY
3528,1,1,1,COMMON_USER_AND_SCHOOL_DAILY
3529,1,1,1,COMMON_USER_AND_SCHOOL_DAILY
3530,1,1,1,COMMON_USER_AND_SCHOOL_DAILY
3531,1,1,1,COMMON_USER_AND_SCHOOL_DAILY
3532,1,1,1,COMMON_USER_AND_SCHOOL_DAILY
3533,1,1,1,COMMON_USER_AND_SCHOOL_DAILY
3534,1,1,1,COMMON_USER_AND_SCHOOL_DAILY
3535,0,1,0,SCHOOL_DAILY_DIMENSION_ONLY_NO_CURRENT_USER
3536,1,1,1,COMMON_USER_AND_SCHOOL_DAILY
3537,1,1,1,COMMON_USER_AND_SCHOOL_DAILY
3538,1,1,1,COMMON_USER_AND_SCHOOL_DAILY
3539,1,1,1,COMMON_USER_AND_SCHOOL_DAILY
3540,1,1,1,COMMON_USER_AND_SCHOOL_DAILY
3541,1,1,1,COMMON_USER_AND_SCHOOL_DAILY
3542,1,1,1,COMMON_USER_AND_SCHOOL_DAILY
3543,0,1,0,SCHOOL_DAILY_DIMENSION_ONLY_NO_CURRENT_USER
3544,1,1,1,COMMON_USER_AND_SCHOOL_DAILY
3545,1,1,1,COMMON_USER_AND_SCHOOL_DAILY
3546,1,1,1,COMMON_USER_AND_SCHOOL_DAILY
3547,0,1,0,SCHOOL_DAILY_DIMENSION_ONLY_NO_CURRENT_USER
3548,1,1,1,COMMON_USER_AND_SCHOOL_DAILY
3549,1,1,1,COMMON_USER_AND_SCHOOL_DAILY
3550,1,1,1,COMMON_USER_AND_SCHOOL_DAILY
3551,1,1,1,COMMON_USER_AND_SCHOOL_DAILY
3552,1,1,1,COMMON_USER_AND_SCHOOL_DAILY
3553,1,1,1,COMMON_USER_AND_SCHOOL_DAILY
3554,1,1,1,COMMON_USER_AND_SCHOOL_DAILY
3555,1,1,1,COMMON_USER_AND_SCHOOL_DAILY
3556,1,1,1,COMMON_USER_AND_SCHOOL_DAILY
3557,1,1,1,COMMON_USER_AND_SCHOOL_DAILY
3558,1,1,1,COMMON_USER_AND_SCHOOL_DAILY
3559,1,1,1,COMMON_USER_AND_SCHOOL_DAILY
3560,1,1,1,COMMON_USER_AND_SCHOOL_DAILY
3561,1,1,1,COMMON_USER_AND_SCHOOL_DAILY
3562,1,1,1,COMMON_USER_AND_SCHOOL_DAILY
3563,1,1,1,COMMON_USER_AND_SCHOOL_DAILY
3564,1,1,1,COMMON_USER_AND_SCHOOL_DAILY
3565,1,1,1,COMMON_USER_AND_SCHOOL_DAILY
3566,1,1,1,COMMON_USER_AND_SCHOOL_DAILY
3567,0,1,0,SCHOOL_DAILY_DIMENSION_ONLY_NO_CURRENT_USER
3568,0,1,0,SCHOOL_DAILY_DIMENSION_ONLY_NO_CURRENT_USER
3569,1,1,1,COMMON_USER_AND_SCHOOL_DAILY
3570,1,1,1,COMMON_USER_AND_SCHOOL_DAILY
3571,1,1,1,COMMON_USER_AND_SCHOOL_DAILY
3572,1,1,1,COMMON_USER_AND_SCHOOL_DAILY
3573,1,1,1,COMMON_USER_AND_SCHOOL_DAILY
3574,1,1,1,COMMON_USER_AND_SCHOOL_DAILY
3575,1,1,1,COMMON_USER_AND_SCHOOL_DAILY
3576,1,1,1,COMMON_USER_AND_SCHOOL_DAILY
3577,1,1,1,COMMON_USER_AND_SCHOOL_DAILY
3578,1,1,1,COMMON_USER_AND_SCHOOL_DAILY
3579,1,1,1,COMMON_USER_AND_SCHOOL_DAILY
3580,1,1,1,COMMON_USER_AND_SCHOOL_DAILY
3581,1,1,1,COMMON_USER_AND_SCHOOL_DAILY
3582,1,1,1,COMMON_USER_AND_SCHOOL_DAILY
3583,1,1,1,COMMON_USER_AND_SCHOOL_DAILY
3584,1,1,1,COMMON_USER_AND_SCHOOL_DAILY
3585,1,1,1,COMMON_USER_AND_SCHOOL_DAILY
3586,0,1,0,SCHOOL_DAILY_DIMENSION_ONLY_NO_CURRENT_USER
3587,0,1,0,SCHOOL_DAILY_DIMENSION_ONLY_NO_CURRENT_USER
3588,0,1,0,SCHOOL_DAILY_DIMENSION_ONLY_NO_CURRENT_USER
3589,1,1,1,COMMON_USER_AND_SCHOOL_DAILY
3590,1,1,1,COMMON_USER_AND_SCHOOL_DAILY
3591,1,1,1,COMMON_USER_AND_SCHOOL_DAILY
3592,1,1,1,COMMON_USER_AND_SCHOOL_DAILY
3593,1,1,1,COMMON_USER_AND_SCHOOL_DAILY
3594,1,1,1,COMMON_USER_AND_SCHOOL_DAILY
3595,0,1,0,SCHOOL_DAILY_DIMENSION_ONLY_NO_CURRENT_USER
3596,0,1,0,SCHOOL_DAILY_DIMENSION_ONLY_NO_CURRENT_USER
3597,1,1,1,COMMON_USER_AND_SCHOOL_DAILY
3598,0,1,0,SCHOOL_DAILY_DIMENSION_ONLY_NO_CURRENT_USER
3599,0,1,0,SCHOOL_DAILY_DIMENSION_ONLY_NO_CURRENT_USER
3600,1,1,1,COMMON_USER_AND_SCHOOL_DAILY
3601,1,1,1,COMMON_USER_AND_SCHOOL_DAILY
3602,1,1,1,COMMON_USER_AND_SCHOOL_DAILY
3603,1,1,1,COMMON_USER_AND_SCHOOL_DAILY
3604,1,1,1,COMMON_USER_AND_SCHOOL_DAILY
3605,1,1,1,COMMON_USER_AND_SCHOOL_DAILY
3606,1,1,1,COMMON_USER_AND_SCHOOL_DAILY
3607,1,1,1,COMMON_USER_AND_SCHOOL_DAILY
3608,0,1,0,SCHOOL_DAILY_DIMENSION_ONLY_NO_CURRENT_USER
3609,1,1,1,COMMON_USER_AND_SCHOOL_DAILY
3610,1,1,1,COMMON_USER_AND_SCHOOL_DAILY
3611,1,1,1,COMMON_USER_AND_SCHOOL_DAILY
3612,1,1,1,COMMON_USER_AND_SCHOOL_DAILY
3613,1,1,1,COMMON_USER_AND_SCHOOL_DAILY
3614,1,1,1,COMMON_USER_AND_SCHOOL_DAILY
3615,1,1,1,COMMON_USER_AND_SCHOOL_DAILY
3616,0,1,0,SCHOOL_DAILY_DIMENSION_ONLY_NO_CURRENT_USER
3617,1,1,1,COMMON_USER_AND_SCHOOL_DAILY
3618,1,1,1,COMMON_USER_AND_SCHOOL_DAILY
3619,0,1,0,SCHOOL_DAILY_DIMENSION_ONLY_NO_CURRENT_USER
3620,0,1,0,SCHOOL_DAILY_DIMENSION_ONLY_NO_CURRENT_USER
3621,1,1,1,COMMON_USER_AND_SCHOOL_DAILY
3622,0,1,0,SCHOOL_DAILY_DIMENSION_ONLY_NO_CURRENT_USER
3623,1,1,1,COMMON_USER_AND_SCHOOL_DAILY
3624,1,1,1,COMMON_USER_AND_SCHOOL_DAILY
3625,0,1,0,SCHOOL_DAILY_DIMENSION_ONLY_NO_CURRENT_USER
3626,1,1,1,COMMON_USER_AND_SCHOOL_DAILY
3627,1,1,1,COMMON_USER_AND_SCHOOL_DAILY
3628,1,1,1,COMMON_USER_AND_SCHOOL_DAILY
3629,1,1,1,COMMON_USER_AND_SCHOOL_DAILY
3630,1,1,1,COMMON_USER_AND_SCHOOL_DAILY
3631,1,1,1,COMMON_USER_AND_SCHOOL_DAILY
3632,1,1,1,COMMON_USER_AND_SCHOOL_DAILY
3633,1,1,1,COMMON_USER_AND_SCHOOL_DAILY
3634,1,1,1,COMMON_USER_AND_SCHOOL_DAILY
3635,1,1,1,COMMON_USER_AND_SCHOOL_DAILY
3636,0,1,0,SCHOOL_DAILY_DIMENSION_ONLY_NO_CURRENT_USER
3637,0,1,0,SCHOOL_DAILY_DIMENSION_ONLY_NO_CURRENT_USER
3638,0,1,0,SCHOOL_DAILY_DIMENSION_ONLY_NO_CURRENT_USER
3639,0,1,0,SCHOOL_DAILY_DIMENSION_ONLY_NO_CURRENT_USER
3640,1,1,1,COMMON_USER_AND_SCHOOL_DAILY
3641,1,1,1,COMMON_USER_AND_SCHOOL_DAILY
3642,1,1,1,COMMON_USER_AND_SCHOOL_DAILY
3643,1,1,1,COMMON_USER_AND_SCHOOL_DAILY
3644,0,1,0,SCHOOL_DAILY_DIMENSION_ONLY_NO_CURRENT_USER
3645,1,1,1,COMMON_USER_AND_SCHOOL_DAILY
3646,0,1,0,SCHOOL_DAILY_DIMENSION_ONLY_NO_CURRENT_USER
3647,0,1,0,SCHOOL_DAILY_DIMENSION_ONLY_NO_CURRENT_USER
3648,1,1,1,COMMON_USER_AND_SCHOOL_DAILY
3649,1,1,1,COMMON_USER_AND_SCHOOL_DAILY
3650,1,1,1,COMMON_USER_AND_SCHOOL_DAILY
3651,1,1,1,COMMON_USER_AND_SCHOOL_DAILY
3652,1,1,1,COMMON_USER_AND_SCHOOL_DAILY
3653,0,1,0,SCHOOL_DAILY_DIMENSION_ONLY_NO_CURRENT_USER
3654,1,1,1,COMMON_USER_AND_SCHOOL_DAILY
3655,1,1,1,COMMON_USER_AND_SCHOOL_DAILY
3656,0,1,0,SCHOOL_DAILY_DIMENSION_ONLY_NO_CURRENT_USER
3657,1,1,1,COMMON_USER_AND_SCHOOL_DAILY
3658,1,1,1,COMMON_USER_AND_SCHOOL_DAILY
3659,0,1,0,SCHOOL_DAILY_DIMENSION_ONLY_NO_CURRENT_USER
3660,1,1,1,COMMON_USER_AND_SCHOOL_DAILY
3661,1,1,1,COMMON_USER_AND_SCHOOL_DAILY
3662,1,1,1,COMMON_USER_AND_SCHOOL_DAILY
3663,1,1,1,COMMON_USER_AND_SCHOOL_DAILY
3664,0,1,0,SCHOOL_DAILY_DIMENSION_ONLY_NO_CURRENT_USER
3665,1,1,1,COMMON_USER_AND_SCHOOL_DAILY
3666,1,1,1,COMMON_USER_AND_SCHOOL_DAILY
3667,1,1,1,COMMON_USER_AND_SCHOOL_DAILY
3668,1,1,1,COMMON_USER_AND_SCHOOL_DAILY
3669,0,1,0,SCHOOL_DAILY_DIMENSION_ONLY_NO_CURRENT_USER
3670,0,1,0,SCHOOL_DAILY_DIMENSION_ONLY_NO_CURRENT_USER
3671,1,1,1,COMMON_USER_AND_SCHOOL_DAILY
3672,1,1,1,COMMON_USER_AND_SCHOOL_DAILY
3673,1,1,1,COMMON_USER_AND_SCHOOL_DAILY
3674,0,1,0,SCHOOL_DAILY_DIMENSION_ONLY_NO_CURRENT_USER
3675,1,1,1,COMMON_USER_AND_SCHOOL_DAILY
3676,1,1,1,COMMON_USER_AND_SCHOOL_DAILY
3677,1,1,1,COMMON_USER_AND_SCHOOL_DAILY
3678,1,1,1,COMMON_USER_AND_SCHOOL_DAILY
3679,1,1,1,COMMON_USER_AND_SCHOOL_DAILY
3680,1,1,1,COMMON_USER_AND_SCHOOL_DAILY
3681,1,1,1,COMMON_USER_AND_SCHOOL_DAILY
3682,1,1,1,COMMON_USER_AND_SCHOOL_DAILY
3683,1,1,1,COMMON_USER_AND_SCHOOL_DAILY
3684,1,1,1,COMMON_USER_AND_SCHOOL_DAILY
3685,1,1,1,COMMON_USER_AND_SCHOOL_DAILY
3686,1,1,1,COMMON_USER_AND_SCHOOL_DAILY
3687,1,1,1,COMMON_USER_AND_SCHOOL_DAILY
3688,1,1,1,COMMON_USER_AND_SCHOOL_DAILY
3689,1,1,1,COMMON_USER_AND_SCHOOL_DAILY
3690,1,1,1,COMMON_USER_AND_SCHOOL_DAILY
3691,1,1,1,COMMON_USER_AND_SCHOOL_DAILY
3692,1,1,1,COMMON_USER_AND_SCHOOL_DAILY
3693,1,1,1,COMMON_USER_AND_SCHOOL_DAILY
3694,1,1,1,COMMON_USER_AND_SCHOOL_DAILY
3695,1,1,1,COMMON_USER_AND_SCHOOL_DAILY
3696,1,1,1,COMMON_USER_AND_SCHOOL_DAILY
3697,1,1,1,COMMON_USER_AND_SCHOOL_DAILY
3698,1,1,1,COMMON_USER_AND_SCHOOL_DAILY
3699,1,1,1,COMMON_USER_AND_SCHOOL_DAILY
3700,1,1,1,COMMON_USER_AND_SCHOOL_DAILY
3701,0,1,0,SCHOOL_DAILY_DIMENSION_ONLY_NO_CURRENT_USER
3702,1,1,1,COMMON_USER_AND_SCHOOL_DAILY
3703,0,1,0,SCHOOL_DAILY_DIMENSION_ONLY_NO_CURRENT_USER
3704,0,1,0,SCHOOL_DAILY_DIMENSION_ONLY_NO_CURRENT_USER
3705,1,1,1,COMMON_USER_AND_SCHOOL_DAILY
3706,1,1,1,COMMON_USER_AND_SCHOOL_DAILY
3707,1,1,1,COMMON_USER_AND_SCHOOL_DAILY
3708,1,1,1,COMMON_USER_AND_SCHOOL_DAILY
3709,1,1,1,COMMON_USER_AND_SCHOOL_DAILY
3710,1,1,1,COMMON_USER_AND_SCHOOL_DAILY
3711,1,1,1,COMMON_USER_AND_SCHOOL_DAILY
3712,0,1,0,SCHOOL_DAILY_DIMENSION_ONLY_NO_CURRENT_USER
3713,0,1,0,SCHOOL_DAILY_DIMENSION_ONLY_NO_CURRENT_USER
3714,1,1,1,COMMON_USER_AND_SCHOOL_DAILY
3715,1,1,1,COMMON_USER_AND_SCHOOL_DAILY
3716,1,1,1,COMMON_USER_AND_SCHOOL_DAILY
3717,1,1,1,COMMON_USER_AND_SCHOOL_DAILY
3718,1,1,1,COMMON_USER_AND_SCHOOL_DAILY
3719,1,1,1,COMMON_USER_AND_SCHOOL_DAILY
3720,0,1,0,SCHOOL_DAILY_DIMENSION_ONLY_NO_CURRENT_USER
3721,1,1,1,COMMON_USER_AND_SCHOOL_DAILY
3722,1,1,1,COMMON_USER_AND_SCHOOL_DAILY
3723,1,1,1,COMMON_USER_AND_SCHOOL_DAILY
3724,1,1,1,COMMON_USER_AND_SCHOOL_DAILY
3725,1,1,1,COMMON_USER_AND_SCHOOL_DAILY
3726,1,1,1,COMMON_USER_AND_SCHOOL_DAILY
3727,1,1,1,COMMON_USER_AND_SCHOOL_DAILY
3728,1,1,1,COMMON_USER_AND_SCHOOL_DAILY
3729,1,1,1,COMMON_USER_AND_SCHOOL_DAILY
3730,1,1,1,COMMON_USER_AND_SCHOOL_DAILY
3731,0,1,0,SCHOOL_DAILY_DIMENSION_ONLY_NO_CURRENT_USER
3732,0,1,0,SCHOOL_DAILY_DIMENSION_ONLY_NO_CURRENT_USER
3733,1,1,1,COMMON_USER_AND_SCHOOL_DAILY
3734,1,1,1,COMMON_USER_AND_SCHOOL_DAILY
3735,1,1,1,COMMON_USER_AND_SCHOOL_DAILY
3736,0,1,0,SCHOOL_DAILY_DIMENSION_ONLY_NO_CURRENT_USER
3737,1,1,1,COMMON_USER_AND_SCHOOL_DAILY
3738,1,1,1,COMMON_USER_AND_SCHOOL_DAILY
3739,1,1,1,COMMON_USER_AND_SCHOOL_DAILY
3740,1,1,1,COMMON_USER_AND_SCHOOL_DAILY
3741,1,1,1,COMMON_USER_AND_SCHOOL_DAILY
3742,1,1,1,COMMON_USER_AND_SCHOOL_DAILY
3743,1,1,1,COMMON_USER_AND_SCHOOL_DAILY
3744,1,1,1,COMMON_USER_AND_SCHOOL_DAILY
3745,1,1,1,COMMON_USER_AND_SCHOOL_DAILY
3746,1,1,1,COMMON_USER_AND_SCHOOL_DAILY
3747,1,1,1,COMMON_USER_AND_SCHOOL_DAILY
3748,1,1,1,COMMON_USER_AND_SCHOOL_DAILY
3749,1,1,1,COMMON_USER_AND_SCHOOL_DAILY
3750,1,1,1,COMMON_USER_AND_SCHOOL_DAILY
3751,1,1,1,COMMON_USER_AND_SCHOOL_DAILY
3752,1,1,1,COMMON_USER_AND_SCHOOL_DAILY
3753,1,1,1,COMMON_USER_AND_SCHOOL_DAILY
3754,0,1,0,SCHOOL_DAILY_DIMENSION_ONLY_NO_CURRENT_USER
3755,1,1,1,COMMON_USER_AND_SCHOOL_DAILY
3756,1,1,1,COMMON_USER_AND_SCHOOL_DAILY
3757,0,1,0,SCHOOL_DAILY_DIMENSION_ONLY_NO_CURRENT_USER
3758,0,1,0,SCHOOL_DAILY_DIMENSION_ONLY_NO_CURRENT_USER
3759,1,1,1,COMMON_USER_AND_SCHOOL_DAILY
3760,1,1,1,COMMON_USER_AND_SCHOOL_DAILY
3761,1,1,1,COMMON_USER_AND_SCHOOL_DAILY
3762,1,1,1,COMMON_USER_AND_SCHOOL_DAILY
3763,1,1,1,COMMON_USER_AND_SCHOOL_DAILY
3764,1,1,1,COMMON_USER_AND_SCHOOL_DAILY
3765,0,1,0,SCHOOL_DAILY_DIMENSION_ONLY_NO_CURRENT_USER
3766,1,1,1,COMMON_USER_AND_SCHOOL_DAILY
3767,1,1,1,COMMON_USER_AND_SCHOOL_DAILY
3768,1,1,1,COMMON_USER_AND_SCHOOL_DAILY
3769,1,1,1,COMMON_USER_AND_SCHOOL_DAILY
3770,1,1,1,COMMON_USER_AND_SCHOOL_DAILY
3771,1,1,1,COMMON_USER_AND_SCHOOL_DAILY
3772,1,1,1,COMMON_USER_AND_SCHOOL_DAILY
3773,1,1,1,COMMON_USER_AND_SCHOOL_DAILY
3774,1,1,1,COMMON_USER_AND_SCHOOL_DAILY
3775,1,1,1,COMMON_USER_AND_SCHOOL_DAILY
3776,1,1,1,COMMON_USER_AND_SCHOOL_DAILY
3777,1,1,1,COMMON_USER_AND_SCHOOL_DAILY
3778,1,1,1,COMMON_USER_AND_SCHOOL_DAILY
3779,1,1,1,COMMON_USER_AND_SCHOOL_DAILY
3780,0,1,0,SCHOOL_DAILY_DIMENSION_ONLY_NO_CURRENT_USER
3781,1,1,1,COMMON_USER_AND_SCHOOL_DAILY
3782,0,1,0,SCHOOL_DAILY_DIMENSION_ONLY_NO_CURRENT_USER
3783,1,1,1,COMMON_USER_AND_SCHOOL_DAILY
3784,1,1,1,COMMON_USER_AND_SCHOOL_DAILY
3785,1,1,1,COMMON_USER_AND_SCHOOL_DAILY
3786,0,1,0,SCHOOL_DAILY_DIMENSION_ONLY_NO_CURRENT_USER
3787,1,1,1,COMMON_USER_AND_SCHOOL_DAILY
3788,1,1,1,COMMON_USER_AND_SCHOOL_DAILY
3789,1,1,1,COMMON_USER_AND_SCHOOL_DAILY
3790,1,1,1,COMMON_USER_AND_SCHOOL_DAILY
3791,1,1,1,COMMON_USER_AND_SCHOOL_DAILY
3792,1,1,1,COMMON_USER_AND_SCHOOL_DAILY
3793,1,1,1,COMMON_USER_AND_SCHOOL_DAILY
3794,1,1,1,COMMON_USER_AND_SCHOOL_DAILY
3795,1,1,1,COMMON_USER_AND_SCHOOL_DAILY
3796,1,1,1,COMMON_USER_AND_SCHOOL_DAILY
3797,1,1,1,COMMON_USER_AND_SCHOOL_DAILY
3798,1,1,1,COMMON_USER_AND_SCHOOL_DAILY
3799,1,1,1,COMMON_USER_AND_SCHOOL_DAILY
3800,1,1,1,COMMON_USER_AND_SCHOOL_DAILY
3801,1,1,1,COMMON_USER_AND_SCHOOL_DAILY
3802,0,1,0,SCHOOL_DAILY_DIMENSION_ONLY_NO_CURRENT_USER
3803,1,1,1,COMMON_USER_AND_SCHOOL_DAILY
3804,1,1,1,COMMON_USER_AND_SCHOOL_DAILY
3805,1,1,1,COMMON_USER_AND_SCHOOL_DAILY
3806,1,1,1,COMMON_USER_AND_SCHOOL_DAILY
3807,1,1,1,COMMON_USER_AND_SCHOOL_DAILY
3808,0,1,0,SCHOOL_DAILY_DIMENSION_ONLY_NO_CURRENT_USER
3809,1,1,1,COMMON_USER_AND_SCHOOL_DAILY
3810,1,1,1,COMMON_USER_AND_SCHOOL_DAILY
3811,1,1,1,COMMON_USER_AND_SCHOOL_DAILY
3812,1,1,1,COMMON_USER_AND_SCHOOL_DAILY
3813,1,1,1,COMMON_USER_AND_SCHOOL_DAILY
3814,1,1,1,COMMON_USER_AND_SCHOOL_DAILY
3815,1,1,1,COMMON_USER_AND_SCHOOL_DAILY
3816,1,1,1,COMMON_USER_AND_SCHOOL_DAILY
3817,1,1,1,COMMON_USER_AND_SCHOOL_DAILY
3818,1,1,1,COMMON_USER_AND_SCHOOL_DAILY
3819,1,1,1,COMMON_USER_AND_SCHOOL_DAILY
3820,1,1,1,COMMON_USER_AND_SCHOOL_DAILY
3821,1,1,1,COMMON_USER_AND_SCHOOL_DAILY
3822,1,1,1,COMMON_USER_AND_SCHOOL_DAILY
3823,1,1,1,COMMON_USER_AND_SCHOOL_DAILY
3824,1,1,1,COMMON_USER_AND_SCHOOL_DAILY
3825,1,1,1,COMMON_USER_AND_SCHOOL_DAILY
3826,1,1,1,COMMON_USER_AND_SCHOOL_DAILY
3827,1,1,1,COMMON_USER_AND_SCHOOL_DAILY
3828,1,1,1,COMMON_USER_AND_SCHOOL_DAILY
3829,1,1,1,COMMON_USER_AND_SCHOOL_DAILY
3830,1,1,1,COMMON_USER_AND_SCHOOL_DAILY
3831,1,1,1,COMMON_USER_AND_SCHOOL_DAILY
3832,1,1,1,COMMON_USER_AND_SCHOOL_DAILY
3833,1,1,1,COMMON_USER_AND_SCHOOL_DAILY
3834,1,1,1,COMMON_USER_AND_SCHOOL_DAILY
3835,1,1,1,COMMON_USER_AND_SCHOOL_DAILY
3836,0,1,0,SCHOOL_DAILY_DIMENSION_ONLY_NO_CURRENT_USER
3837,1,1,1,COMMON_USER_AND_SCHOOL_DAILY
3838,0,1,0,SCHOOL_DAILY_DIMENSION_ONLY_NO_CURRENT_USER
3839,0,1,0,SCHOOL_DAILY_DIMENSION_ONLY_NO_CURRENT_USER
3840,1,1,1,COMMON_USER_AND_SCHOOL_DAILY
3841,1,1,1,COMMON_USER_AND_SCHOOL_DAILY
3842,1,1,1,COMMON_USER_AND_SCHOOL_DAILY
3843,1,1,1,COMMON_USER_AND_SCHOOL_DAILY
3844,1,1,1,COMMON_USER_AND_SCHOOL_DAILY
3845,1,1,1,COMMON_USER_AND_SCHOOL_DAILY
3846,1,1,1,COMMON_USER_AND_SCHOOL_DAILY
3847,1,1,1,COMMON_USER_AND_SCHOOL_DAILY
3848,1,1,1,COMMON_USER_AND_SCHOOL_DAILY
3849,1,1,1,COMMON_USER_AND_SCHOOL_DAILY
3850,1,1,1,COMMON_USER_AND_SCHOOL_DAILY
3851,1,1,1,COMMON_USER_AND_SCHOOL_DAILY
3852,1,1,1,COMMON_USER_AND_SCHOOL_DAILY
3853,1,1,1,COMMON_USER_AND_SCHOOL_DAILY
3854,1,1,1,COMMON_USER_AND_SCHOOL_DAILY
3855,1,1,1,COMMON_USER_AND_SCHOOL_DAILY
3856,1,1,1,COMMON_USER_AND_SCHOOL_DAILY
3857,1,1,1,COMMON_USER_AND_SCHOOL_DAILY
3858,1,1,1,COMMON_USER_AND_SCHOOL_DAILY
3859,1,1,1,COMMON_USER_AND_SCHOOL_DAILY
3860,1,1,1,COMMON_USER_AND_SCHOOL_DAILY
3861,1,1,1,COMMON_USER_AND_SCHOOL_DAILY
3862,1,1,1,COMMON_USER_AND_SCHOOL_DAILY
3863,1,1,1,COMMON_USER_AND_SCHOOL_DAILY
3864,1,1,1,COMMON_USER_AND_SCHOOL_DAILY
3865,0,1,0,SCHOOL_DAILY_DIMENSION_ONLY_NO_CURRENT_USER
3866,1,1,1,COMMON_USER_AND_SCHOOL_DAILY
3867,1,1,1,COMMON_USER_AND_SCHOOL_DAILY
3868,1,1,1,COMMON_USER_AND_SCHOOL_DAILY
3869,1,1,1,COMMON_USER_AND_SCHOOL_DAILY
3870,1,1,1,COMMON_USER_AND_SCHOOL_DAILY
3871,1,1,1,COMMON_USER_AND_SCHOOL_DAILY
3872,1,1,1,COMMON_USER_AND_SCHOOL_DAILY
3873,1,1,1,COMMON_USER_AND_SCHOOL_DAILY
3874,1,1,1,COMMON_USER_AND_SCHOOL_DAILY
3875,1,1,1,COMMON_USER_AND_SCHOOL_DAILY
3876,1,1,1,COMMON_USER_AND_SCHOOL_DAILY
3877,1,1,1,COMMON_USER_AND_SCHOOL_DAILY
3878,1,1,1,COMMON_USER_AND_SCHOOL_DAILY
3879,1,1,1,COMMON_USER_AND_SCHOOL_DAILY
3880,1,1,1,COMMON_USER_AND_SCHOOL_DAILY
3881,0,1,0,SCHOOL_DAILY_DIMENSION_ONLY_NO_CURRENT_USER
3882,1,1,1,COMMON_USER_AND_SCHOOL_DAILY
3883,1,1,1,COMMON_USER_AND_SCHOOL_DAILY
3884,1,1,1,COMMON_USER_AND_SCHOOL_DAILY
3885,1,1,1,COMMON_USER_AND_SCHOOL_DAILY
3886,1,1,1,COMMON_USER_AND_SCHOOL_DAILY
3887,1,1,1,COMMON_USER_AND_SCHOOL_DAILY
3888,1,1,1,COMMON_USER_AND_SCHOOL_DAILY
3889,1,1,1,COMMON_USER_AND_SCHOOL_DAILY
3890,1,1,1,COMMON_USER_AND_SCHOOL_DAILY
3891,1,1,1,COMMON_USER_AND_SCHOOL_DAILY
3892,0,1,0,SCHOOL_DAILY_DIMENSION_ONLY_NO_CURRENT_USER
3893,1,1,1,COMMON_USER_AND_SCHOOL_DAILY
3894,1,1,1,COMMON_USER_AND_SCHOOL_DAILY
3895,1,1,1,COMMON_USER_AND_SCHOOL_DAILY
3896,1,1,1,COMMON_USER_AND_SCHOOL_DAILY
3897,1,1,1,COMMON_USER_AND_SCHOOL_DAILY
3898,1,1,1,COMMON_USER_AND_SCHOOL_DAILY
3899,0,1,0,SCHOOL_DAILY_DIMENSION_ONLY_NO_CURRENT_USER
3900,1,1,1,COMMON_USER_AND_SCHOOL_DAILY
3901,1,1,1,COMMON_USER_AND_SCHOOL_DAILY
3902,1,1,1,COMMON_USER_AND_SCHOOL_DAILY
3903,1,1,1,COMMON_USER_AND_SCHOOL_DAILY
3904,1,1,1,COMMON_USER_AND_SCHOOL_DAILY
3905,1,1,1,COMMON_USER_AND_SCHOOL_DAILY
3906,1,1,1,COMMON_USER_AND_SCHOOL_DAILY
3907,1,1,1,COMMON_USER_AND_SCHOOL_DAILY
3908,0,1,0,SCHOOL_DAILY_DIMENSION_ONLY_NO_CURRENT_USER
3909,1,1,1,COMMON_USER_AND_SCHOOL_DAILY
3910,1,1,1,COMMON_USER_AND_SCHOOL_DAILY
3911,1,1,1,COMMON_USER_AND_SCHOOL_DAILY
3912,1,1,1,COMMON_USER_AND_SCHOOL_DAILY
3913,1,1,1,COMMON_USER_AND_SCHOOL_DAILY
3914,1,1,1,COMMON_USER_AND_SCHOOL_DAILY
3915,1,1,1,COMMON_USER_AND_SCHOOL_DAILY
3916,1,1,1,COMMON_USER_AND_SCHOOL_DAILY
3917,1,1,1,COMMON_USER_AND_SCHOOL_DAILY
3918,1,1,1,COMMON_USER_AND_SCHOOL_DAILY
3919,1,1,1,COMMON_USER_AND_SCHOOL_DAILY
3920,1,1,1,COMMON_USER_AND_SCHOOL_DAILY
3921,1,1,1,COMMON_USER_AND_SCHOOL_DAILY
3922,1,1,1,COMMON_USER_AND_SCHOOL_DAILY
3923,1,1,1,COMMON_USER_AND_SCHOOL_DAILY
3924,0,1,0,SCHOOL_DAILY_DIMENSION_ONLY_NO_CURRENT_USER
3925,1,1,1,COMMON_USER_AND_SCHOOL_DAILY
3926,1,1,1,COMMON_USER_AND_SCHOOL_DAILY
3927,1,1,1,COMMON_USER_AND_SCHOOL_DAILY
3928,0,1,0,SCHOOL_DAILY_DIMENSION_ONLY_NO_CURRENT_USER
3929,0,1,0,SCHOOL_DAILY_DIMENSION_ONLY_NO_CURRENT_USER
3930,1,1,1,COMMON_USER_AND_SCHOOL_DAILY
3931,1,1,1,COMMON_USER_AND_SCHOOL_DAILY
3932,1,1,1,COMMON_USER_AND_SCHOOL_DAILY
3933,1,1,1,COMMON_USER_AND_SCHOOL_DAILY
3934,1,1,1,COMMON_USER_AND_SCHOOL_DAILY
3935,1,1,1,COMMON_USER_AND_SCHOOL_DAILY
3936,1,1,1,COMMON_USER_AND_SCHOOL_DAILY
3937,1,1,1,COMMON_USER_AND_SCHOOL_DAILY
3938,1,1,1,COMMON_USER_AND_SCHOOL_DAILY
3939,1,1,1,COMMON_USER_AND_SCHOOL_DAILY
3940,1,1,1,COMMON_USER_AND_SCHOOL_DAILY
3941,1,1,1,COMMON_USER_AND_SCHOOL_DAILY
3942,1,1,1,COMMON_USER_AND_SCHOOL_DAILY
3943,1,1,1,COMMON_USER_AND_SCHOOL_DAILY
3944,1,1,1,COMMON_USER_AND_SCHOOL_DAILY
3945,1,1,1,COMMON_USER_AND_SCHOOL_DAILY
3946,1,1,1,COMMON_USER_AND_SCHOOL_DAILY
3947,1,1,1,COMMON_USER_AND_SCHOOL_DAILY
3948,1,1,1,COMMON_USER_AND_SCHOOL_DAILY
3949,1,1,1,COMMON_USER_AND_SCHOOL_DAILY
3950,0,1,0,SCHOOL_DAILY_DIMENSION_ONLY_NO_CURRENT_USER
3951,1,1,1,COMMON_USER_AND_SCHOOL_DAILY
3952,1,1,1,COMMON_USER_AND_SCHOOL_DAILY
3953,1,1,1,COMMON_USER_AND_SCHOOL_DAILY
3954,1,1,1,COMMON_USER_AND_SCHOOL_DAILY
3955,1,1,1,COMMON_USER_AND_SCHOOL_DAILY
3956,1,1,1,COMMON_USER_AND_SCHOOL_DAILY
3957,1,1,1,COMMON_USER_AND_SCHOOL_DAILY
3958,1,1,1,COMMON_USER_AND_SCHOOL_DAILY
3959,1,1,1,COMMON_USER_AND_SCHOOL_DAILY
3960,1,1,1,COMMON_USER_AND_SCHOOL_DAILY
3961,1,1,1,COMMON_USER_AND_SCHOOL_DAILY
3962,1,1,1,COMMON_USER_AND_SCHOOL_DAILY
3963,1,1,1,COMMON_USER_AND_SCHOOL_DAILY
3964,1,1,1,COMMON_USER_AND_SCHOOL_DAILY
3965,1,1,1,COMMON_USER_AND_SCHOOL_DAILY
3966,1,1,1,COMMON_USER_AND_SCHOOL_DAILY
3967,1,1,1,COMMON_USER_AND_SCHOOL_DAILY
3968,1,1,1,COMMON_USER_AND_SCHOOL_DAILY
3969,1,1,1,COMMON_USER_AND_SCHOOL_DAILY
3970,1,1,1,COMMON_USER_AND_SCHOOL_DAILY
3971,1,1,1,COMMON_USER_AND_SCHOOL_DAILY
3972,1,1,1,COMMON_USER_AND_SCHOOL_DAILY
3973,1,1,1,COMMON_USER_AND_SCHOOL_DAILY
3974,1,1,1,COMMON_USER_AND_SCHOOL_DAILY
3975,1,1,1,COMMON_USER_AND_SCHOOL_DAILY
3976,0,1,0,SCHOOL_DAILY_DIMENSION_ONLY_NO_CURRENT_USER
3977,1,1,1,COMMON_USER_AND_SCHOOL_DAILY
3978,1,1,1,COMMON_USER_AND_SCHOOL_DAILY
3979,1,1,1,COMMON_USER_AND_SCHOOL_DAILY
3980,1,1,1,COMMON_USER_AND_SCHOOL_DAILY
3981,0,1,0,SCHOOL_DAILY_DIMENSION_ONLY_NO_CURRENT_USER
3982,1,1,1,COMMON_USER_AND_SCHOOL_DAILY
3983,0,1,0,SCHOOL_DAILY_DIMENSION_ONLY_NO_CURRENT_USER
3984,1,1,1,COMMON_USER_AND_SCHOOL_DAILY
3985,1,1,1,COMMON_USER_AND_SCHOOL_DAILY
3986,1,1,1,COMMON_USER_AND_SCHOOL_DAILY
3987,1,1,1,COMMON_USER_AND_SCHOOL_DAILY
3988,1,1,1,COMMON_USER_AND_SCHOOL_DAILY
3989,1,1,1,COMMON_USER_AND_SCHOOL_DAILY
3990,1,1,1,COMMON_USER_AND_SCHOOL_DAILY
3991,1,1,1,COMMON_USER_AND_SCHOOL_DAILY
3992,1,1,1,COMMON_USER_AND_SCHOOL_DAILY
3993,0,1,0,SCHOOL_DAILY_DIMENSION_ONLY_NO_CURRENT_USER
3994,0,1,0,SCHOOL_DAILY_DIMENSION_ONLY_NO_CURRENT_USER
3995,1,1,1,COMMON_USER_AND_SCHOOL_DAILY
3996,1,1,1,COMMON_USER_AND_SCHOOL_DAILY
3997,1,1,1,COMMON_USER_AND_SCHOOL_DAILY
3998,1,1,1,COMMON_USER_AND_SCHOOL_DAILY
3999,1,1,1,COMMON_USER_AND_SCHOOL_DAILY
4000,1,1,1,COMMON_USER_AND_SCHOOL_DAILY
4001,1,1,1,COMMON_USER_AND_SCHOOL_DAILY
4002,1,1,1,COMMON_USER_AND_SCHOOL_DAILY
4003,1,1,1,COMMON_USER_AND_SCHOOL_DAILY
4004,1,1,1,COMMON_USER_AND_SCHOOL_DAILY
4005,1,1,1,COMMON_USER_AND_SCHOOL_DAILY
4006,1,1,1,COMMON_USER_AND_SCHOOL_DAILY
4007,1,1,1,COMMON_USER_AND_SCHOOL_DAILY
4008,1,1,1,COMMON_USER_AND_SCHOOL_DAILY
4009,1,1,1,COMMON_USER_AND_SCHOOL_DAILY
4010,1,1,1,COMMON_USER_AND_SCHOOL_DAILY
4011,1,1,1,COMMON_USER_AND_SCHOOL_DAILY
4012,1,1,1,COMMON_USER_AND_SCHOOL_DAILY
4013,1,1,1,COMMON_USER_AND_SCHOOL_DAILY
4014,1,1,1,COMMON_USER_AND_SCHOOL_DAILY
4015,1,1,1,COMMON_USER_AND_SCHOOL_DAILY
4016,1,1,1,COMMON_USER_AND_SCHOOL_DAILY
4017,1,1,1,COMMON_USER_AND_SCHOOL_DAILY
4018,1,1,1,COMMON_USER_AND_SCHOOL_DAILY
4019,1,1,1,COMMON_USER_AND_SCHOOL_DAILY
4020,1,1,1,COMMON_USER_AND_SCHOOL_DAILY
4021,1,1,1,COMMON_USER_AND_SCHOOL_DAILY
4022,0,1,0,SCHOOL_DAILY_DIMENSION_ONLY_NO_CURRENT_USER
4023,1,1,1,COMMON_USER_AND_SCHOOL_DAILY
4024,1,1,1,COMMON_USER_AND_SCHOOL_DAILY
4025,1,1,1,COMMON_USER_AND_SCHOOL_DAILY
4026,1,1,1,COMMON_USER_AND_SCHOOL_DAILY
4027,0,1,0,SCHOOL_DAILY_DIMENSION_ONLY_NO_CURRENT_USER
4028,1,1,1,COMMON_USER_AND_SCHOOL_DAILY
4029,0,1,0,SCHOOL_DAILY_DIMENSION_ONLY_NO_CURRENT_USER
4030,1,1,1,COMMON_USER_AND_SCHOOL_DAILY
4031,0,1,0,SCHOOL_DAILY_DIMENSION_ONLY_NO_CURRENT_USER
4032,1,1,1,COMMON_USER_AND_SCHOOL_DAILY
4033,1,1,1,COMMON_USER_AND_SCHOOL_DAILY
4034,1,1,1,COMMON_USER_AND_SCHOOL_DAILY
4035,0,1,0,SCHOOL_DAILY_DIMENSION_ONLY_NO_CURRENT_USER
4036,1,1,1,COMMON_USER_AND_SCHOOL_DAILY
4037,1,1,1,COMMON_USER_AND_SCHOOL_DAILY
4038,1,1,1,COMMON_USER_AND_SCHOOL_DAILY
4039,1,1,1,COMMON_USER_AND_SCHOOL_DAILY
4040,1,1,1,COMMON_USER_AND_SCHOOL_DAILY
4041,1,1,1,COMMON_USER_AND_SCHOOL_DAILY
4042,1,1,1,COMMON_USER_AND_SCHOOL_DAILY
4043,1,1,1,COMMON_USER_AND_SCHOOL_DAILY
4044,1,1,1,COMMON_USER_AND_SCHOOL_DAILY
4045,1,1,1,COMMON_USER_AND_SCHOOL_DAILY
4046,1,1,1,COMMON_USER_AND_SCHOOL_DAILY
4047,1,1,1,COMMON_USER_AND_SCHOOL_DAILY
4048,1,1,1,COMMON_USER_AND_SCHOOL_DAILY
4049,1,1,1,COMMON_USER_AND_SCHOOL_DAILY
4050,1,1,1,COMMON_USER_AND_SCHOOL_DAILY
4051,1,1,1,COMMON_USER_AND_SCHOOL_DAILY
4052,1,1,1,COMMON_USER_AND_SCHOOL_DAILY
4053,1,1,1,COMMON_USER_AND_SCHOOL_DAILY
4054,1,1,1,COMMON_USER_AND_SCHOOL_DAILY
4055,1,1,1,COMMON_USER_AND_SCHOOL_DAILY
4056,1,1,1,COMMON_USER_AND_SCHOOL_DAILY
4057,1,1,1,COMMON_USER_AND_SCHOOL_DAILY
4058,1,1,1,COMMON_USER_AND_SCHOOL_DAILY
4059,1,1,1,COMMON_USER_AND_SCHOOL_DAILY
4060,1,1,1,COMMON_USER_AND_SCHOOL_DAILY
4062,1,1,1,COMMON_USER_AND_SCHOOL_DAILY
4063,1,1,1,COMMON_USER_AND_SCHOOL_DAILY
4064,1,1,1,COMMON_USER_AND_SCHOOL_DAILY
4065,1,1,1,COMMON_USER_AND_SCHOOL_DAILY
4066,1,1,1,COMMON_USER_AND_SCHOOL_DAILY
4067,1,1,1,COMMON_USER_AND_SCHOOL_DAILY
4068,1,1,1,COMMON_USER_AND_SCHOOL_DAILY
4069,1,1,1,COMMON_USER_AND_SCHOOL_DAILY
4070,1,1,1,COMMON_USER_AND_SCHOOL_DAILY
4071,1,1,1,COMMON_USER_AND_SCHOOL_DAILY
4072,1,1,1,COMMON_USER_AND_SCHOOL_DAILY
4073,1,1,1,COMMON_USER_AND_SCHOOL_DAILY
4074,1,1,1,COMMON_USER_AND_SCHOOL_DAILY
4075,1,1,1,COMMON_USER_AND_SCHOOL_DAILY
4076,1,1,1,COMMON_USER_AND_SCHOOL_DAILY
4077,1,1,1,COMMON_USER_AND_SCHOOL_DAILY
4078,1,1,1,COMMON_USER_AND_SCHOOL_DAILY
4079,1,1,1,COMMON_USER_AND_SCHOOL_DAILY
4080,1,1,1,COMMON_USER_AND_SCHOOL_DAILY
4081,1,1,1,COMMON_USER_AND_SCHOOL_DAILY
4082,1,1,1,COMMON_USER_AND_SCHOOL_DAILY
4083,1,1,1,COMMON_USER_AND_SCHOOL_DAILY
4084,1,1,1,COMMON_USER_AND_SCHOOL_DAILY
4085,1,1,1,COMMON_USER_AND_SCHOOL_DAILY
4086,0,1,0,SCHOOL_DAILY_DIMENSION_ONLY_NO_CURRENT_USER
4087,1,1,1,COMMON_USER_AND_SCHOOL_DAILY
4088,1,1,1,COMMON_USER_AND_SCHOOL_DAILY
4089,1,1,1,COMMON_USER_AND_SCHOOL_DAILY
4090,1,1,1,COMMON_USER_AND_SCHOOL_DAILY
4091,1,1,1,COMMON_USER_AND_SCHOOL_DAILY
4092,1,1,1,COMMON_USER_AND_SCHOOL_DAILY
4093,1,1,1,COMMON_USER_AND_SCHOOL_DAILY
4094,1,1,1,COMMON_USER_AND_SCHOOL_DAILY
4095,1,1,1,COMMON_USER_AND_SCHOOL_DAILY
4096,1,1,1,COMMON_USER_AND_SCHOOL_DAILY
4097,1,1,1,COMMON_USER_AND_SCHOOL_DAILY
4098,1,1,1,COMMON_USER_AND_SCHOOL_DAILY
4099,1,1,1,COMMON_USER_AND_SCHOOL_DAILY
4100,1,1,1,COMMON_USER_AND_SCHOOL_DAILY
4101,1,1,1,COMMON_USER_AND_SCHOOL_DAILY
4102,1,1,1,COMMON_USER_AND_SCHOOL_DAILY
4103,1,1,1,COMMON_USER_AND_SCHOOL_DAILY
4104,1,1,1,COMMON_USER_AND_SCHOOL_DAILY
4105,1,1,1,COMMON_USER_AND_SCHOOL_DAILY
4106,1,1,1,COMMON_USER_AND_SCHOOL_DAILY
4107,1,1,1,COMMON_USER_AND_SCHOOL_DAILY
4108,1,1,1,COMMON_USER_AND_SCHOOL_DAILY
4109,1,1,1,COMMON_USER_AND_SCHOOL_DAILY
4110,1,1,1,COMMON_USER_AND_SCHOOL_DAILY
4111,1,1,1,COMMON_USER_AND_SCHOOL_DAILY
4112,1,1,1,COMMON_USER_AND_SCHOOL_DAILY
4113,1,1,1,COMMON_USER_AND_SCHOOL_DAILY
4114,1,1,1,COMMON_USER_AND_SCHOOL_DAILY
4115,1,1,1,COMMON_USER_AND_SCHOOL_DAILY
4116,1,1,1,COMMON_USER_AND_SCHOOL_DAILY
4117,0,1,0,SCHOOL_DAILY_DIMENSION_ONLY_NO_CURRENT_USER
4118,1,1,1,COMMON_USER_AND_SCHOOL_DAILY
4119,1,1,1,COMMON_USER_AND_SCHOOL_DAILY
4120,1,1,1,COMMON_USER_AND_SCHOOL_DAILY
4121,1,1,1,COMMON_USER_AND_SCHOOL_DAILY
4122,1,1,1,COMMON_USER_AND_SCHOOL_DAILY
4123,1,1,1,COMMON_USER_AND_SCHOOL_DAILY
4124,1,1,1,COMMON_USER_AND_SCHOOL_DAILY
4125,1,1,1,COMMON_USER_AND_SCHOOL_DAILY
4126,1,1,1,COMMON_USER_AND_SCHOOL_DAILY
4127,1,1,1,COMMON_USER_AND_SCHOOL_DAILY
4128,1,1,1,COMMON_USER_AND_SCHOOL_DAILY
4129,1,1,1,COMMON_USER_AND_SCHOOL_DAILY
4130,1,1,1,COMMON_USER_AND_SCHOOL_DAILY
4131,1,1,1,COMMON_USER_AND_SCHOOL_DAILY
4132,1,1,1,COMMON_USER_AND_SCHOOL_DAILY
4133,0,1,0,SCHOOL_DAILY_DIMENSION_ONLY_NO_CURRENT_USER
4134,1,1,1,COMMON_USER_AND_SCHOOL_DAILY
4135,1,1,1,COMMON_USER_AND_SCHOOL_DAILY
4136,1,1,1,COMMON_USER_AND_SCHOOL_DAILY
4137,1,1,1,COMMON_USER_AND_SCHOOL_DAILY
4138,1,1,1,COMMON_USER_AND_SCHOOL_DAILY
4139,1,1,1,COMMON_USER_AND_SCHOOL_DAILY
4140,1,1,1,COMMON_USER_AND_SCHOOL_DAILY
4141,1,1,1,COMMON_USER_AND_SCHOOL_DAILY
4142,1,1,1,COMMON_USER_AND_SCHOOL_DAILY
4143,1,1,1,COMMON_USER_AND_SCHOOL_DAILY
4144,1,1,1,COMMON_USER_AND_SCHOOL_DAILY
4145,1,1,1,COMMON_USER_AND_SCHOOL_DAILY
4146,1,1,1,COMMON_USER_AND_SCHOOL_DAILY
4147,1,1,1,COMMON_USER_AND_SCHOOL_DAILY
4148,1,1,1,COMMON_USER_AND_SCHOOL_DAILY
4149,1,1,1,COMMON_USER_AND_SCHOOL_DAILY
4150,0,1,0,SCHOOL_DAILY_DIMENSION_ONLY_NO_CURRENT_USER
4151,0,1,0,SCHOOL_DAILY_DIMENSION_ONLY_NO_CURRENT_USER
4152,1,1,1,COMMON_USER_AND_SCHOOL_DAILY
4153,1,1,1,COMMON_USER_AND_SCHOOL_DAILY
4154,1,1,1,COMMON_USER_AND_SCHOOL_DAILY
4155,1,1,1,COMMON_USER_AND_SCHOOL_DAILY
4156,1,1,1,COMMON_USER_AND_SCHOOL_DAILY
4157,1,1,1,COMMON_USER_AND_SCHOOL_DAILY
4158,1,1,1,COMMON_USER_AND_SCHOOL_DAILY
4159,1,1,1,COMMON_USER_AND_SCHOOL_DAILY
4160,1,1,1,COMMON_USER_AND_SCHOOL_DAILY
4161,1,1,1,COMMON_USER_AND_SCHOOL_DAILY
4162,0,1,0,SCHOOL_DAILY_DIMENSION_ONLY_NO_CURRENT_USER
4163,1,1,1,COMMON_USER_AND_SCHOOL_DAILY
4164,1,1,1,COMMON_USER_AND_SCHOOL_DAILY
4165,1,1,1,COMMON_USER_AND_SCHOOL_DAILY
4166,0,1,0,SCHOOL_DAILY_DIMENSION_ONLY_NO_CURRENT_USER
4167,0,1,0,SCHOOL_DAILY_DIMENSION_ONLY_NO_CURRENT_USER
4168,1,1,1,COMMON_USER_AND_SCHOOL_DAILY
4169,1,1,1,COMMON_USER_AND_SCHOOL_DAILY
4170,1,1,1,COMMON_USER_AND_SCHOOL_DAILY
4171,1,1,1,COMMON_USER_AND_SCHOOL_DAILY
4172,1,1,1,COMMON_USER_AND_SCHOOL_DAILY
4173,1,1,1,COMMON_USER_AND_SCHOOL_DAILY
4174,1,1,1,COMMON_USER_AND_SCHOOL_DAILY
4175,1,1,1,COMMON_USER_AND_SCHOOL_DAILY
4176,1,1,1,COMMON_USER_AND_SCHOOL_DAILY
4177,1,1,1,COMMON_USER_AND_SCHOOL_DAILY
4178,1,1,1,COMMON_USER_AND_SCHOOL_DAILY
4179,1,1,1,COMMON_USER_AND_SCHOOL_DAILY
4180,1,1,1,COMMON_USER_AND_SCHOOL_DAILY
4181,1,1,1,COMMON_USER_AND_SCHOOL_DAILY
4182,1,1,1,COMMON_USER_AND_SCHOOL_DAILY
4183,1,1,1,COMMON_USER_AND_SCHOOL_DAILY
4184,1,1,1,COMMON_USER_AND_SCHOOL_DAILY
4185,1,1,1,COMMON_USER_AND_SCHOOL_DAILY
4186,1,1,1,COMMON_USER_AND_SCHOOL_DAILY
4187,1,1,1,COMMON_USER_AND_SCHOOL_DAILY
4188,0,1,0,SCHOOL_DAILY_DIMENSION_ONLY_NO_CURRENT_USER
4189,1,1,1,COMMON_USER_AND_SCHOOL_DAILY
4190,1,1,1,COMMON_USER_AND_SCHOOL_DAILY
4191,1,1,1,COMMON_USER_AND_SCHOOL_DAILY
4192,1,1,1,COMMON_USER_AND_SCHOOL_DAILY
4193,1,1,1,COMMON_USER_AND_SCHOOL_DAILY
4194,0,1,0,SCHOOL_DAILY_DIMENSION_ONLY_NO_CURRENT_USER
4195,0,1,0,SCHOOL_DAILY_DIMENSION_ONLY_NO_CURRENT_USER
4196,1,1,1,COMMON_USER_AND_SCHOOL_DAILY
4197,1,1,1,COMMON_USER_AND_SCHOOL_DAILY
4198,1,1,1,COMMON_USER_AND_SCHOOL_DAILY
4199,1,1,1,COMMON_USER_AND_SCHOOL_DAILY
4200,0,1,0,SCHOOL_DAILY_DIMENSION_ONLY_NO_CURRENT_USER
4201,1,1,1,COMMON_USER_AND_SCHOOL_DAILY
4202,1,1,1,COMMON_USER_AND_SCHOOL_DAILY
4203,1,1,1,COMMON_USER_AND_SCHOOL_DAILY
4204,1,1,1,COMMON_USER_AND_SCHOOL_DAILY
4205,1,1,1,COMMON_USER_AND_SCHOOL_DAILY
4206,1,1,1,COMMON_USER_AND_SCHOOL_DAILY
4207,1,1,1,COMMON_USER_AND_SCHOOL_DAILY
4208,1,1,1,COMMON_USER_AND_SCHOOL_DAILY
4209,1,1,1,COMMON_USER_AND_SCHOOL_DAILY
4210,1,1,1,COMMON_USER_AND_SCHOOL_DAILY
4211,1,1,1,COMMON_USER_AND_SCHOOL_DAILY
4212,1,1,1,COMMON_USER_AND_SCHOOL_DAILY
4213,1,1,1,COMMON_USER_AND_SCHOOL_DAILY
4214,1,1,1,COMMON_USER_AND_SCHOOL_DAILY
4215,0,1,0,SCHOOL_DAILY_DIMENSION_ONLY_NO_CURRENT_USER
4216,1,1,1,COMMON_USER_AND_SCHOOL_DAILY
4217,1,1,1,COMMON_USER_AND_SCHOOL_DAILY
4218,1,1,1,COMMON_USER_AND_SCHOOL_DAILY
4219,1,1,1,COMMON_USER_AND_SCHOOL_DAILY
4220,0,1,0,SCHOOL_DAILY_DIMENSION_ONLY_NO_CURRENT_USER
4221,1,1,1,COMMON_USER_AND_SCHOOL_DAILY
4222,1,1,1,COMMON_USER_AND_SCHOOL_DAILY
4223,1,1,1,COMMON_USER_AND_SCHOOL_DAILY
4224,1,1,1,COMMON_USER_AND_SCHOOL_DAILY
4225,1,1,1,COMMON_USER_AND_SCHOOL_DAILY
4226,0,1,0,SCHOOL_DAILY_DIMENSION_ONLY_NO_CURRENT_USER
4227,1,1,1,COMMON_USER_AND_SCHOOL_DAILY
4228,1,1,1,COMMON_USER_AND_SCHOOL_DAILY
4229,1,1,1,COMMON_USER_AND_SCHOOL_DAILY
4230,1,1,1,COMMON_USER_AND_SCHOOL_DAILY
4231,1,1,1,COMMON_USER_AND_SCHOOL_DAILY
4232,1,1,1,COMMON_USER_AND_SCHOOL_DAILY
4233,0,1,0,SCHOOL_DAILY_DIMENSION_ONLY_NO_CURRENT_USER
4234,1,1,1,COMMON_USER_AND_SCHOOL_DAILY
4235,1,1,1,COMMON_USER_AND_SCHOOL_DAILY
4236,1,1,1,COMMON_USER_AND_SCHOOL_DAILY
4237,1,1,1,COMMON_USER_AND_SCHOOL_DAILY
4238,1,1,1,COMMON_USER_AND_SCHOOL_DAILY
4239,0,1,0,SCHOOL_DAILY_DIMENSION_ONLY_NO_CURRENT_USER
4240,1,1,1,COMMON_USER_AND_SCHOOL_DAILY
4241,1,1,1,COMMON_USER_AND_SCHOOL_DAILY
4242,1,1,1,COMMON_USER_AND_SCHOOL_DAILY
4243,1,1,1,COMMON_USER_AND_SCHOOL_DAILY
4244,1,1,1,COMMON_USER_AND_SCHOOL_DAILY
4245,1,1,1,COMMON_USER_AND_SCHOOL_DAILY
4246,1,1,1,COMMON_USER_AND_SCHOOL_DAILY
4247,1,1,1,COMMON_USER_AND_SCHOOL_DAILY
4248,1,1,1,COMMON_USER_AND_SCHOOL_DAILY
4249,1,1,1,COMMON_USER_AND_SCHOOL_DAILY
4250,1,1,1,COMMON_USER_AND_SCHOOL_DAILY
4251,1,1,1,COMMON_USER_AND_SCHOOL_DAILY
4252,1,1,1,COMMON_USER_AND_SCHOOL_DAILY
4253,1,1,1,COMMON_USER_AND_SCHOOL_DAILY
4254,1,1,1,COMMON_USER_AND_SCHOOL_DAILY
4255,1,1,1,COMMON_USER_AND_SCHOOL_DAILY
4256,1,1,1,COMMON_USER_AND_SCHOOL_DAILY
4257,1,1,1,COMMON_USER_AND_SCHOOL_DAILY
4258,0,1,0,SCHOOL_DAILY_DIMENSION_ONLY_NO_CURRENT_USER
4259,0,1,0,SCHOOL_DAILY_DIMENSION_ONLY_NO_CURRENT_USER
4260,0,1,0,SCHOOL_DAILY_DIMENSION_ONLY_NO_CURRENT_USER
4261,1,1,1,COMMON_USER_AND_SCHOOL_DAILY
4262,1,1,1,COMMON_USER_AND_SCHOOL_DAILY
4263,1,1,1,COMMON_USER_AND_SCHOOL_DAILY
4264,1,1,1,COMMON_USER_AND_SCHOOL_DAILY
4265,1,1,1,COMMON_USER_AND_SCHOOL_DAILY
4266,1,1,1,COMMON_USER_AND_SCHOOL_DAILY
4267,1,1,1,COMMON_USER_AND_SCHOOL_DAILY
4268,1,1,1,COMMON_USER_AND_SCHOOL_DAILY
4269,1,1,1,COMMON_USER_AND_SCHOOL_DAILY
4270,1,1,1,COMMON_USER_AND_SCHOOL_DAILY
4271,1,1,1,COMMON_USER_AND_SCHOOL_DAILY
4272,1,1,1,COMMON_USER_AND_SCHOOL_DAILY
4273,1,1,1,COMMON_USER_AND_SCHOOL_DAILY
4274,1,1,1,COMMON_USER_AND_SCHOOL_DAILY
4275,1,1,1,COMMON_USER_AND_SCHOOL_DAILY
4276,1,1,1,COMMON_USER_AND_SCHOOL_DAILY
4277,1,1,1,COMMON_USER_AND_SCHOOL_DAILY
4278,1,1,1,COMMON_USER_AND_SCHOOL_DAILY
4279,1,1,1,COMMON_USER_AND_SCHOOL_DAILY
4280,1,1,1,COMMON_USER_AND_SCHOOL_DAILY
4281,1,1,1,COMMON_USER_AND_SCHOOL_DAILY
4282,1,1,1,COMMON_USER_AND_SCHOOL_DAILY
4283,1,1,1,COMMON_USER_AND_SCHOOL_DAILY
4284,1,1,1,COMMON_USER_AND_SCHOOL_DAILY
4285,0,1,0,SCHOOL_DAILY_DIMENSION_ONLY_NO_CURRENT_USER
4286,0,1,0,SCHOOL_DAILY_DIMENSION_ONLY_NO_CURRENT_USER
4287,1,1,1,COMMON_USER_AND_SCHOOL_DAILY
4288,1,1,1,COMMON_USER_AND_SCHOOL_DAILY
4289,1,1,1,COMMON_USER_AND_SCHOOL_DAILY
4290,1,1,1,COMMON_USER_AND_SCHOOL_DAILY
4291,1,1,1,COMMON_USER_AND_SCHOOL_DAILY
4292,1,1,1,COMMON_USER_AND_SCHOOL_DAILY
4293,1,1,1,COMMON_USER_AND_SCHOOL_DAILY
4294,1,1,1,COMMON_USER_AND_SCHOOL_DAILY
4295,1,1,1,COMMON_USER_AND_SCHOOL_DAILY
4296,1,1,1,COMMON_USER_AND_SCHOOL_DAILY
4297,1,1,1,COMMON_USER_AND_SCHOOL_DAILY
4298,1,1,1,COMMON_USER_AND_SCHOOL_DAILY
4299,1,1,1,COMMON_USER_AND_SCHOOL_DAILY
4300,1,1,1,COMMON_USER_AND_SCHOOL_DAILY
4301,1,1,1,COMMON_USER_AND_SCHOOL_DAILY
4302,1,1,1,COMMON_USER_AND_SCHOOL_DAILY
4303,1,1,1,COMMON_USER_AND_SCHOOL_DAILY
4304,0,1,0,SCHOOL_DAILY_DIMENSION_ONLY_NO_CURRENT_USER
4305,1,1,1,COMMON_USER_AND_SCHOOL_DAILY
4306,1,1,1,COMMON_USER_AND_SCHOOL_DAILY
4307,1,1,1,COMMON_USER_AND_SCHOOL_DAILY
4308,1,1,1,COMMON_USER_AND_SCHOOL_DAILY
4309,1,1,1,COMMON_USER_AND_SCHOOL_DAILY
4310,1,1,1,COMMON_USER_AND_SCHOOL_DAILY
4311,1,1,1,COMMON_USER_AND_SCHOOL_DAILY
4312,1,1,1,COMMON_USER_AND_SCHOOL_DAILY
4313,1,1,1,COMMON_USER_AND_SCHOOL_DAILY
4314,0,1,0,SCHOOL_DAILY_DIMENSION_ONLY_NO_CURRENT_USER
4315,1,1,1,COMMON_USER_AND_SCHOOL_DAILY
4316,1,1,1,COMMON_USER_AND_SCHOOL_DAILY
4317,1,1,1,COMMON_USER_AND_SCHOOL_DAILY
4318,1,1,1,COMMON_USER_AND_SCHOOL_DAILY
4319,1,1,1,COMMON_USER_AND_SCHOOL_DAILY
4320,1,1,1,COMMON_USER_AND_SCHOOL_DAILY
4321,1,1,1,COMMON_USER_AND_SCHOOL_DAILY
4322,1,1,1,COMMON_USER_AND_SCHOOL_DAILY
4323,1,1,1,COMMON_USER_AND_SCHOOL_DAILY
4324,1,1,1,COMMON_USER_AND_SCHOOL_DAILY
4325,1,1,1,COMMON_USER_AND_SCHOOL_DAILY
4326,1,1,1,COMMON_USER_AND_SCHOOL_DAILY
4327,0,1,0,SCHOOL_DAILY_DIMENSION_ONLY_NO_CURRENT_USER
4328,1,1,1,COMMON_USER_AND_SCHOOL_DAILY
4329,1,1,1,COMMON_USER_AND_SCHOOL_DAILY
4330,1,1,1,COMMON_USER_AND_SCHOOL_DAILY
4331,1,1,1,COMMON_USER_AND_SCHOOL_DAILY
4332,1,1,1,COMMON_USER_AND_SCHOOL_DAILY
4333,1,1,1,COMMON_USER_AND_SCHOOL_DAILY
4334,1,1,1,COMMON_USER_AND_SCHOOL_DAILY
4335,1,1,1,COMMON_USER_AND_SCHOOL_DAILY
4336,1,1,1,COMMON_USER_AND_SCHOOL_DAILY
4337,1,1,1,COMMON_USER_AND_SCHOOL_DAILY
4338,1,1,1,COMMON_USER_AND_SCHOOL_DAILY
4339,1,1,1,COMMON_USER_AND_SCHOOL_DAILY
4340,1,1,1,COMMON_USER_AND_SCHOOL_DAILY
4341,1,1,1,COMMON_USER_AND_SCHOOL_DAILY
4342,1,1,1,COMMON_USER_AND_SCHOOL_DAILY
4343,1,1,1,COMMON_USER_AND_SCHOOL_DAILY
4344,1,1,1,COMMON_USER_AND_SCHOOL_DAILY
4345,1,1,1,COMMON_USER_AND_SCHOOL_DAILY
4346,1,1,1,COMMON_USER_AND_SCHOOL_DAILY
4347,1,1,1,COMMON_USER_AND_SCHOOL_DAILY
4348,1,1,1,COMMON_USER_AND_SCHOOL_DAILY
4349,1,1,1,COMMON_USER_AND_SCHOOL_DAILY
4350,1,1,1,COMMON_USER_AND_SCHOOL_DAILY
4351,1,1,1,COMMON_USER_AND_SCHOOL_DAILY
4352,1,1,1,COMMON_USER_AND_SCHOOL_DAILY
4353,1,1,1,COMMON_USER_AND_SCHOOL_DAILY
4354,1,1,1,COMMON_USER_AND_SCHOOL_DAILY
4355,1,1,1,COMMON_USER_AND_SCHOOL_DAILY
4356,1,1,1,COMMON_USER_AND_SCHOOL_DAILY
4357,1,1,1,COMMON_USER_AND_SCHOOL_DAILY
4358,1,1,1,COMMON_USER_AND_SCHOOL_DAILY
4359,1,1,1,COMMON_USER_AND_SCHOOL_DAILY
4360,1,1,1,COMMON_USER_AND_SCHOOL_DAILY
4361,1,1,1,COMMON_USER_AND_SCHOOL_DAILY
4362,1,1,1,COMMON_USER_AND_SCHOOL_DAILY
4363,1,1,1,COMMON_USER_AND_SCHOOL_DAILY
4364,1,1,1,COMMON_USER_AND_SCHOOL_DAILY
4365,1,1,1,COMMON_USER_AND_SCHOOL_DAILY
4366,1,1,1,COMMON_USER_AND_SCHOOL_DAILY
4367,1,1,1,COMMON_USER_AND_SCHOOL_DAILY
4368,1,1,1,COMMON_USER_AND_SCHOOL_DAILY
4369,1,1,1,COMMON_USER_AND_SCHOOL_DAILY
4370,1,1,1,COMMON_USER_AND_SCHOOL_DAILY
4371,1,1,1,COMMON_USER_AND_SCHOOL_DAILY
4372,1,1,1,COMMON_USER_AND_SCHOOL_DAILY
4373,1,1,1,COMMON_USER_AND_SCHOOL_DAILY
4374,1,1,1,COMMON_USER_AND_SCHOOL_DAILY
4375,1,1,1,COMMON_USER_AND_SCHOOL_DAILY
4376,1,1,1,COMMON_USER_AND_SCHOOL_DAILY
4377,1,1,1,COMMON_USER_AND_SCHOOL_DAILY
4378,1,1,1,COMMON_USER_AND_SCHOOL_DAILY
4379,1,1,1,COMMON_USER_AND_SCHOOL_DAILY
4380,1,1,1,COMMON_USER_AND_SCHOOL_DAILY
4381,1,1,1,COMMON_USER_AND_SCHOOL_DAILY
4382,1,1,1,COMMON_USER_AND_SCHOOL_DAILY
4383,1,1,1,COMMON_USER_AND_SCHOOL_DAILY
4384,1,1,1,COMMON_USER_AND_SCHOOL_DAILY
4385,1,1,1,COMMON_USER_AND_SCHOOL_DAILY
4386,1,1,1,COMMON_USER_AND_SCHOOL_DAILY
4387,1,1,1,COMMON_USER_AND_SCHOOL_DAILY
4388,1,1,1,COMMON_USER_AND_SCHOOL_DAILY
4389,1,1,1,COMMON_USER_AND_SCHOOL_DAILY
4390,1,1,1,COMMON_USER_AND_SCHOOL_DAILY
4391,1,1,1,COMMON_USER_AND_SCHOOL_DAILY
4392,1,1,1,COMMON_USER_AND_SCHOOL_DAILY
4393,1,1,1,COMMON_USER_AND_SCHOOL_DAILY
4394,1,1,1,COMMON_USER_AND_SCHOOL_DAILY
4395,1,1,1,COMMON_USER_AND_SCHOOL_DAILY
4396,1,1,1,COMMON_USER_AND_SCHOOL_DAILY
4397,1,1,1,COMMON_USER_AND_SCHOOL_DAILY
4398,1,1,1,COMMON_USER_AND_SCHOOL_DAILY
4399,0,1,0,SCHOOL_DAILY_DIMENSION_ONLY_NO_CURRENT_USER
4400,0,1,0,SCHOOL_DAILY_DIMENSION_ONLY_NO_CURRENT_USER
4401,1,1,1,COMMON_USER_AND_SCHOOL_DAILY
4402,1,1,1,COMMON_USER_AND_SCHOOL_DAILY
4403,1,1,1,COMMON_USER_AND_SCHOOL_DAILY
4404,1,1,1,COMMON_USER_AND_SCHOOL_DAILY
4405,1,1,1,COMMON_USER_AND_SCHOOL_DAILY
4406,1,1,1,COMMON_USER_AND_SCHOOL_DAILY
4407,1,1,1,COMMON_USER_AND_SCHOOL_DAILY
4408,1,1,1,COMMON_USER_AND_SCHOOL_DAILY
4409,1,1,1,COMMON_USER_AND_SCHOOL_DAILY
4410,1,1,1,COMMON_USER_AND_SCHOOL_DAILY
4411,1,1,1,COMMON_USER_AND_SCHOOL_DAILY
4412,1,1,1,COMMON_USER_AND_SCHOOL_DAILY
4413,1,1,1,COMMON_USER_AND_SCHOOL_DAILY
4414,1,1,1,COMMON_USER_AND_SCHOOL_DAILY
4415,1,1,1,COMMON_USER_AND_SCHOOL_DAILY
4416,1,1,1,COMMON_USER_AND_SCHOOL_DAILY
4417,1,1,1,COMMON_USER_AND_SCHOOL_DAILY
4418,1,1,1,COMMON_USER_AND_SCHOOL_DAILY
4419,1,1,1,COMMON_USER_AND_SCHOOL_DAILY
4420,1,1,1,COMMON_USER_AND_SCHOOL_DAILY
4421,1,1,1,COMMON_USER_AND_SCHOOL_DAILY
4422,1,1,1,COMMON_USER_AND_SCHOOL_DAILY
4423,1,1,1,COMMON_USER_AND_SCHOOL_DAILY
4424,1,1,1,COMMON_USER_AND_SCHOOL_DAILY
4425,1,1,1,COMMON_USER_AND_SCHOOL_DAILY
4426,1,1,1,COMMON_USER_AND_SCHOOL_DAILY
4427,1,1,1,COMMON_USER_AND_SCHOOL_DAILY
4428,1,1,1,COMMON_USER_AND_SCHOOL_DAILY
4429,1,1,1,COMMON_USER_AND_SCHOOL_DAILY
4430,1,1,1,COMMON_USER_AND_SCHOOL_DAILY
4431,1,1,1,COMMON_USER_AND_SCHOOL_DAILY
4432,1,1,1,COMMON_USER_AND_SCHOOL_DAILY
4433,1,1,1,COMMON_USER_AND_SCHOOL_DAILY
4434,1,1,1,COMMON_USER_AND_SCHOOL_DAILY
4435,1,1,1,COMMON_USER_AND_SCHOOL_DAILY
4436,1,1,1,COMMON_USER_AND_SCHOOL_DAILY
4437,1,1,1,COMMON_USER_AND_SCHOOL_DAILY
4438,1,1,1,COMMON_USER_AND_SCHOOL_DAILY
4439,1,1,1,COMMON_USER_AND_SCHOOL_DAILY
4440,1,1,1,COMMON_USER_AND_SCHOOL_DAILY
4441,1,1,1,COMMON_USER_AND_SCHOOL_DAILY
4442,1,1,1,COMMON_USER_AND_SCHOOL_DAILY
4443,0,1,0,SCHOOL_DAILY_DIMENSION_ONLY_NO_CURRENT_USER
4444,1,1,1,COMMON_USER_AND_SCHOOL_DAILY
4445,1,1,1,COMMON_USER_AND_SCHOOL_DAILY
4446,1,1,1,COMMON_USER_AND_SCHOOL_DAILY
4447,1,1,1,COMMON_USER_AND_SCHOOL_DAILY
4448,1,1,1,COMMON_USER_AND_SCHOOL_DAILY
4449,1,1,1,COMMON_USER_AND_SCHOOL_DAILY
4450,1,1,1,COMMON_USER_AND_SCHOOL_DAILY
4451,1,1,1,COMMON_USER_AND_SCHOOL_DAILY
4452,1,1,1,COMMON_USER_AND_SCHOOL_DAILY
4453,1,1,1,COMMON_USER_AND_SCHOOL_DAILY
4454,1,1,1,COMMON_USER_AND_SCHOOL_DAILY
4455,1,1,1,COMMON_USER_AND_SCHOOL_DAILY
4456,1,1,1,COMMON_USER_AND_SCHOOL_DAILY
4457,1,1,1,COMMON_USER_AND_SCHOOL_DAILY
4458,1,1,1,COMMON_USER_AND_SCHOOL_DAILY
4459,1,1,1,COMMON_USER_AND_SCHOOL_DAILY
4460,1,1,1,COMMON_USER_AND_SCHOOL_DAILY
4461,1,1,1,COMMON_USER_AND_SCHOOL_DAILY
4462,1,1,1,COMMON_USER_AND_SCHOOL_DAILY
4463,1,1,1,COMMON_USER_AND_SCHOOL_DAILY
4464,1,1,1,COMMON_USER_AND_SCHOOL_DAILY
4465,0,1,0,SCHOOL_DAILY_DIMENSION_ONLY_NO_CURRENT_USER
4466,0,1,0,SCHOOL_DAILY_DIMENSION_ONLY_NO_CURRENT_USER
4467,1,1,1,COMMON_USER_AND_SCHOOL_DAILY
4468,1,1,1,COMMON_USER_AND_SCHOOL_DAILY
4469,1,1,1,COMMON_USER_AND_SCHOOL_DAILY
4470,0,1,0,SCHOOL_DAILY_DIMENSION_ONLY_NO_CURRENT_USER
4471,1,1,1,COMMON_USER_AND_SCHOOL_DAILY
4472,1,1,1,COMMON_USER_AND_SCHOOL_DAILY
4473,1,1,1,COMMON_USER_AND_SCHOOL_DAILY
4474,1,1,1,COMMON_USER_AND_SCHOOL_DAILY
4475,1,1,1,COMMON_USER_AND_SCHOOL_DAILY
4476,1,1,1,COMMON_USER_AND_SCHOOL_DAILY
4477,1,1,1,COMMON_USER_AND_SCHOOL_DAILY
4478,1,1,1,COMMON_USER_AND_SCHOOL_DAILY
4479,1,1,1,COMMON_USER_AND_SCHOOL_DAILY
4480,1,1,1,COMMON_USER_AND_SCHOOL_DAILY
4481,1,1,1,COMMON_USER_AND_SCHOOL_DAILY
4482,1,1,1,COMMON_USER_AND_SCHOOL_DAILY
4483,1,1,1,COMMON_USER_AND_SCHOOL_DAILY
4484,1,1,1,COMMON_USER_AND_SCHOOL_DAILY
4485,1,1,1,COMMON_USER_AND_SCHOOL_DAILY
4486,1,1,1,COMMON_USER_AND_SCHOOL_DAILY
4487,1,1,1,COMMON_USER_AND_SCHOOL_DAILY
4488,1,1,1,COMMON_USER_AND_SCHOOL_DAILY
4489,1,1,1,COMMON_USER_AND_SCHOOL_DAILY
4490,1,1,1,COMMON_USER_AND_SCHOOL_DAILY
4491,1,1,1,COMMON_USER_AND_SCHOOL_DAILY
4492,1,1,1,COMMON_USER_AND_SCHOOL_DAILY
4493,1,1,1,COMMON_USER_AND_SCHOOL_DAILY
4494,1,1,1,COMMON_USER_AND_SCHOOL_DAILY
4495,1,1,1,COMMON_USER_AND_SCHOOL_DAILY
4496,1,1,1,COMMON_USER_AND_SCHOOL_DAILY
4497,1,1,1,COMMON_USER_AND_SCHOOL_DAILY
4498,1,1,1,COMMON_USER_AND_SCHOOL_DAILY
4499,1,1,1,COMMON_USER_AND_SCHOOL_DAILY
4500,1,1,1,COMMON_USER_AND_SCHOOL_DAILY
4501,1,1,1,COMMON_USER_AND_SCHOOL_DAILY
4502,1,1,1,COMMON_USER_AND_SCHOOL_DAILY
4503,1,1,1,COMMON_USER_AND_SCHOOL_DAILY
4504,1,1,1,COMMON_USER_AND_SCHOOL_DAILY
4505,1,1,1,COMMON_USER_AND_SCHOOL_DAILY
4506,1,1,1,COMMON_USER_AND_SCHOOL_DAILY
4507,1,1,1,COMMON_USER_AND_SCHOOL_DAILY
4508,1,1,1,COMMON_USER_AND_SCHOOL_DAILY
4509,1,1,1,COMMON_USER_AND_SCHOOL_DAILY
4510,1,1,1,COMMON_USER_AND_SCHOOL_DAILY
4511,1,1,1,COMMON_USER_AND_SCHOOL_DAILY
4512,1,1,1,COMMON_USER_AND_SCHOOL_DAILY
4513,1,1,1,COMMON_USER_AND_SCHOOL_DAILY
4514,0,1,0,SCHOOL_DAILY_DIMENSION_ONLY_NO_CURRENT_USER
4515,1,1,1,COMMON_USER_AND_SCHOOL_DAILY
4516,1,1,1,COMMON_USER_AND_SCHOOL_DAILY
4517,1,1,1,COMMON_USER_AND_SCHOOL_DAILY
4518,1,1,1,COMMON_USER_AND_SCHOOL_DAILY
4519,1,1,1,COMMON_USER_AND_SCHOOL_DAILY
4520,1,1,1,COMMON_USER_AND_SCHOOL_DAILY
4521,1,1,1,COMMON_USER_AND_SCHOOL_DAILY
4522,1,1,1,COMMON_USER_AND_SCHOOL_DAILY
4523,1,1,1,COMMON_USER_AND_SCHOOL_DAILY
4524,1,1,1,COMMON_USER_AND_SCHOOL_DAILY
4525,1,1,1,COMMON_USER_AND_SCHOOL_DAILY
4526,1,1,1,COMMON_USER_AND_SCHOOL_DAILY
4527,1,1,1,COMMON_USER_AND_SCHOOL_DAILY
4528,1,1,1,COMMON_USER_AND_SCHOOL_DAILY
4529,1,1,1,COMMON_USER_AND_SCHOOL_DAILY
4530,1,1,1,COMMON_USER_AND_SCHOOL_DAILY
4531,1,1,1,COMMON_USER_AND_SCHOOL_DAILY
4532,1,1,1,COMMON_USER_AND_SCHOOL_DAILY
4533,1,1,1,COMMON_USER_AND_SCHOOL_DAILY
4534,1,1,1,COMMON_USER_AND_SCHOOL_DAILY
4535,1,1,1,COMMON_USER_AND_SCHOOL_DAILY
4536,1,1,1,COMMON_USER_AND_SCHOOL_DAILY
4537,1,1,1,COMMON_USER_AND_SCHOOL_DAILY
4538,1,1,1,COMMON_USER_AND_SCHOOL_DAILY
4539,1,1,1,COMMON_USER_AND_SCHOOL_DAILY
4540,1,1,1,COMMON_USER_AND_SCHOOL_DAILY
4541,1,1,1,COMMON_USER_AND_SCHOOL_DAILY
4542,1,1,1,COMMON_USER_AND_SCHOOL_DAILY
4543,1,1,1,COMMON_USER_AND_SCHOOL_DAILY
4544,1,1,1,COMMON_USER_AND_SCHOOL_DAILY
4545,0,1,0,SCHOOL_DAILY_DIMENSION_ONLY_NO_CURRENT_USER
4546,1,1,1,COMMON_USER_AND_SCHOOL_DAILY
4547,1,1,1,COMMON_USER_AND_SCHOOL_DAILY
4548,1,1,1,COMMON_USER_AND_SCHOOL_DAILY
4549,1,1,1,COMMON_USER_AND_SCHOOL_DAILY
4550,1,1,1,COMMON_USER_AND_SCHOOL_DAILY
4551,1,1,1,COMMON_USER_AND_SCHOOL_DAILY
4552,1,1,1,COMMON_USER_AND_SCHOOL_DAILY
4553,1,1,1,COMMON_USER_AND_SCHOOL_DAILY
4554,1,1,1,COMMON_USER_AND_SCHOOL_DAILY
4555,1,1,1,COMMON_USER_AND_SCHOOL_DAILY
4556,1,1,1,COMMON_USER_AND_SCHOOL_DAILY
4557,1,1,1,COMMON_USER_AND_SCHOOL_DAILY
4558,1,1,1,COMMON_USER_AND_SCHOOL_DAILY
4559,1,1,1,COMMON_USER_AND_SCHOOL_DAILY
4560,1,1,1,COMMON_USER_AND_SCHOOL_DAILY
4561,1,1,1,COMMON_USER_AND_SCHOOL_DAILY
4562,1,1,1,COMMON_USER_AND_SCHOOL_DAILY
4563,1,1,1,COMMON_USER_AND_SCHOOL_DAILY
4564,1,1,1,COMMON_USER_AND_SCHOOL_DAILY
4565,1,1,1,COMMON_USER_AND_SCHOOL_DAILY
4566,1,1,1,COMMON_USER_AND_SCHOOL_DAILY
4567,1,1,1,COMMON_USER_AND_SCHOOL_DAILY
4568,1,1,1,COMMON_USER_AND_SCHOOL_DAILY
4569,1,1,1,COMMON_USER_AND_SCHOOL_DAILY
4570,1,1,1,COMMON_USER_AND_SCHOOL_DAILY
4571,1,1,1,COMMON_USER_AND_SCHOOL_DAILY
4572,1,1,1,COMMON_USER_AND_SCHOOL_DAILY
4573,1,1,1,COMMON_USER_AND_SCHOOL_DAILY
4574,1,1,1,COMMON_USER_AND_SCHOOL_DAILY
4575,1,1,1,COMMON_USER_AND_SCHOOL_DAILY
4576,1,1,1,COMMON_USER_AND_SCHOOL_DAILY
4577,1,1,1,COMMON_USER_AND_SCHOOL_DAILY
4578,1,1,1,COMMON_USER_AND_SCHOOL_DAILY
4579,1,1,1,COMMON_USER_AND_SCHOOL_DAILY
4580,1,1,1,COMMON_USER_AND_SCHOOL_DAILY
4581,1,1,1,COMMON_USER_AND_SCHOOL_DAILY
4582,1,1,1,COMMON_USER_AND_SCHOOL_DAILY
4583,0,1,0,SCHOOL_DAILY_DIMENSION_ONLY_NO_CURRENT_USER
4584,1,1,1,COMMON_USER_AND_SCHOOL_DAILY
4585,1,1,1,COMMON_USER_AND_SCHOOL_DAILY
4586,1,1,1,COMMON_USER_AND_SCHOOL_DAILY
4587,1,1,1,COMMON_USER_AND_SCHOOL_DAILY
4588,1,1,1,COMMON_USER_AND_SCHOOL_DAILY
4589,1,1,1,COMMON_USER_AND_SCHOOL_DAILY
4590,1,1,1,COMMON_USER_AND_SCHOOL_DAILY
4591,1,1,1,COMMON_USER_AND_SCHOOL_DAILY
4592,1,1,1,COMMON_USER_AND_SCHOOL_DAILY
4593,1,1,1,COMMON_USER_AND_SCHOOL_DAILY
4594,1,1,1,COMMON_USER_AND_SCHOOL_DAILY
4595,1,1,1,COMMON_USER_AND_SCHOOL_DAILY
4596,1,1,1,COMMON_USER_AND_SCHOOL_DAILY
4597,1,1,1,COMMON_USER_AND_SCHOOL_DAILY
4598,1,1,1,COMMON_USER_AND_SCHOOL_DAILY
4599,1,1,1,COMMON_USER_AND_SCHOOL_DAILY
4600,1,1,1,COMMON_USER_AND_SCHOOL_DAILY
4601,1,1,1,COMMON_USER_AND_SCHOOL_DAILY
4602,1,1,1,COMMON_USER_AND_SCHOOL_DAILY
4603,1,1,1,COMMON_USER_AND_SCHOOL_DAILY
4604,1,1,1,COMMON_USER_AND_SCHOOL_DAILY
4605,1,1,1,COMMON_USER_AND_SCHOOL_DAILY
4606,1,1,1,COMMON_USER_AND_SCHOOL_DAILY
4607,1,1,1,COMMON_USER_AND_SCHOOL_DAILY
4608,1,1,1,COMMON_USER_AND_SCHOOL_DAILY
4609,1,1,1,COMMON_USER_AND_SCHOOL_DAILY
4610,1,1,1,COMMON_USER_AND_SCHOOL_DAILY
4611,1,1,1,COMMON_USER_AND_SCHOOL_DAILY
4612,1,1,1,COMMON_USER_AND_SCHOOL_DAILY
4613,1,1,1,COMMON_USER_AND_SCHOOL_DAILY
4614,1,1,1,COMMON_USER_AND_SCHOOL_DAILY
4615,1,1,1,COMMON_USER_AND_SCHOOL_DAILY
4616,1,1,1,COMMON_USER_AND_SCHOOL_DAILY
4617,1,1,1,COMMON_USER_AND_SCHOOL_DAILY
4618,1,1,1,COMMON_USER_AND_SCHOOL_DAILY
4619,1,1,1,COMMON_USER_AND_SCHOOL_DAILY
4620,1,1,1,COMMON_USER_AND_SCHOOL_DAILY
4621,1,1,1,COMMON_USER_AND_SCHOOL_DAILY
4622,1,1,1,COMMON_USER_AND_SCHOOL_DAILY
4623,1,1,1,COMMON_USER_AND_SCHOOL_DAILY
4624,1,1,1,COMMON_USER_AND_SCHOOL_DAILY
4625,1,1,1,COMMON_USER_AND_SCHOOL_DAILY
4626,1,1,1,COMMON_USER_AND_SCHOOL_DAILY
4627,1,1,1,COMMON_USER_AND_SCHOOL_DAILY
4628,1,1,1,COMMON_USER_AND_SCHOOL_DAILY
4629,1,1,1,COMMON_USER_AND_SCHOOL_DAILY
4630,1,1,1,COMMON_USER_AND_SCHOOL_DAILY
4631,1,1,1,COMMON_USER_AND_SCHOOL_DAILY
4632,1,1,1,COMMON_USER_AND_SCHOOL_DAILY
4633,1,1,1,COMMON_USER_AND_SCHOOL_DAILY
4634,1,1,1,COMMON_USER_AND_SCHOOL_DAILY
4635,1,1,1,COMMON_USER_AND_SCHOOL_DAILY
4636,1,1,1,COMMON_USER_AND_SCHOOL_DAILY
4637,1,1,1,COMMON_USER_AND_SCHOOL_DAILY
4638,1,1,1,COMMON_USER_AND_SCHOOL_DAILY
4639,1,1,1,COMMON_USER_AND_SCHOOL_DAILY
4640,1,1,1,COMMON_USER_AND_SCHOOL_DAILY
4641,1,1,1,COMMON_USER_AND_SCHOOL_DAILY
4642,1,1,1,COMMON_USER_AND_SCHOOL_DAILY
4643,1,1,1,COMMON_USER_AND_SCHOOL_DAILY
4644,1,1,1,COMMON_USER_AND_SCHOOL_DAILY
4645,1,1,1,COMMON_USER_AND_SCHOOL_DAILY
4646,1,1,1,COMMON_USER_AND_SCHOOL_DAILY
4647,1,1,1,COMMON_USER_AND_SCHOOL_DAILY
4648,0,1,0,SCHOOL_DAILY_DIMENSION_ONLY_NO_CURRENT_USER
4649,1,1,1,COMMON_USER_AND_SCHOOL_DAILY
4650,1,1,1,COMMON_USER_AND_SCHOOL_DAILY
4651,1,1,1,COMMON_USER_AND_SCHOOL_DAILY
4652,1,1,1,COMMON_USER_AND_SCHOOL_DAILY
4653,1,1,1,COMMON_USER_AND_SCHOOL_DAILY
4654,1,1,1,COMMON_USER_AND_SCHOOL_DAILY
4655,1,1,1,COMMON_USER_AND_SCHOOL_DAILY
4656,1,1,1,COMMON_USER_AND_SCHOOL_DAILY
4657,1,1,1,COMMON_USER_AND_SCHOOL_DAILY
4658,1,1,1,COMMON_USER_AND_SCHOOL_DAILY
4659,1,1,1,COMMON_USER_AND_SCHOOL_DAILY
4660,1,1,1,COMMON_USER_AND_SCHOOL_DAILY
4661,0,1,0,SCHOOL_DAILY_DIMENSION_ONLY_NO_CURRENT_USER
4662,1,1,1,COMMON_USER_AND_SCHOOL_DAILY
4663,1,1,1,COMMON_USER_AND_SCHOOL_DAILY
4664,1,1,1,COMMON_USER_AND_SCHOOL_DAILY
4665,1,1,1,COMMON_USER_AND_SCHOOL_DAILY
4666,1,1,1,COMMON_USER_AND_SCHOOL_DAILY
4667,1,1,1,COMMON_USER_AND_SCHOOL_DAILY
4668,1,1,1,COMMON_USER_AND_SCHOOL_DAILY
4669,1,1,1,COMMON_USER_AND_SCHOOL_DAILY
4670,1,1,1,COMMON_USER_AND_SCHOOL_DAILY
4671,0,1,0,SCHOOL_DAILY_DIMENSION_ONLY_NO_CURRENT_USER
4672,1,1,1,COMMON_USER_AND_SCHOOL_DAILY
4673,1,1,1,COMMON_USER_AND_SCHOOL_DAILY
4674,1,1,1,COMMON_USER_AND_SCHOOL_DAILY
4675,1,1,1,COMMON_USER_AND_SCHOOL_DAILY
4676,1,1,1,COMMON_USER_AND_SCHOOL_DAILY
4677,1,1,1,COMMON_USER_AND_SCHOOL_DAILY
4678,1,1,1,COMMON_USER_AND_SCHOOL_DAILY
4679,1,1,1,COMMON_USER_AND_SCHOOL_DAILY
4680,1,1,1,COMMON_USER_AND_SCHOOL_DAILY
4681,1,1,1,COMMON_USER_AND_SCHOOL_DAILY
4682,0,1,0,SCHOOL_DAILY_DIMENSION_ONLY_NO_CURRENT_USER
4683,1,1,1,COMMON_USER_AND_SCHOOL_DAILY
4684,1,1,1,COMMON_USER_AND_SCHOOL_DAILY
4685,0,1,0,SCHOOL_DAILY_DIMENSION_ONLY_NO_CURRENT_USER
4686,1,1,1,COMMON_USER_AND_SCHOOL_DAILY
4687,1,1,1,COMMON_USER_AND_SCHOOL_DAILY
4688,1,1,1,COMMON_USER_AND_SCHOOL_DAILY
4689,1,1,1,COMMON_USER_AND_SCHOOL_DAILY
4690,1,1,1,COMMON_USER_AND_SCHOOL_DAILY
4691,1,1,1,COMMON_USER_AND_SCHOOL_DAILY
4692,1,1,1,COMMON_USER_AND_SCHOOL_DAILY
4693,1,1,1,COMMON_USER_AND_SCHOOL_DAILY
4694,1,1,1,COMMON_USER_AND_SCHOOL_DAILY
4695,1,1,1,COMMON_USER_AND_SCHOOL_DAILY
4696,1,1,1,COMMON_USER_AND_SCHOOL_DAILY
4697,1,1,1,COMMON_USER_AND_SCHOOL_DAILY
4698,1,1,1,COMMON_USER_AND_SCHOOL_DAILY
4699,1,1,1,COMMON_USER_AND_SCHOOL_DAILY
4700,0,1,0,SCHOOL_DAILY_DIMENSION_ONLY_NO_CURRENT_USER
4701,1,1,1,COMMON_USER_AND_SCHOOL_DAILY
4702,1,1,1,COMMON_USER_AND_SCHOOL_DAILY
4703,1,1,1,COMMON_USER_AND_SCHOOL_DAILY
4704,1,1,1,COMMON_USER_AND_SCHOOL_DAILY
4705,1,1,1,COMMON_USER_AND_SCHOOL_DAILY
4706,1,1,1,COMMON_USER_AND_SCHOOL_DAILY
4707,1,1,1,COMMON_USER_AND_SCHOOL_DAILY
4708,1,1,1,COMMON_USER_AND_SCHOOL_DAILY
4709,1,1,1,COMMON_USER_AND_SCHOOL_DAILY
4710,1,1,1,COMMON_USER_AND_SCHOOL_DAILY
4711,1,1,1,COMMON_USER_AND_SCHOOL_DAILY
4712,1,1,1,COMMON_USER_AND_SCHOOL_DAILY
4713,1,1,1,COMMON_USER_AND_SCHOOL_DAILY
4714,1,1,1,COMMON_USER_AND_SCHOOL_DAILY
4715,1,1,1,COMMON_USER_AND_SCHOOL_DAILY
4716,1,1,1,COMMON_USER_AND_SCHOOL_DAILY
4717,1,1,1,COMMON_USER_AND_SCHOOL_DAILY
4718,1,1,1,COMMON_USER_AND_SCHOOL_DAILY
4719,1,1,1,COMMON_USER_AND_SCHOOL_DAILY
4720,1,1,1,COMMON_USER_AND_SCHOOL_DAILY
4721,1,1,1,COMMON_USER_AND_SCHOOL_DAILY
4722,1,1,1,COMMON_USER_AND_SCHOOL_DAILY
4723,1,1,1,COMMON_USER_AND_SCHOOL_DAILY
4724,0,1,0,SCHOOL_DAILY_DIMENSION_ONLY_NO_CURRENT_USER
4725,1,1,1,COMMON_USER_AND_SCHOOL_DAILY
4726,1,1,1,COMMON_USER_AND_SCHOOL_DAILY
4727,1,1,1,COMMON_USER_AND_SCHOOL_DAILY
4728,1,1,1,COMMON_USER_AND_SCHOOL_DAILY
4729,1,1,1,COMMON_USER_AND_SCHOOL_DAILY
4730,1,1,1,COMMON_USER_AND_SCHOOL_DAILY
4731,1,1,1,COMMON_USER_AND_SCHOOL_DAILY
4732,1,1,1,COMMON_USER_AND_SCHOOL_DAILY
4733,1,1,1,COMMON_USER_AND_SCHOOL_DAILY
4734,1,1,1,COMMON_USER_AND_SCHOOL_DAILY
4735,0,1,0,SCHOOL_DAILY_DIMENSION_ONLY_NO_CURRENT_USER
4736,1,1,1,COMMON_USER_AND_SCHOOL_DAILY
4737,1,1,1,COMMON_USER_AND_SCHOOL_DAILY
4738,1,1,1,COMMON_USER_AND_SCHOOL_DAILY
4739,1,1,1,COMMON_USER_AND_SCHOOL_DAILY
4740,1,1,1,COMMON_USER_AND_SCHOOL_DAILY
4741,1,1,1,COMMON_USER_AND_SCHOOL_DAILY
4742,1,1,1,COMMON_USER_AND_SCHOOL_DAILY
4743,1,1,1,COMMON_USER_AND_SCHOOL_DAILY
4744,1,1,1,COMMON_USER_AND_SCHOOL_DAILY
4745,1,1,1,COMMON_USER_AND_SCHOOL_DAILY
4746,1,1,1,COMMON_USER_AND_SCHOOL_DAILY
4747,1,1,1,COMMON_USER_AND_SCHOOL_DAILY
4748,1,1,1,COMMON_USER_AND_SCHOOL_DAILY
4749,1,1,1,COMMON_USER_AND_SCHOOL_DAILY
4750,1,1,1,COMMON_USER_AND_SCHOOL_DAILY
4751,1,1,1,COMMON_USER_AND_SCHOOL_DAILY
4752,0,1,0,SCHOOL_DAILY_DIMENSION_ONLY_NO_CURRENT_USER
4753,1,1,1,COMMON_USER_AND_SCHOOL_DAILY
4754,1,1,1,COMMON_USER_AND_SCHOOL_DAILY
4755,1,1,1,COMMON_USER_AND_SCHOOL_DAILY
4756,0,1,0,SCHOOL_DAILY_DIMENSION_ONLY_NO_CURRENT_USER
4757,1,1,1,COMMON_USER_AND_SCHOOL_DAILY
4758,1,1,1,COMMON_USER_AND_SCHOOL_DAILY
4759,1,1,1,COMMON_USER_AND_SCHOOL_DAILY
4760,1,1,1,COMMON_USER_AND_SCHOOL_DAILY
4761,1,1,1,COMMON_USER_AND_SCHOOL_DAILY
4762,1,1,1,COMMON_USER_AND_SCHOOL_DAILY
4763,1,1,1,COMMON_USER_AND_SCHOOL_DAILY
4764,1,1,1,COMMON_USER_AND_SCHOOL_DAILY
4765,1,1,1,COMMON_USER_AND_SCHOOL_DAILY
4766,1,1,1,COMMON_USER_AND_SCHOOL_DAILY
4767,1,1,1,COMMON_USER_AND_SCHOOL_DAILY
4768,1,1,1,COMMON_USER_AND_SCHOOL_DAILY
4769,1,1,1,COMMON_USER_AND_SCHOOL_DAILY
4770,1,1,1,COMMON_USER_AND_SCHOOL_DAILY
4771,1,1,1,COMMON_USER_AND_SCHOOL_DAILY
4772,1,1,1,COMMON_USER_AND_SCHOOL_DAILY
4773,1,1,1,COMMON_USER_AND_SCHOOL_DAILY
4774,1,1,1,COMMON_USER_AND_SCHOOL_DAILY
4775,1,1,1,COMMON_USER_AND_SCHOOL_DAILY
4776,1,1,1,COMMON_USER_AND_SCHOOL_DAILY
4777,1,1,1,COMMON_USER_AND_SCHOOL_DAILY
4778,1,1,1,COMMON_USER_AND_SCHOOL_DAILY
4779,1,1,1,COMMON_USER_AND_SCHOOL_DAILY
4780,1,1,1,COMMON_USER_AND_SCHOOL_DAILY
4781,1,1,1,COMMON_USER_AND_SCHOOL_DAILY
4782,1,1,1,COMMON_USER_AND_SCHOOL_DAILY
4783,1,1,1,COMMON_USER_AND_SCHOOL_DAILY
4784,1,1,1,COMMON_USER_AND_SCHOOL_DAILY
4785,1,1,1,COMMON_USER_AND_SCHOOL_DAILY
4786,1,1,1,COMMON_USER_AND_SCHOOL_DAILY
4787,1,1,1,COMMON_USER_AND_SCHOOL_DAILY
4788,1,1,1,COMMON_USER_AND_SCHOOL_DAILY
4789,1,1,1,COMMON_USER_AND_SCHOOL_DAILY
4790,1,1,1,COMMON_USER_AND_SCHOOL_DAILY
4791,1,1,1,COMMON_USER_AND_SCHOOL_DAILY
4792,1,1,1,COMMON_USER_AND_SCHOOL_DAILY
4793,1,1,1,COMMON_USER_AND_SCHOOL_DAILY
4794,1,1,1,COMMON_USER_AND_SCHOOL_DAILY
4795,1,1,1,COMMON_USER_AND_SCHOOL_DAILY
4796,1,1,1,COMMON_USER_AND_SCHOOL_DAILY
4797,1,1,1,COMMON_USER_AND_SCHOOL_DAILY
4798,1,1,1,COMMON_USER_AND_SCHOOL_DAILY
4799,1,1,1,COMMON_USER_AND_SCHOOL_DAILY
4800,1,1,1,COMMON_USER_AND_SCHOOL_DAILY
4801,1,1,1,COMMON_USER_AND_SCHOOL_DAILY
4802,1,1,1,COMMON_USER_AND_SCHOOL_DAILY
4803,1,1,1,COMMON_USER_AND_SCHOOL_DAILY
4804,1,1,1,COMMON_USER_AND_SCHOOL_DAILY
4805,1,1,1,COMMON_USER_AND_SCHOOL_DAILY
4806,1,1,1,COMMON_USER_AND_SCHOOL_DAILY
4807,1,1,1,COMMON_USER_AND_SCHOOL_DAILY
4808,1,1,1,COMMON_USER_AND_SCHOOL_DAILY
4809,1,1,1,COMMON_USER_AND_SCHOOL_DAILY
4810,1,1,1,COMMON_USER_AND_SCHOOL_DAILY
4811,1,1,1,COMMON_USER_AND_SCHOOL_DAILY
4812,1,1,1,COMMON_USER_AND_SCHOOL_DAILY
4813,1,1,1,COMMON_USER_AND_SCHOOL_DAILY
4814,1,1,1,COMMON_USER_AND_SCHOOL_DAILY
4815,1,1,1,COMMON_USER_AND_SCHOOL_DAILY
4816,1,1,1,COMMON_USER_AND_SCHOOL_DAILY
4817,1,1,1,COMMON_USER_AND_SCHOOL_DAILY
4818,1,1,1,COMMON_USER_AND_SCHOOL_DAILY
4819,1,1,1,COMMON_USER_AND_SCHOOL_DAILY
4820,1,1,1,COMMON_USER_AND_SCHOOL_DAILY
4821,1,1,1,COMMON_USER_AND_SCHOOL_DAILY
4822,1,1,1,COMMON_USER_AND_SCHOOL_DAILY
4823,1,1,1,COMMON_USER_AND_SCHOOL_DAILY
4824,1,1,1,COMMON_USER_AND_SCHOOL_DAILY
4825,1,1,1,COMMON_USER_AND_SCHOOL_DAILY
4826,1,1,1,COMMON_USER_AND_SCHOOL_DAILY
4827,0,1,0,SCHOOL_DAILY_DIMENSION_ONLY_NO_CURRENT_USER
4828,1,1,1,COMMON_USER_AND_SCHOOL_DAILY
4829,1,1,1,COMMON_USER_AND_SCHOOL_DAILY
4830,1,1,1,COMMON_USER_AND_SCHOOL_DAILY
4831,1,1,1,COMMON_USER_AND_SCHOOL_DAILY
4832,1,1,1,COMMON_USER_AND_SCHOOL_DAILY
4833,1,1,1,COMMON_USER_AND_SCHOOL_DAILY
4834,1,1,1,COMMON_USER_AND_SCHOOL_DAILY
4835,1,1,1,COMMON_USER_AND_SCHOOL_DAILY
4836,1,1,1,COMMON_USER_AND_SCHOOL_DAILY
4837,1,1,1,COMMON_USER_AND_SCHOOL_DAILY
4838,1,1,1,COMMON_USER_AND_SCHOOL_DAILY
4839,1,1,1,COMMON_USER_AND_SCHOOL_DAILY
4840,1,1,1,COMMON_USER_AND_SCHOOL_DAILY
4841,1,1,1,COMMON_USER_AND_SCHOOL_DAILY
4842,0,1,0,SCHOOL_DAILY_DIMENSION_ONLY_NO_CURRENT_USER
4843,1,1,1,COMMON_USER_AND_SCHOOL_DAILY
4844,1,1,1,COMMON_USER_AND_SCHOOL_DAILY
4845,1,1,1,COMMON_USER_AND_SCHOOL_DAILY
4846,1,1,1,COMMON_USER_AND_SCHOOL_DAILY
4847,0,1,0,SCHOOL_DAILY_DIMENSION_ONLY_NO_CURRENT_USER
4848,1,1,1,COMMON_USER_AND_SCHOOL_DAILY
4849,1,1,1,COMMON_USER_AND_SCHOOL_DAILY
4850,0,1,0,SCHOOL_DAILY_DIMENSION_ONLY_NO_CURRENT_USER
4851,1,1,1,COMMON_USER_AND_SCHOOL_DAILY
4852,1,1,1,COMMON_USER_AND_SCHOOL_DAILY
4853,1,1,1,COMMON_USER_AND_SCHOOL_DAILY
4854,1,1,1,COMMON_USER_AND_SCHOOL_DAILY
4855,1,1,1,COMMON_USER_AND_SCHOOL_DAILY
4856,1,1,1,COMMON_USER_AND_SCHOOL_DAILY
4857,1,1,1,COMMON_USER_AND_SCHOOL_DAILY
4858,1,1,1,COMMON_USER_AND_SCHOOL_DAILY
4859,1,1,1,COMMON_USER_AND_SCHOOL_DAILY
4860,1,1,1,COMMON_USER_AND_SCHOOL_DAILY
4861,1,1,1,COMMON_USER_AND_SCHOOL_DAILY
4862,1,1,1,COMMON_USER_AND_SCHOOL_DAILY
4863,1,1,1,COMMON_USER_AND_SCHOOL_DAILY
4864,1,1,1,COMMON_USER_AND_SCHOOL_DAILY
4865,1,1,1,COMMON_USER_AND_SCHOOL_DAILY
4866,1,1,1,COMMON_USER_AND_SCHOOL_DAILY
4867,1,1,1,COMMON_USER_AND_SCHOOL_DAILY
4868,1,1,1,COMMON_USER_AND_SCHOOL_DAILY
4869,1,1,1,COMMON_USER_AND_SCHOOL_DAILY
4870,1,1,1,COMMON_USER_AND_SCHOOL_DAILY
4871,1,1,1,COMMON_USER_AND_SCHOOL_DAILY
4872,1,1,1,COMMON_USER_AND_SCHOOL_DAILY
4873,1,1,1,COMMON_USER_AND_SCHOOL_DAILY
4874,1,1,1,COMMON_USER_AND_SCHOOL_DAILY
4875,1,1,1,COMMON_USER_AND_SCHOOL_DAILY
4876,1,1,1,COMMON_USER_AND_SCHOOL_DAILY
4877,1,1,1,COMMON_USER_AND_SCHOOL_DAILY
4878,0,1,0,SCHOOL_DAILY_DIMENSION_ONLY_NO_CURRENT_USER
4879,1,1,1,COMMON_USER_AND_SCHOOL_DAILY
4880,1,1,1,COMMON_USER_AND_SCHOOL_DAILY
4881,1,1,1,COMMON_USER_AND_SCHOOL_DAILY
4882,1,1,1,COMMON_USER_AND_SCHOOL_DAILY
4883,1,1,1,COMMON_USER_AND_SCHOOL_DAILY
4884,1,1,1,COMMON_USER_AND_SCHOOL_DAILY
4885,1,1,1,COMMON_USER_AND_SCHOOL_DAILY
4886,1,1,1,COMMON_USER_AND_SCHOOL_DAILY
4887,1,1,1,COMMON_USER_AND_SCHOOL_DAILY
4888,1,1,1,COMMON_USER_AND_SCHOOL_DAILY
4889,1,1,1,COMMON_USER_AND_SCHOOL_DAILY
4890,1,1,1,COMMON_USER_AND_SCHOOL_DAILY
4891,1,1,1,COMMON_USER_AND_SCHOOL_DAILY
4892,1,1,1,COMMON_USER_AND_SCHOOL_DAILY
4893,1,1,1,COMMON_USER_AND_SCHOOL_DAILY
4894,1,1,1,COMMON_USER_AND_SCHOOL_DAILY
4895,1,1,1,COMMON_USER_AND_SCHOOL_DAILY
4896,0,1,0,SCHOOL_DAILY_DIMENSION_ONLY_NO_CURRENT_USER
4897,1,1,1,COMMON_USER_AND_SCHOOL_DAILY
4898,1,1,1,COMMON_USER_AND_SCHOOL_DAILY
4899,1,1,1,COMMON_USER_AND_SCHOOL_DAILY
4900,1,1,1,COMMON_USER_AND_SCHOOL_DAILY
4901,1,1,1,COMMON_USER_AND_SCHOOL_DAILY
4902,1,1,1,COMMON_USER_AND_SCHOOL_DAILY
4903,1,1,1,COMMON_USER_AND_SCHOOL_DAILY
4904,0,1,0,SCHOOL_DAILY_DIMENSION_ONLY_NO_CURRENT_USER
4905,1,1,1,COMMON_USER_AND_SCHOOL_DAILY
4906,1,1,1,COMMON_USER_AND_SCHOOL_DAILY
4907,1,1,1,COMMON_USER_AND_SCHOOL_DAILY
4908,1,1,1,COMMON_USER_AND_SCHOOL_DAILY
4909,1,1,1,COMMON_USER_AND_SCHOOL_DAILY
4910,1,1,1,COMMON_USER_AND_SCHOOL_DAILY
4911,1,1,1,COMMON_USER_AND_SCHOOL_DAILY
4912,1,1,1,COMMON_USER_AND_SCHOOL_DAILY
4913,1,1,1,COMMON_USER_AND_SCHOOL_DAILY
4914,1,1,1,COMMON_USER_AND_SCHOOL_DAILY
4915,1,1,1,COMMON_USER_AND_SCHOOL_DAILY
4916,1,1,1,COMMON_USER_AND_SCHOOL_DAILY
4917,1,1,1,COMMON_USER_AND_SCHOOL_DAILY
4918,1,1,1,COMMON_USER_AND_SCHOOL_DAILY
4919,1,1,1,COMMON_USER_AND_SCHOOL_DAILY
4920,0,1,0,SCHOOL_DAILY_DIMENSION_ONLY_NO_CURRENT_USER
4921,1,1,1,COMMON_USER_AND_SCHOOL_DAILY
4922,1,1,1,COMMON_USER_AND_SCHOOL_DAILY
4923,1,1,1,COMMON_USER_AND_SCHOOL_DAILY
4924,1,1,1,COMMON_USER_AND_SCHOOL_DAILY
4925,1,1,1,COMMON_USER_AND_SCHOOL_DAILY
4926,1,1,1,COMMON_USER_AND_SCHOOL_DAILY
4927,1,1,1,COMMON_USER_AND_SCHOOL_DAILY
4928,1,1,1,COMMON_USER_AND_SCHOOL_DAILY
4929,1,1,1,COMMON_USER_AND_SCHOOL_DAILY
4930,1,1,1,COMMON_USER_AND_SCHOOL_DAILY
4931,1,1,1,COMMON_USER_AND_SCHOOL_DAILY
4932,1,1,1,COMMON_USER_AND_SCHOOL_DAILY
4933,1,1,1,COMMON_USER_AND_SCHOOL_DAILY
4934,1,1,1,COMMON_USER_AND_SCHOOL_DAILY
4935,1,1,1,COMMON_USER_AND_SCHOOL_DAILY
4936,1,1,1,COMMON_USER_AND_SCHOOL_DAILY
4937,1,1,1,COMMON_USER_AND_SCHOOL_DAILY
4938,1,1,1,COMMON_USER_AND_SCHOOL_DAILY
4939,1,1,1,COMMON_USER_AND_SCHOOL_DAILY
4940,1,1,1,COMMON_USER_AND_SCHOOL_DAILY
4941,1,1,1,COMMON_USER_AND_SCHOOL_DAILY
4942,1,1,1,COMMON_USER_AND_SCHOOL_DAILY
4943,1,1,1,COMMON_USER_AND_SCHOOL_DAILY
4944,1,1,1,COMMON_USER_AND_SCHOOL_DAILY
4945,1,1,1,COMMON_USER_AND_SCHOOL_DAILY
4946,1,1,1,COMMON_USER_AND_SCHOOL_DAILY
4947,1,1,1,COMMON_USER_AND_SCHOOL_DAILY
4948,1,1,1,COMMON_USER_AND_SCHOOL_DAILY
4949,1,1,1,COMMON_USER_AND_SCHOOL_DAILY
4950,1,1,1,COMMON_USER_AND_SCHOOL_DAILY
4951,1,1,1,COMMON_USER_AND_SCHOOL_DAILY
4952,1,1,1,COMMON_USER_AND_SCHOOL_DAILY
4953,1,1,1,COMMON_USER_AND_SCHOOL_DAILY
4954,1,1,1,COMMON_USER_AND_SCHOOL_DAILY
4955,1,1,1,COMMON_USER_AND_SCHOOL_DAILY
4956,1,1,1,COMMON_USER_AND_SCHOOL_DAILY
4957,1,1,1,COMMON_USER_AND_SCHOOL_DAILY
4958,1,1,1,COMMON_USER_AND_SCHOOL_DAILY
4959,1,1,1,COMMON_USER_AND_SCHOOL_DAILY
4960,1,1,1,COMMON_USER_AND_SCHOOL_DAILY
4961,1,1,1,COMMON_USER_AND_SCHOOL_DAILY
4962,1,1,1,COMMON_USER_AND_SCHOOL_DAILY
4963,1,1,1,COMMON_USER_AND_SCHOOL_DAILY
4964,1,1,1,COMMON_USER_AND_SCHOOL_DAILY
4965,1,1,1,COMMON_USER_AND_SCHOOL_DAILY
4966,1,1,1,COMMON_USER_AND_SCHOOL_DAILY
4967,1,1,1,COMMON_USER_AND_SCHOOL_DAILY
4968,1,1,1,COMMON_USER_AND_SCHOOL_DAILY
4969,1,1,1,COMMON_USER_AND_SCHOOL_DAILY
4970,1,1,1,COMMON_USER_AND_SCHOOL_DAILY
4971,1,1,1,COMMON_USER_AND_SCHOOL_DAILY
4972,1,1,1,COMMON_USER_AND_SCHOOL_DAILY
4973,1,1,1,COMMON_USER_AND_SCHOOL_DAILY
4974,1,1,1,COMMON_USER_AND_SCHOOL_DAILY
4975,1,1,1,COMMON_USER_AND_SCHOOL_DAILY
4976,1,1,1,COMMON_USER_AND_SCHOOL_DAILY
4977,1,1,1,COMMON_USER_AND_SCHOOL_DAILY
4978,1,1,1,COMMON_USER_AND_SCHOOL_DAILY
4979,1,1,1,COMMON_USER_AND_SCHOOL_DAILY
4980,1,1,1,COMMON_USER_AND_SCHOOL_DAILY
4981,1,1,1,COMMON_USER_AND_SCHOOL_DAILY
4982,1,1,1,COMMON_USER_AND_SCHOOL_DAILY
4983,1,1,1,COMMON_USER_AND_SCHOOL_DAILY
4984,1,1,1,COMMON_USER_AND_SCHOOL_DAILY
4985,1,1,1,COMMON_USER_AND_SCHOOL_DAILY
4986,1,1,1,COMMON_USER_AND_SCHOOL_DAILY
4987,1,1,1,COMMON_USER_AND_SCHOOL_DAILY
4988,1,1,1,COMMON_USER_AND_SCHOOL_DAILY
4989,0,1,0,SCHOOL_DAILY_DIMENSION_ONLY_NO_CURRENT_USER
4990,1,1,1,COMMON_USER_AND_SCHOOL_DAILY
4991,1,1,1,COMMON_USER_AND_SCHOOL_DAILY
4992,1,1,1,COMMON_USER_AND_SCHOOL_DAILY
4993,1,1,1,COMMON_USER_AND_SCHOOL_DAILY
4994,1,1,1,COMMON_USER_AND_SCHOOL_DAILY
4995,1,1,1,COMMON_USER_AND_SCHOOL_DAILY
4996,1,1,1,COMMON_USER_AND_SCHOOL_DAILY
4997,1,1,1,COMMON_USER_AND_SCHOOL_DAILY
4998,1,1,1,COMMON_USER_AND_SCHOOL_DAILY
4999,1,1,1,COMMON_USER_AND_SCHOOL_DAILY
5000,1,1,1,COMMON_USER_AND_SCHOOL_DAILY
5001,1,1,1,COMMON_USER_AND_SCHOOL_DAILY
5002,1,1,1,COMMON_USER_AND_SCHOOL_DAILY
5003,1,1,1,COMMON_USER_AND_SCHOOL_DAILY
5004,1,1,1,COMMON_USER_AND_SCHOOL_DAILY
5005,1,1,1,COMMON_USER_AND_SCHOOL_DAILY
5006,1,1,1,COMMON_USER_AND_SCHOOL_DAILY
5007,1,1,1,COMMON_USER_AND_SCHOOL_DAILY
5008,1,1,1,COMMON_USER_AND_SCHOOL_DAILY
5009,1,1,1,COMMON_USER_AND_SCHOOL_DAILY
5010,1,1,1,COMMON_USER_AND_SCHOOL_DAILY
5011,1,1,1,COMMON_USER_AND_SCHOOL_DAILY
5012,1,1,1,COMMON_USER_AND_SCHOOL_DAILY
5013,1,1,1,COMMON_USER_AND_SCHOOL_DAILY
5014,1,1,1,COMMON_USER_AND_SCHOOL_DAILY
5015,1,1,1,COMMON_USER_AND_SCHOOL_DAILY
5016,1,1,1,COMMON_USER_AND_SCHOOL_DAILY
5017,1,1,1,COMMON_USER_AND_SCHOOL_DAILY
5018,1,1,1,COMMON_USER_AND_SCHOOL_DAILY
5019,1,1,1,COMMON_USER_AND_SCHOOL_DAILY
5020,1,1,1,COMMON_USER_AND_SCHOOL_DAILY
5021,1,1,1,COMMON_USER_AND_SCHOOL_DAILY
5022,1,1,1,COMMON_USER_AND_SCHOOL_DAILY
5023,1,1,1,COMMON_USER_AND_SCHOOL_DAILY
5024,1,1,1,COMMON_USER_AND_SCHOOL_DAILY
5025,1,1,1,COMMON_USER_AND_SCHOOL_DAILY
5026,1,1,1,COMMON_USER_AND_SCHOOL_DAILY
5027,1,1,1,COMMON_USER_AND_SCHOOL_DAILY
5028,1,1,1,COMMON_USER_AND_SCHOOL_DAILY
5029,1,1,1,COMMON_USER_AND_SCHOOL_DAILY
5030,1,1,1,COMMON_USER_AND_SCHOOL_DAILY
5031,1,1,1,COMMON_USER_AND_SCHOOL_DAILY
5032,1,1,1,COMMON_USER_AND_SCHOOL_DAILY
5033,1,1,1,COMMON_USER_AND_SCHOOL_DAILY
5034,1,1,1,COMMON_USER_AND_SCHOOL_DAILY
5035,1,1,1,COMMON_USER_AND_SCHOOL_DAILY
5036,1,1,1,COMMON_USER_AND_SCHOOL_DAILY
5037,1,1,1,COMMON_USER_AND_SCHOOL_DAILY
5038,1,1,1,COMMON_USER_AND_SCHOOL_DAILY
5039,1,1,1,COMMON_USER_AND_SCHOOL_DAILY
5040,1,1,1,COMMON_USER_AND_SCHOOL_DAILY
5041,1,1,1,COMMON_USER_AND_SCHOOL_DAILY
5042,1,1,1,COMMON_USER_AND_SCHOOL_DAILY
5043,1,1,1,COMMON_USER_AND_SCHOOL_DAILY
5044,1,1,1,COMMON_USER_AND_SCHOOL_DAILY
5045,1,1,1,COMMON_USER_AND_SCHOOL_DAILY
5046,1,1,1,COMMON_USER_AND_SCHOOL_DAILY
5047,1,1,1,COMMON_USER_AND_SCHOOL_DAILY
5048,1,1,1,COMMON_USER_AND_SCHOOL_DAILY
5049,1,1,1,COMMON_USER_AND_SCHOOL_DAILY
5050,1,1,1,COMMON_USER_AND_SCHOOL_DAILY
5051,1,1,1,COMMON_USER_AND_SCHOOL_DAILY
5052,1,1,1,COMMON_USER_AND_SCHOOL_DAILY
5053,1,1,1,COMMON_USER_AND_SCHOOL_DAILY
5054,1,1,1,COMMON_USER_AND_SCHOOL_DAILY
5055,1,1,1,COMMON_USER_AND_SCHOOL_DAILY
5056,1,1,1,COMMON_USER_AND_SCHOOL_DAILY
5057,1,1,1,COMMON_USER_AND_SCHOOL_DAILY
5058,1,1,1,COMMON_USER_AND_SCHOOL_DAILY
5059,1,1,1,COMMON_USER_AND_SCHOOL_DAILY
5060,1,1,1,COMMON_USER_AND_SCHOOL_DAILY
5061,1,1,1,COMMON_USER_AND_SCHOOL_DAILY
5062,1,1,1,COMMON_USER_AND_SCHOOL_DAILY
5063,1,1,1,COMMON_USER_AND_SCHOOL_DAILY
5064,1,1,1,COMMON_USER_AND_SCHOOL_DAILY
5065,1,1,1,COMMON_USER_AND_SCHOOL_DAILY
5066,1,1,1,COMMON_USER_AND_SCHOOL_DAILY
5067,1,1,1,COMMON_USER_AND_SCHOOL_DAILY
5068,1,1,1,COMMON_USER_AND_SCHOOL_DAILY
5069,1,1,1,COMMON_USER_AND_SCHOOL_DAILY
5070,1,1,1,COMMON_USER_AND_SCHOOL_DAILY
5071,1,1,1,COMMON_USER_AND_SCHOOL_DAILY
5072,1,1,1,COMMON_USER_AND_SCHOOL_DAILY
5073,1,1,1,COMMON_USER_AND_SCHOOL_DAILY
5074,1,1,1,COMMON_USER_AND_SCHOOL_DAILY
5075,1,1,1,COMMON_USER_AND_SCHOOL_DAILY
5076,1,1,1,COMMON_USER_AND_SCHOOL_DAILY
5077,1,1,1,COMMON_USER_AND_SCHOOL_DAILY
5078,1,1,1,COMMON_USER_AND_SCHOOL_DAILY
5079,1,1,1,COMMON_USER_AND_SCHOOL_DAILY
5080,1,1,1,COMMON_USER_AND_SCHOOL_DAILY
5081,1,1,1,COMMON_USER_AND_SCHOOL_DAILY
5082,1,1,1,COMMON_USER_AND_SCHOOL_DAILY
5083,1,1,1,COMMON_USER_AND_SCHOOL_DAILY
5084,1,1,1,COMMON_USER_AND_SCHOOL_DAILY
5085,1,1,1,COMMON_USER_AND_SCHOOL_DAILY
5086,1,1,1,COMMON_USER_AND_SCHOOL_DAILY
5087,1,1,1,COMMON_USER_AND_SCHOOL_DAILY
5088,1,1,1,COMMON_USER_AND_SCHOOL_DAILY
5089,1,1,1,COMMON_USER_AND_SCHOOL_DAILY
5090,1,1,1,COMMON_USER_AND_SCHOOL_DAILY
5091,1,1,1,COMMON_USER_AND_SCHOOL_DAILY
5092,1,1,1,COMMON_USER_AND_SCHOOL_DAILY
5093,1,1,1,COMMON_USER_AND_SCHOOL_DAILY
5094,1,1,1,COMMON_USER_AND_SCHOOL_DAILY
5095,1,1,1,COMMON_USER_AND_SCHOOL_DAILY
5096,1,1,1,COMMON_USER_AND_SCHOOL_DAILY
5097,1,1,1,COMMON_USER_AND_SCHOOL_DAILY
5098,1,1,1,COMMON_USER_AND_SCHOOL_DAILY
5099,1,1,1,COMMON_USER_AND_SCHOOL_DAILY
5100,1,1,1,COMMON_USER_AND_SCHOOL_DAILY
5101,1,1,1,COMMON_USER_AND_SCHOOL_DAILY
5102,1,1,1,COMMON_USER_AND_SCHOOL_DAILY
5103,1,1,1,COMMON_USER_AND_SCHOOL_DAILY
5104,1,1,1,COMMON_USER_AND_SCHOOL_DAILY
5105,1,1,1,COMMON_USER_AND_SCHOOL_DAILY
5106,1,1,1,COMMON_USER_AND_SCHOOL_DAILY
5107,1,1,1,COMMON_USER_AND_SCHOOL_DAILY
5108,1,1,1,COMMON_USER_AND_SCHOOL_DAILY
5109,1,1,1,COMMON_USER_AND_SCHOOL_DAILY
5110,1,1,1,COMMON_USER_AND_SCHOOL_DAILY
5111,1,1,1,COMMON_USER_AND_SCHOOL_DAILY
5112,1,1,1,COMMON_USER_AND_SCHOOL_DAILY
5113,0,1,0,SCHOOL_DAILY_DIMENSION_ONLY_NO_CURRENT_USER
5114,1,1,1,COMMON_USER_AND_SCHOOL_DAILY
5115,1,1,1,COMMON_USER_AND_SCHOOL_DAILY
5116,1,1,1,COMMON_USER_AND_SCHOOL_DAILY
5117,1,1,1,COMMON_USER_AND_SCHOOL_DAILY
5118,1,1,1,COMMON_USER_AND_SCHOOL_DAILY
5119,1,1,1,COMMON_USER_AND_SCHOOL_DAILY
5120,1,1,1,COMMON_USER_AND_SCHOOL_DAILY
5121,1,1,1,COMMON_USER_AND_SCHOOL_DAILY
5122,1,1,1,COMMON_USER_AND_SCHOOL_DAILY
5123,1,1,1,COMMON_USER_AND_SCHOOL_DAILY
5124,1,1,1,COMMON_USER_AND_SCHOOL_DAILY
5125,1,1,1,COMMON_USER_AND_SCHOOL_DAILY
5126,1,1,1,COMMON_USER_AND_SCHOOL_DAILY
5127,1,1,1,COMMON_USER_AND_SCHOOL_DAILY
5128,1,1,1,COMMON_USER_AND_SCHOOL_DAILY
5129,1,1,1,COMMON_USER_AND_SCHOOL_DAILY
5130,1,1,1,COMMON_USER_AND_SCHOOL_DAILY
5131,1,1,1,COMMON_USER_AND_SCHOOL_DAILY
5132,1,1,1,COMMON_USER_AND_SCHOOL_DAILY
5133,1,1,1,COMMON_USER_AND_SCHOOL_DAILY
5134,1,1,1,COMMON_USER_AND_SCHOOL_DAILY
5135,1,1,1,COMMON_USER_AND_SCHOOL_DAILY
5136,1,1,1,COMMON_USER_AND_SCHOOL_DAILY
5137,1,1,1,COMMON_USER_AND_SCHOOL_DAILY
5138,1,1,1,COMMON_USER_AND_SCHOOL_DAILY
5139,1,1,1,COMMON_USER_AND_SCHOOL_DAILY
5140,1,1,1,COMMON_USER_AND_SCHOOL_DAILY
5141,1,1,1,COMMON_USER_AND_SCHOOL_DAILY
5142,1,1,1,COMMON_USER_AND_SCHOOL_DAILY
5143,1,1,1,COMMON_USER_AND_SCHOOL_DAILY
5144,1,1,1,COMMON_USER_AND_SCHOOL_DAILY
5145,1,1,1,COMMON_USER_AND_SCHOOL_DAILY
5146,1,1,1,COMMON_USER_AND_SCHOOL_DAILY
5147,1,1,1,COMMON_USER_AND_SCHOOL_DAILY
5148,1,1,1,COMMON_USER_AND_SCHOOL_DAILY
5149,1,1,1,COMMON_USER_AND_SCHOOL_DAILY
5150,1,1,1,COMMON_USER_AND_SCHOOL_DAILY
5151,1,1,1,COMMON_USER_AND_SCHOOL_DAILY
5152,1,1,1,COMMON_USER_AND_SCHOOL_DAILY
5153,1,1,1,COMMON_USER_AND_SCHOOL_DAILY
5154,1,1,1,COMMON_USER_AND_SCHOOL_DAILY
5155,1,1,1,COMMON_USER_AND_SCHOOL_DAILY
5156,1,1,1,COMMON_USER_AND_SCHOOL_DAILY
5157,1,1,1,COMMON_USER_AND_SCHOOL_DAILY
5158,1,1,1,COMMON_USER_AND_SCHOOL_DAILY
5159,1,1,1,COMMON_USER_AND_SCHOOL_DAILY
5160,1,1,1,COMMON_USER_AND_SCHOOL_DAILY
5161,1,1,1,COMMON_USER_AND_SCHOOL_DAILY
5162,1,1,1,COMMON_USER_AND_SCHOOL_DAILY
5163,1,1,1,COMMON_USER_AND_SCHOOL_DAILY
5164,1,1,1,COMMON_USER_AND_SCHOOL_DAILY
5165,1,1,1,COMMON_USER_AND_SCHOOL_DAILY
5166,1,1,1,COMMON_USER_AND_SCHOOL_DAILY
5167,0,1,0,SCHOOL_DAILY_DIMENSION_ONLY_NO_CURRENT_USER
5168,1,1,1,COMMON_USER_AND_SCHOOL_DAILY
5169,1,1,1,COMMON_USER_AND_SCHOOL_DAILY
5170,1,1,1,COMMON_USER_AND_SCHOOL_DAILY
5171,1,1,1,COMMON_USER_AND_SCHOOL_DAILY
5172,1,1,1,COMMON_USER_AND_SCHOOL_DAILY
5173,1,1,1,COMMON_USER_AND_SCHOOL_DAILY
5174,1,1,1,COMMON_USER_AND_SCHOOL_DAILY
5175,1,1,1,COMMON_USER_AND_SCHOOL_DAILY
5176,1,1,1,COMMON_USER_AND_SCHOOL_DAILY
5177,1,1,1,COMMON_USER_AND_SCHOOL_DAILY
5178,1,1,1,COMMON_USER_AND_SCHOOL_DAILY
5179,1,1,1,COMMON_USER_AND_SCHOOL_DAILY
5180,1,1,1,COMMON_USER_AND_SCHOOL_DAILY
5181,1,1,1,COMMON_USER_AND_SCHOOL_DAILY
5182,1,1,1,COMMON_USER_AND_SCHOOL_DAILY
5183,1,1,1,COMMON_USER_AND_SCHOOL_DAILY
5184,1,1,1,COMMON_USER_AND_SCHOOL_DAILY
5185,1,1,1,COMMON_USER_AND_SCHOOL_DAILY
5186,1,1,1,COMMON_USER_AND_SCHOOL_DAILY
5187,1,1,1,COMMON_USER_AND_SCHOOL_DAILY
5188,1,1,1,COMMON_USER_AND_SCHOOL_DAILY
5189,1,1,1,COMMON_USER_AND_SCHOOL_DAILY
5190,1,1,1,COMMON_USER_AND_SCHOOL_DAILY
5191,1,1,1,COMMON_USER_AND_SCHOOL_DAILY
5192,1,1,1,COMMON_USER_AND_SCHOOL_DAILY
5193,1,1,1,COMMON_USER_AND_SCHOOL_DAILY
5194,1,1,1,COMMON_USER_AND_SCHOOL_DAILY
5195,1,1,1,COMMON_USER_AND_SCHOOL_DAILY
5196,1,1,1,COMMON_USER_AND_SCHOOL_DAILY
5197,1,1,1,COMMON_USER_AND_SCHOOL_DAILY
5198,1,1,1,COMMON_USER_AND_SCHOOL_DAILY
5199,1,1,1,COMMON_USER_AND_SCHOOL_DAILY
5200,1,1,1,COMMON_USER_AND_SCHOOL_DAILY
5201,1,1,1,COMMON_USER_AND_SCHOOL_DAILY
5202,1,1,1,COMMON_USER_AND_SCHOOL_DAILY
5203,1,1,1,COMMON_USER_AND_SCHOOL_DAILY
5204,1,1,1,COMMON_USER_AND_SCHOOL_DAILY
5205,1,1,1,COMMON_USER_AND_SCHOOL_DAILY
5206,1,1,1,COMMON_USER_AND_SCHOOL_DAILY
5207,1,1,1,COMMON_USER_AND_SCHOOL_DAILY
5208,1,1,1,COMMON_USER_AND_SCHOOL_DAILY
5209,0,1,0,SCHOOL_DAILY_DIMENSION_ONLY_NO_CURRENT_USER
5210,1,1,1,COMMON_USER_AND_SCHOOL_DAILY
5211,1,1,1,COMMON_USER_AND_SCHOOL_DAILY
5212,1,1,1,COMMON_USER_AND_SCHOOL_DAILY
5213,1,1,1,COMMON_USER_AND_SCHOOL_DAILY
5214,1,1,1,COMMON_USER_AND_SCHOOL_DAILY
5215,1,1,1,COMMON_USER_AND_SCHOOL_DAILY
5216,1,1,1,COMMON_USER_AND_SCHOOL_DAILY
5217,0,1,0,SCHOOL_DAILY_DIMENSION_ONLY_NO_CURRENT_USER
5218,1,1,1,COMMON_USER_AND_SCHOOL_DAILY
5219,1,1,1,COMMON_USER_AND_SCHOOL_DAILY
5220,1,1,1,COMMON_USER_AND_SCHOOL_DAILY
5221,1,1,1,COMMON_USER_AND_SCHOOL_DAILY
5222,1,1,1,COMMON_USER_AND_SCHOOL_DAILY
5223,1,1,1,COMMON_USER_AND_SCHOOL_DAILY
5224,1,1,1,COMMON_USER_AND_SCHOOL_DAILY
5225,1,1,1,COMMON_USER_AND_SCHOOL_DAILY
5226,1,1,1,COMMON_USER_AND_SCHOOL_DAILY
5227,1,1,1,COMMON_USER_AND_SCHOOL_DAILY
5228,1,1,1,COMMON_USER_AND_SCHOOL_DAILY
5229,1,1,1,COMMON_USER_AND_SCHOOL_DAILY
5230,1,1,1,COMMON_USER_AND_SCHOOL_DAILY
5231,1,1,1,COMMON_USER_AND_SCHOOL_DAILY
5232,1,1,1,COMMON_USER_AND_SCHOOL_DAILY
5233,1,1,1,COMMON_USER_AND_SCHOOL_DAILY
5234,1,1,1,COMMON_USER_AND_SCHOOL_DAILY
5235,1,1,1,COMMON_USER_AND_SCHOOL_DAILY
5236,1,1,1,COMMON_USER_AND_SCHOOL_DAILY
5237,1,1,1,COMMON_USER_AND_SCHOOL_DAILY
5238,1,1,1,COMMON_USER_AND_SCHOOL_DAILY
5239,1,1,1,COMMON_USER_AND_SCHOOL_DAILY
5240,1,1,1,COMMON_USER_AND_SCHOOL_DAILY
5241,1,1,1,COMMON_USER_AND_SCHOOL_DAILY
5242,1,1,1,COMMON_USER_AND_SCHOOL_DAILY
5243,1,1,1,COMMON_USER_AND_SCHOOL_DAILY
5244,1,1,1,COMMON_USER_AND_SCHOOL_DAILY
5245,1,1,1,COMMON_USER_AND_SCHOOL_DAILY
5246,1,1,1,COMMON_USER_AND_SCHOOL_DAILY
5247,1,1,1,COMMON_USER_AND_SCHOOL_DAILY
5248,1,1,1,COMMON_USER_AND_SCHOOL_DAILY
5249,1,1,1,COMMON_USER_AND_SCHOOL_DAILY
5250,1,1,1,COMMON_USER_AND_SCHOOL_DAILY
5251,1,1,1,COMMON_USER_AND_SCHOOL_DAILY
5252,1,1,1,COMMON_USER_AND_SCHOOL_DAILY
5253,1,1,1,COMMON_USER_AND_SCHOOL_DAILY
5254,1,1,1,COMMON_USER_AND_SCHOOL_DAILY
5255,1,1,1,COMMON_USER_AND_SCHOOL_DAILY
5256,1,1,1,COMMON_USER_AND_SCHOOL_DAILY
5257,1,1,1,COMMON_USER_AND_SCHOOL_DAILY
5258,1,1,1,COMMON_USER_AND_SCHOOL_DAILY
5259,1,1,1,COMMON_USER_AND_SCHOOL_DAILY
5260,1,1,1,COMMON_USER_AND_SCHOOL_DAILY
5261,1,1,1,COMMON_USER_AND_SCHOOL_DAILY
5262,1,1,1,COMMON_USER_AND_SCHOOL_DAILY
5263,1,1,1,COMMON_USER_AND_SCHOOL_DAILY
5264,1,1,1,COMMON_USER_AND_SCHOOL_DAILY
5265,1,1,1,COMMON_USER_AND_SCHOOL_DAILY
5266,1,1,1,COMMON_USER_AND_SCHOOL_DAILY
5267,0,1,0,SCHOOL_DAILY_DIMENSION_ONLY_NO_CURRENT_USER
5268,1,1,1,COMMON_USER_AND_SCHOOL_DAILY
5269,1,1,1,COMMON_USER_AND_SCHOOL_DAILY
5270,1,1,1,COMMON_USER_AND_SCHOOL_DAILY
5271,1,1,1,COMMON_USER_AND_SCHOOL_DAILY
5272,1,1,1,COMMON_USER_AND_SCHOOL_DAILY
5273,1,1,1,COMMON_USER_AND_SCHOOL_DAILY
5274,1,1,1,COMMON_USER_AND_SCHOOL_DAILY
5275,1,1,1,COMMON_USER_AND_SCHOOL_DAILY
5276,1,1,1,COMMON_USER_AND_SCHOOL_DAILY
5277,1,1,1,COMMON_USER_AND_SCHOOL_DAILY
5278,1,1,1,COMMON_USER_AND_SCHOOL_DAILY
5279,1,1,1,COMMON_USER_AND_SCHOOL_DAILY
5280,1,1,1,COMMON_USER_AND_SCHOOL_DAILY
5281,1,1,1,COMMON_USER_AND_SCHOOL_DAILY
5282,1,1,1,COMMON_USER_AND_SCHOOL_DAILY
5283,1,1,1,COMMON_USER_AND_SCHOOL_DAILY
5284,1,1,1,COMMON_USER_AND_SCHOOL_DAILY
5285,1,1,1,COMMON_USER_AND_SCHOOL_DAILY
5286,1,1,1,COMMON_USER_AND_SCHOOL_DAILY
5287,1,1,1,COMMON_USER_AND_SCHOOL_DAILY
5288,1,1,1,COMMON_USER_AND_SCHOOL_DAILY
5289,1,1,1,COMMON_USER_AND_SCHOOL_DAILY
5290,1,1,1,COMMON_USER_AND_SCHOOL_DAILY
5291,1,1,1,COMMON_USER_AND_SCHOOL_DAILY
5292,1,1,1,COMMON_USER_AND_SCHOOL_DAILY
5293,1,1,1,COMMON_USER_AND_SCHOOL_DAILY
5294,1,1,1,COMMON_USER_AND_SCHOOL_DAILY
5295,1,1,1,COMMON_USER_AND_SCHOOL_DAILY
5296,1,1,1,COMMON_USER_AND_SCHOOL_DAILY
5297,1,1,1,COMMON_USER_AND_SCHOOL_DAILY
5298,1,1,1,COMMON_USER_AND_SCHOOL_DAILY
5299,1,1,1,COMMON_USER_AND_SCHOOL_DAILY
5300,1,1,1,COMMON_USER_AND_SCHOOL_DAILY
5301,1,1,1,COMMON_USER_AND_SCHOOL_DAILY
5302,1,1,1,COMMON_USER_AND_SCHOOL_DAILY
5303,0,1,0,SCHOOL_DAILY_DIMENSION_ONLY_NO_CURRENT_USER
5304,1,1,1,COMMON_USER_AND_SCHOOL_DAILY
5305,1,1,1,COMMON_USER_AND_SCHOOL_DAILY
5306,1,1,1,COMMON_USER_AND_SCHOOL_DAILY
5307,1,1,1,COMMON_USER_AND_SCHOOL_DAILY
5308,1,1,1,COMMON_USER_AND_SCHOOL_DAILY
5309,1,1,1,COMMON_USER_AND_SCHOOL_DAILY
5310,1,1,1,COMMON_USER_AND_SCHOOL_DAILY
5311,1,1,1,COMMON_USER_AND_SCHOOL_DAILY
5312,1,1,1,COMMON_USER_AND_SCHOOL_DAILY
5313,1,1,1,COMMON_USER_AND_SCHOOL_DAILY
5314,1,1,1,COMMON_USER_AND_SCHOOL_DAILY
5315,1,1,1,COMMON_USER_AND_SCHOOL_DAILY
5316,1,1,1,COMMON_USER_AND_SCHOOL_DAILY
5317,1,1,1,COMMON_USER_AND_SCHOOL_DAILY
5318,1,1,1,COMMON_USER_AND_SCHOOL_DAILY
5319,1,1,1,COMMON_USER_AND_SCHOOL_DAILY
5320,1,1,1,COMMON_USER_AND_SCHOOL_DAILY
5321,1,1,1,COMMON_USER_AND_SCHOOL_DAILY
5322,1,1,1,COMMON_USER_AND_SCHOOL_DAILY
5323,1,1,1,COMMON_USER_AND_SCHOOL_DAILY
5324,1,1,1,COMMON_USER_AND_SCHOOL_DAILY
5325,1,1,1,COMMON_USER_AND_SCHOOL_DAILY
5326,1,1,1,COMMON_USER_AND_SCHOOL_DAILY
5327,1,1,1,COMMON_USER_AND_SCHOOL_DAILY
5328,1,1,1,COMMON_USER_AND_SCHOOL_DAILY
5329,1,1,1,COMMON_USER_AND_SCHOOL_DAILY
5330,1,1,1,COMMON_USER_AND_SCHOOL_DAILY
5331,1,1,1,COMMON_USER_AND_SCHOOL_DAILY
5332,0,1,0,SCHOOL_DAILY_DIMENSION_ONLY_NO_CURRENT_USER
5333,1,1,1,COMMON_USER_AND_SCHOOL_DAILY
5334,1,1,1,COMMON_USER_AND_SCHOOL_DAILY
5335,1,1,1,COMMON_USER_AND_SCHOOL_DAILY
5336,1,1,1,COMMON_USER_AND_SCHOOL_DAILY
5337,1,1,1,COMMON_USER_AND_SCHOOL_DAILY
5338,1,1,1,COMMON_USER_AND_SCHOOL_DAILY
5339,1,1,1,COMMON_USER_AND_SCHOOL_DAILY
5340,1,1,1,COMMON_USER_AND_SCHOOL_DAILY
5341,1,1,1,COMMON_USER_AND_SCHOOL_DAILY
5342,1,1,1,COMMON_USER_AND_SCHOOL_DAILY
5343,1,1,1,COMMON_USER_AND_SCHOOL_DAILY
5344,1,1,1,COMMON_USER_AND_SCHOOL_DAILY
5345,1,1,1,COMMON_USER_AND_SCHOOL_DAILY
5346,1,1,1,COMMON_USER_AND_SCHOOL_DAILY
5347,1,1,1,COMMON_USER_AND_SCHOOL_DAILY
5348,1,1,1,COMMON_USER_AND_SCHOOL_DAILY
5349,1,1,1,COMMON_USER_AND_SCHOOL_DAILY
5350,1,1,1,COMMON_USER_AND_SCHOOL_DAILY
5351,1,1,1,COMMON_USER_AND_SCHOOL_DAILY
5352,1,1,1,COMMON_USER_AND_SCHOOL_DAILY
5353,1,1,1,COMMON_USER_AND_SCHOOL_DAILY
5354,1,1,1,COMMON_USER_AND_SCHOOL_DAILY
5355,1,1,1,COMMON_USER_AND_SCHOOL_DAILY
5356,1,1,1,COMMON_USER_AND_SCHOOL_DAILY
5357,1,1,1,COMMON_USER_AND_SCHOOL_DAILY
5358,1,1,1,COMMON_USER_AND_SCHOOL_DAILY
5359,1,1,1,COMMON_USER_AND_SCHOOL_DAILY
5360,1,1,1,COMMON_USER_AND_SCHOOL_DAILY
5361,1,1,1,COMMON_USER_AND_SCHOOL_DAILY
5362,1,1,1,COMMON_USER_AND_SCHOOL_DAILY
5363,1,1,1,COMMON_USER_AND_SCHOOL_DAILY
5364,1,1,1,COMMON_USER_AND_SCHOOL_DAILY
5365,1,1,1,COMMON_USER_AND_SCHOOL_DAILY
5366,1,1,1,COMMON_USER_AND_SCHOOL_DAILY
5367,1,1,1,COMMON_USER_AND_SCHOOL_DAILY
5368,1,1,1,COMMON_USER_AND_SCHOOL_DAILY
5369,1,1,1,COMMON_USER_AND_SCHOOL_DAILY
5370,1,1,1,COMMON_USER_AND_SCHOOL_DAILY
5371,1,1,1,COMMON_USER_AND_SCHOOL_DAILY
5372,1,1,1,COMMON_USER_AND_SCHOOL_DAILY
5373,1,1,1,COMMON_USER_AND_SCHOOL_DAILY
5374,1,1,1,COMMON_USER_AND_SCHOOL_DAILY
5375,1,1,1,COMMON_USER_AND_SCHOOL_DAILY
5376,1,1,1,COMMON_USER_AND_SCHOOL_DAILY
5377,1,1,1,COMMON_USER_AND_SCHOOL_DAILY
5378,1,1,1,COMMON_USER_AND_SCHOOL_DAILY
5379,1,1,1,COMMON_USER_AND_SCHOOL_DAILY
5380,1,1,1,COMMON_USER_AND_SCHOOL_DAILY
5381,1,1,1,COMMON_USER_AND_SCHOOL_DAILY
5382,1,1,1,COMMON_USER_AND_SCHOOL_DAILY
5383,1,1,1,COMMON_USER_AND_SCHOOL_DAILY
5384,1,1,1,COMMON_USER_AND_SCHOOL_DAILY
5385,1,1,1,COMMON_USER_AND_SCHOOL_DAILY
5386,1,1,1,COMMON_USER_AND_SCHOOL_DAILY
5387,1,1,1,COMMON_USER_AND_SCHOOL_DAILY
5388,1,1,1,COMMON_USER_AND_SCHOOL_DAILY
5389,1,1,1,COMMON_USER_AND_SCHOOL_DAILY
5390,0,1,0,SCHOOL_DAILY_DIMENSION_ONLY_NO_CURRENT_USER
5391,1,1,1,COMMON_USER_AND_SCHOOL_DAILY
5392,1,1,1,COMMON_USER_AND_SCHOOL_DAILY
5393,1,1,1,COMMON_USER_AND_SCHOOL_DAILY
5394,1,1,1,COMMON_USER_AND_SCHOOL_DAILY
5395,1,1,1,COMMON_USER_AND_SCHOOL_DAILY
5396,1,1,1,COMMON_USER_AND_SCHOOL_DAILY
5397,1,1,1,COMMON_USER_AND_SCHOOL_DAILY
5398,1,1,1,COMMON_USER_AND_SCHOOL_DAILY
5399,1,1,1,COMMON_USER_AND_SCHOOL_DAILY
5400,1,1,1,COMMON_USER_AND_SCHOOL_DAILY
5401,1,1,1,COMMON_USER_AND_SCHOOL_DAILY
5402,1,1,1,COMMON_USER_AND_SCHOOL_DAILY
5403,1,1,1,COMMON_USER_AND_SCHOOL_DAILY
5404,1,1,1,COMMON_USER_AND_SCHOOL_DAILY
5405,1,1,1,COMMON_USER_AND_SCHOOL_DAILY
5406,1,1,1,COMMON_USER_AND_SCHOOL_DAILY
5407,1,1,1,COMMON_USER_AND_SCHOOL_DAILY
5408,1,1,1,COMMON_USER_AND_SCHOOL_DAILY
5409,1,1,1,COMMON_USER_AND_SCHOOL_DAILY
5410,1,1,1,COMMON_USER_AND_SCHOOL_DAILY
5411,1,1,1,COMMON_USER_AND_SCHOOL_DAILY
5412,1,1,1,COMMON_USER_AND_SCHOOL_DAILY
5413,1,1,1,COMMON_USER_AND_SCHOOL_DAILY
5414,1,1,1,COMMON_USER_AND_SCHOOL_DAILY
5415,1,1,1,COMMON_USER_AND_SCHOOL_DAILY
5416,1,1,1,COMMON_USER_AND_SCHOOL_DAILY
5417,1,1,1,COMMON_USER_AND_SCHOOL_DAILY
5418,1,1,1,COMMON_USER_AND_SCHOOL_DAILY
5419,1,1,1,COMMON_USER_AND_SCHOOL_DAILY
5420,1,1,1,COMMON_USER_AND_SCHOOL_DAILY
5421,1,1,1,COMMON_USER_AND_SCHOOL_DAILY
5422,1,1,1,COMMON_USER_AND_SCHOOL_DAILY
5423,1,1,1,COMMON_USER_AND_SCHOOL_DAILY
5424,1,1,1,COMMON_USER_AND_SCHOOL_DAILY
5425,1,1,1,COMMON_USER_AND_SCHOOL_DAILY
5426,1,1,1,COMMON_USER_AND_SCHOOL_DAILY
5427,1,1,1,COMMON_USER_AND_SCHOOL_DAILY
5428,1,1,1,COMMON_USER_AND_SCHOOL_DAILY
5429,1,1,1,COMMON_USER_AND_SCHOOL_DAILY
5430,1,1,1,COMMON_USER_AND_SCHOOL_DAILY
5431,1,1,1,COMMON_USER_AND_SCHOOL_DAILY
5432,1,1,1,COMMON_USER_AND_SCHOOL_DAILY
5433,1,1,1,COMMON_USER_AND_SCHOOL_DAILY
5434,1,1,1,COMMON_USER_AND_SCHOOL_DAILY
5435,1,1,1,COMMON_USER_AND_SCHOOL_DAILY
5436,0,1,0,SCHOOL_DAILY_DIMENSION_ONLY_NO_CURRENT_USER
5437,1,1,1,COMMON_USER_AND_SCHOOL_DAILY
5438,1,1,1,COMMON_USER_AND_SCHOOL_DAILY
5439,1,1,1,COMMON_USER_AND_SCHOOL_DAILY
5440,1,1,1,COMMON_USER_AND_SCHOOL_DAILY
5441,1,1,1,COMMON_USER_AND_SCHOOL_DAILY
5442,1,1,1,COMMON_USER_AND_SCHOOL_DAILY
5443,1,1,1,COMMON_USER_AND_SCHOOL_DAILY
5444,1,1,1,COMMON_USER_AND_SCHOOL_DAILY
5445,1,1,1,COMMON_USER_AND_SCHOOL_DAILY
5446,1,1,1,COMMON_USER_AND_SCHOOL_DAILY
5447,1,1,1,COMMON_USER_AND_SCHOOL_DAILY
5448,1,1,1,COMMON_USER_AND_SCHOOL_DAILY
5449,1,1,1,COMMON_USER_AND_SCHOOL_DAILY
5450,1,1,1,COMMON_USER_AND_SCHOOL_DAILY
5451,1,1,1,COMMON_USER_AND_SCHOOL_DAILY
5452,1,1,1,COMMON_USER_AND_SCHOOL_DAILY
5453,1,1,1,COMMON_USER_AND_SCHOOL_DAILY
5454,1,1,1,COMMON_USER_AND_SCHOOL_DAILY
5455,1,1,1,COMMON_USER_AND_SCHOOL_DAILY
5456,1,1,1,COMMON_USER_AND_SCHOOL_DAILY
5457,1,1,1,COMMON_USER_AND_SCHOOL_DAILY
5458,1,1,1,COMMON_USER_AND_SCHOOL_DAILY
5459,1,1,1,COMMON_USER_AND_SCHOOL_DAILY
5460,1,1,1,COMMON_USER_AND_SCHOOL_DAILY
5461,1,1,1,COMMON_USER_AND_SCHOOL_DAILY
5462,1,1,1,COMMON_USER_AND_SCHOOL_DAILY
5463,1,1,1,COMMON_USER_AND_SCHOOL_DAILY
5464,1,1,1,COMMON_USER_AND_SCHOOL_DAILY
5465,1,1,1,COMMON_USER_AND_SCHOOL_DAILY
5466,1,1,1,COMMON_USER_AND_SCHOOL_DAILY
5467,1,1,1,COMMON_USER_AND_SCHOOL_DAILY
5468,1,1,1,COMMON_USER_AND_SCHOOL_DAILY
5469,1,1,1,COMMON_USER_AND_SCHOOL_DAILY
5470,1,1,1,COMMON_USER_AND_SCHOOL_DAILY
5471,1,1,1,COMMON_USER_AND_SCHOOL_DAILY
5472,1,1,1,COMMON_USER_AND_SCHOOL_DAILY
5473,1,1,1,COMMON_USER_AND_SCHOOL_DAILY
5474,1,1,1,COMMON_USER_AND_SCHOOL_DAILY
5475,1,1,1,COMMON_USER_AND_SCHOOL_DAILY
5476,1,1,1,COMMON_USER_AND_SCHOOL_DAILY
5477,1,1,1,COMMON_USER_AND_SCHOOL_DAILY
5478,1,1,1,COMMON_USER_AND_SCHOOL_DAILY
5479,1,1,1,COMMON_USER_AND_SCHOOL_DAILY
5480,1,1,1,COMMON_USER_AND_SCHOOL_DAILY
5481,1,1,1,COMMON_USER_AND_SCHOOL_DAILY
5482,1,1,1,COMMON_USER_AND_SCHOOL_DAILY
5483,1,1,1,COMMON_USER_AND_SCHOOL_DAILY
5484,1,1,1,COMMON_USER_AND_SCHOOL_DAILY
5485,1,1,1,COMMON_USER_AND_SCHOOL_DAILY
5486,1,1,1,COMMON_USER_AND_SCHOOL_DAILY
5487,1,1,1,COMMON_USER_AND_SCHOOL_DAILY
5488,1,1,1,COMMON_USER_AND_SCHOOL_DAILY
5489,1,1,1,COMMON_USER_AND_SCHOOL_DAILY
5490,0,1,0,SCHOOL_DAILY_DIMENSION_ONLY_NO_CURRENT_USER
5491,1,1,1,COMMON_USER_AND_SCHOOL_DAILY
5492,1,1,1,COMMON_USER_AND_SCHOOL_DAILY
5493,0,1,0,SCHOOL_DAILY_DIMENSION_ONLY_NO_CURRENT_USER
5494,1,1,1,COMMON_USER_AND_SCHOOL_DAILY
5495,1,1,1,COMMON_USER_AND_SCHOOL_DAILY
5496,1,1,1,COMMON_USER_AND_SCHOOL_DAILY
5497,1,1,1,COMMON_USER_AND_SCHOOL_DAILY
5498,1,1,1,COMMON_USER_AND_SCHOOL_DAILY
5499,1,1,1,COMMON_USER_AND_SCHOOL_DAILY
5500,1,1,1,COMMON_USER_AND_SCHOOL_DAILY
5501,0,1,0,SCHOOL_DAILY_DIMENSION_ONLY_NO_CURRENT_USER
5502,1,1,1,COMMON_USER_AND_SCHOOL_DAILY
5503,1,1,1,COMMON_USER_AND_SCHOOL_DAILY
5504,1,1,1,COMMON_USER_AND_SCHOOL_DAILY
5505,1,1,1,COMMON_USER_AND_SCHOOL_DAILY
5506,1,1,1,COMMON_USER_AND_SCHOOL_DAILY
5507,1,1,1,COMMON_USER_AND_SCHOOL_DAILY
5508,1,1,1,COMMON_USER_AND_SCHOOL_DAILY
5509,1,1,1,COMMON_USER_AND_SCHOOL_DAILY
5510,1,1,1,COMMON_USER_AND_SCHOOL_DAILY
5511,1,1,1,COMMON_USER_AND_SCHOOL_DAILY
5512,1,1,1,COMMON_USER_AND_SCHOOL_DAILY
5513,1,1,1,COMMON_USER_AND_SCHOOL_DAILY
5514,1,1,1,COMMON_USER_AND_SCHOOL_DAILY
5515,1,1,1,COMMON_USER_AND_SCHOOL_DAILY
5516,1,1,1,COMMON_USER_AND_SCHOOL_DAILY
5517,1,1,1,COMMON_USER_AND_SCHOOL_DAILY
5518,1,1,1,COMMON_USER_AND_SCHOOL_DAILY
5519,1,1,1,COMMON_USER_AND_SCHOOL_DAILY
5520,1,1,1,COMMON_USER_AND_SCHOOL_DAILY
5521,1,1,1,COMMON_USER_AND_SCHOOL_DAILY
5522,1,1,1,COMMON_USER_AND_SCHOOL_DAILY
5523,1,1,1,COMMON_USER_AND_SCHOOL_DAILY
5524,1,1,1,COMMON_USER_AND_SCHOOL_DAILY
5525,1,1,1,COMMON_USER_AND_SCHOOL_DAILY
5526,1,1,1,COMMON_USER_AND_SCHOOL_DAILY
5527,1,1,1,COMMON_USER_AND_SCHOOL_DAILY
5528,1,1,1,COMMON_USER_AND_SCHOOL_DAILY
5529,1,1,1,COMMON_USER_AND_SCHOOL_DAILY
5530,1,1,1,COMMON_USER_AND_SCHOOL_DAILY
5531,1,1,1,COMMON_USER_AND_SCHOOL_DAILY
5532,1,1,1,COMMON_USER_AND_SCHOOL_DAILY
5533,1,1,1,COMMON_USER_AND_SCHOOL_DAILY
5534,1,1,1,COMMON_USER_AND_SCHOOL_DAILY
5535,1,1,1,COMMON_USER_AND_SCHOOL_DAILY
5536,1,1,1,COMMON_USER_AND_SCHOOL_DAILY
5537,1,1,1,COMMON_USER_AND_SCHOOL_DAILY
5538,1,1,1,COMMON_USER_AND_SCHOOL_DAILY
5539,1,1,1,COMMON_USER_AND_SCHOOL_DAILY
5540,1,1,1,COMMON_USER_AND_SCHOOL_DAILY
5541,0,1,0,SCHOOL_DAILY_DIMENSION_ONLY_NO_CURRENT_USER
5542,1,1,1,COMMON_USER_AND_SCHOOL_DAILY
5543,1,1,1,COMMON_USER_AND_SCHOOL_DAILY
5544,1,1,1,COMMON_USER_AND_SCHOOL_DAILY
5545,1,1,1,COMMON_USER_AND_SCHOOL_DAILY
5546,1,1,1,COMMON_USER_AND_SCHOOL_DAILY
5547,1,1,1,COMMON_USER_AND_SCHOOL_DAILY
5548,1,1,1,COMMON_USER_AND_SCHOOL_DAILY
5549,1,1,1,COMMON_USER_AND_SCHOOL_DAILY
5550,1,1,1,COMMON_USER_AND_SCHOOL_DAILY
5551,1,1,1,COMMON_USER_AND_SCHOOL_DAILY
5552,1,1,1,COMMON_USER_AND_SCHOOL_DAILY
5553,1,1,1,COMMON_USER_AND_SCHOOL_DAILY
5554,0,1,0,SCHOOL_DAILY_DIMENSION_ONLY_NO_CURRENT_USER
5555,1,1,1,COMMON_USER_AND_SCHOOL_DAILY
5556,1,1,1,COMMON_USER_AND_SCHOOL_DAILY
5557,1,1,1,COMMON_USER_AND_SCHOOL_DAILY
5558,1,1,1,COMMON_USER_AND_SCHOOL_DAILY
5559,1,1,1,COMMON_USER_AND_SCHOOL_DAILY
5560,1,1,1,COMMON_USER_AND_SCHOOL_DAILY
5561,1,1,1,COMMON_USER_AND_SCHOOL_DAILY
5562,1,1,1,COMMON_USER_AND_SCHOOL_DAILY
5563,1,1,1,COMMON_USER_AND_SCHOOL_DAILY
5564,1,1,1,COMMON_USER_AND_SCHOOL_DAILY
5565,1,1,1,COMMON_USER_AND_SCHOOL_DAILY
5566,1,1,1,COMMON_USER_AND_SCHOOL_DAILY
5567,1,1,1,COMMON_USER_AND_SCHOOL_DAILY
5568,1,1,1,COMMON_USER_AND_SCHOOL_DAILY
5569,1,1,1,COMMON_USER_AND_SCHOOL_DAILY
5570,1,1,1,COMMON_USER_AND_SCHOOL_DAILY
5571,1,1,1,COMMON_USER_AND_SCHOOL_DAILY
5572,0,1,0,SCHOOL_DAILY_DIMENSION_ONLY_NO_CURRENT_USER
5573,1,1,1,COMMON_USER_AND_SCHOOL_DAILY
5574,1,1,1,COMMON_USER_AND_SCHOOL_DAILY
5575,1,1,1,COMMON_USER_AND_SCHOOL_DAILY
5576,1,1,1,COMMON_USER_AND_SCHOOL_DAILY
5577,1,1,1,COMMON_USER_AND_SCHOOL_DAILY
5578,1,1,1,COMMON_USER_AND_SCHOOL_DAILY
5579,1,1,1,COMMON_USER_AND_SCHOOL_DAILY
5580,1,1,1,COMMON_USER_AND_SCHOOL_DAILY
5581,1,1,1,COMMON_USER_AND_SCHOOL_DAILY
5582,1,1,1,COMMON_USER_AND_SCHOOL_DAILY
5583,1,1,1,COMMON_USER_AND_SCHOOL_DAILY
5584,1,1,1,COMMON_USER_AND_SCHOOL_DAILY
5585,1,1,1,COMMON_USER_AND_SCHOOL_DAILY
5586,1,1,1,COMMON_USER_AND_SCHOOL_DAILY
5587,1,1,1,COMMON_USER_AND_SCHOOL_DAILY
5588,1,1,1,COMMON_USER_AND_SCHOOL_DAILY
5589,1,1,1,COMMON_USER_AND_SCHOOL_DAILY
5590,1,1,1,COMMON_USER_AND_SCHOOL_DAILY
5591,1,1,1,COMMON_USER_AND_SCHOOL_DAILY
5592,1,1,1,COMMON_USER_AND_SCHOOL_DAILY
5593,1,1,1,COMMON_USER_AND_SCHOOL_DAILY
5594,1,1,1,COMMON_USER_AND_SCHOOL_DAILY
5595,1,1,1,COMMON_USER_AND_SCHOOL_DAILY
5596,1,1,1,COMMON_USER_AND_SCHOOL_DAILY
5597,1,1,1,COMMON_USER_AND_SCHOOL_DAILY
5598,1,1,1,COMMON_USER_AND_SCHOOL_DAILY
5599,1,1,1,COMMON_USER_AND_SCHOOL_DAILY
5600,1,1,1,COMMON_USER_AND_SCHOOL_DAILY
5601,1,1,1,COMMON_USER_AND_SCHOOL_DAILY
5602,1,1,1,COMMON_USER_AND_SCHOOL_DAILY
5603,1,1,1,COMMON_USER_AND_SCHOOL_DAILY
5604,1,1,1,COMMON_USER_AND_SCHOOL_DAILY
5605,1,1,1,COMMON_USER_AND_SCHOOL_DAILY
5606,1,1,1,COMMON_USER_AND_SCHOOL_DAILY
5607,1,1,1,COMMON_USER_AND_SCHOOL_DAILY
5608,1,1,1,COMMON_USER_AND_SCHOOL_DAILY
5609,1,1,1,COMMON_USER_AND_SCHOOL_DAILY
5610,1,1,1,COMMON_USER_AND_SCHOOL_DAILY
5611,1,1,1,COMMON_USER_AND_SCHOOL_DAILY
5612,0,1,0,SCHOOL_DAILY_DIMENSION_ONLY_NO_CURRENT_USER
5613,1,1,1,COMMON_USER_AND_SCHOOL_DAILY
5614,1,1,1,COMMON_USER_AND_SCHOOL_DAILY
5615,1,1,1,COMMON_USER_AND_SCHOOL_DAILY
5616,1,1,1,COMMON_USER_AND_SCHOOL_DAILY
5617,1,1,1,COMMON_USER_AND_SCHOOL_DAILY
5618,1,1,1,COMMON_USER_AND_SCHOOL_DAILY
5619,1,1,1,COMMON_USER_AND_SCHOOL_DAILY
5620,1,1,1,COMMON_USER_AND_SCHOOL_DAILY
5621,1,1,1,COMMON_USER_AND_SCHOOL_DAILY
5622,1,1,1,COMMON_USER_AND_SCHOOL_DAILY
5623,1,1,1,COMMON_USER_AND_SCHOOL_DAILY
5624,1,1,1,COMMON_USER_AND_SCHOOL_DAILY
5625,1,1,1,COMMON_USER_AND_SCHOOL_DAILY
5626,1,1,1,COMMON_USER_AND_SCHOOL_DAILY
5627,1,1,1,COMMON_USER_AND_SCHOOL_DAILY
5628,1,1,1,COMMON_USER_AND_SCHOOL_DAILY
5629,1,1,1,COMMON_USER_AND_SCHOOL_DAILY
5630,1,1,1,COMMON_USER_AND_SCHOOL_DAILY
5631,1,1,1,COMMON_USER_AND_SCHOOL_DAILY
5632,1,1,1,COMMON_USER_AND_SCHOOL_DAILY
5633,1,1,1,COMMON_USER_AND_SCHOOL_DAILY
5634,1,1,1,COMMON_USER_AND_SCHOOL_DAILY
5635,1,1,1,COMMON_USER_AND_SCHOOL_DAILY
5636,1,1,1,COMMON_USER_AND_SCHOOL_DAILY
5637,1,1,1,COMMON_USER_AND_SCHOOL_DAILY
5638,1,1,1,COMMON_USER_AND_SCHOOL_DAILY
5639,1,1,1,COMMON_USER_AND_SCHOOL_DAILY
5640,1,1,1,COMMON_USER_AND_SCHOOL_DAILY
5641,1,1,1,COMMON_USER_AND_SCHOOL_DAILY
5642,1,1,1,COMMON_USER_AND_SCHOOL_DAILY
5643,1,1,1,COMMON_USER_AND_SCHOOL_DAILY
5644,0,1,0,SCHOOL_DAILY_DIMENSION_ONLY_NO_CURRENT_USER
5645,1,1,1,COMMON_USER_AND_SCHOOL_DAILY
5646,0,1,0,SCHOOL_DAILY_DIMENSION_ONLY_NO_CURRENT_USER
5647,1,1,1,COMMON_USER_AND_SCHOOL_DAILY
5648,1,1,1,COMMON_USER_AND_SCHOOL_DAILY
5649,0,1,0,SCHOOL_DAILY_DIMENSION_ONLY_NO_CURRENT_USER
5650,1,1,1,COMMON_USER_AND_SCHOOL_DAILY
5651,1,1,1,COMMON_USER_AND_SCHOOL_DAILY
5652,1,1,1,COMMON_USER_AND_SCHOOL_DAILY
5653,1,1,1,COMMON_USER_AND_SCHOOL_DAILY
5654,0,1,0,SCHOOL_DAILY_DIMENSION_ONLY_NO_CURRENT_USER
5655,1,1,1,COMMON_USER_AND_SCHOOL_DAILY
5656,1,1,1,COMMON_USER_AND_SCHOOL_DAILY
5657,1,1,1,COMMON_USER_AND_SCHOOL_DAILY
5658,1,1,1,COMMON_USER_AND_SCHOOL_DAILY
5659,1,1,1,COMMON_USER_AND_SCHOOL_DAILY
5660,1,1,1,COMMON_USER_AND_SCHOOL_DAILY
5661,1,1,1,COMMON_USER_AND_SCHOOL_DAILY
5662,1,1,1,COMMON_USER_AND_SCHOOL_DAILY
5663,0,1,0,SCHOOL_DAILY_DIMENSION_ONLY_NO_CURRENT_USER
5664,1,1,1,COMMON_USER_AND_SCHOOL_DAILY
5665,0,1,0,SCHOOL_DAILY_DIMENSION_ONLY_NO_CURRENT_USER
5666,1,1,1,COMMON_USER_AND_SCHOOL_DAILY
5667,1,1,1,COMMON_USER_AND_SCHOOL_DAILY
5668,1,1,1,COMMON_USER_AND_SCHOOL_DAILY
5669,1,1,1,COMMON_USER_AND_SCHOOL_DAILY
5670,1,1,1,COMMON_USER_AND_SCHOOL_DAILY
5671,0,1,0,SCHOOL_DAILY_DIMENSION_ONLY_NO_CURRENT_USER
5673,1,1,1,COMMON_USER_AND_SCHOOL_DAILY
5674,1,1,1,COMMON_USER_AND_SCHOOL_DAILY
5675,0,1,0,SCHOOL_DAILY_DIMENSION_ONLY_NO_CURRENT_USER
5676,0,1,0,SCHOOL_DAILY_DIMENSION_ONLY_NO_CURRENT_USER
5677,1,1,1,COMMON_USER_AND_SCHOOL_DAILY
5678,1,1,1,COMMON_USER_AND_SCHOOL_DAILY
5679,1,1,1,COMMON_USER_AND_SCHOOL_DAILY
5680,0,1,0,SCHOOL_DAILY_DIMENSION_ONLY_NO_CURRENT_USER
5681,1,1,1,COMMON_USER_AND_SCHOOL_DAILY
5682,1,1,1,COMMON_USER_AND_SCHOOL_DAILY
5683,1,1,1,COMMON_USER_AND_SCHOOL_DAILY
5684,1,1,1,COMMON_USER_AND_SCHOOL_DAILY
5685,1,1,1,COMMON_USER_AND_SCHOOL_DAILY
5686,1,1,1,COMMON_USER_AND_SCHOOL_DAILY
5687,1,1,1,COMMON_USER_AND_SCHOOL_DAILY
5688,1,1,1,COMMON_USER_AND_SCHOOL_DAILY
5689,1,1,1,COMMON_USER_AND_SCHOOL_DAILY
5690,1,1,1,COMMON_USER_AND_SCHOOL_DAILY
5691,1,1,1,COMMON_USER_AND_SCHOOL_DAILY
5692,0,1,0,SCHOOL_DAILY_DIMENSION_ONLY_NO_CURRENT_USER
5693,0,1,0,SCHOOL_DAILY_DIMENSION_ONLY_NO_CURRENT_USER
5694,1,1,1,COMMON_USER_AND_SCHOOL_DAILY
5695,1,1,1,COMMON_USER_AND_SCHOOL_DAILY
5696,1,1,1,COMMON_USER_AND_SCHOOL_DAILY
5697,1,1,1,COMMON_USER_AND_SCHOOL_DAILY
5698,1,1,1,COMMON_USER_AND_SCHOOL_DAILY
5699,1,1,1,COMMON_USER_AND_SCHOOL_DAILY
5700,1,1,1,COMMON_USER_AND_SCHOOL_DAILY
5701,1,1,1,COMMON_USER_AND_SCHOOL_DAILY
5702,1,1,1,COMMON_USER_AND_SCHOOL_DAILY
5703,1,1,1,COMMON_USER_AND_SCHOOL_DAILY
5704,1,1,1,COMMON_USER_AND_SCHOOL_DAILY
5705,1,1,1,COMMON_USER_AND_SCHOOL_DAILY
5706,1,1,1,COMMON_USER_AND_SCHOOL_DAILY
5707,1,1,1,COMMON_USER_AND_SCHOOL_DAILY
5708,1,1,1,COMMON_USER_AND_SCHOOL_DAILY
5709,0,1,0,SCHOOL_DAILY_DIMENSION_ONLY_NO_CURRENT_USER
5710,1,1,1,COMMON_USER_AND_SCHOOL_DAILY
5711,1,1,1,COMMON_USER_AND_SCHOOL_DAILY
5712,1,1,1,COMMON_USER_AND_SCHOOL_DAILY
5713,1,1,1,COMMON_USER_AND_SCHOOL_DAILY
5714,1,1,1,COMMON_USER_AND_SCHOOL_DAILY
5715,1,1,1,COMMON_USER_AND_SCHOOL_DAILY
5716,1,1,1,COMMON_USER_AND_SCHOOL_DAILY
5717,0,1,0,SCHOOL_DAILY_DIMENSION_ONLY_NO_CURRENT_USER
5718,1,1,1,COMMON_USER_AND_SCHOOL_DAILY
5719,1,1,1,COMMON_USER_AND_SCHOOL_DAILY
5720,1,1,1,COMMON_USER_AND_SCHOOL_DAILY
5721,1,1,1,COMMON_USER_AND_SCHOOL_DAILY
5722,1,1,1,COMMON_USER_AND_SCHOOL_DAILY
5723,1,1,1,COMMON_USER_AND_SCHOOL_DAILY
5724,1,1,1,COMMON_USER_AND_SCHOOL_DAILY
5725,1,1,1,COMMON_USER_AND_SCHOOL_DAILY
5726,1,1,1,COMMON_USER_AND_SCHOOL_DAILY
5727,1,1,1,COMMON_USER_AND_SCHOOL_DAILY
5728,0,1,0,SCHOOL_DAILY_DIMENSION_ONLY_NO_CURRENT_USER
5729,1,1,1,COMMON_USER_AND_SCHOOL_DAILY
5730,1,1,1,COMMON_USER_AND_SCHOOL_DAILY
5731,0,1,0,SCHOOL_DAILY_DIMENSION_ONLY_NO_CURRENT_USER
5732,1,1,1,COMMON_USER_AND_SCHOOL_DAILY
5733,1,1,1,COMMON_USER_AND_SCHOOL_DAILY
5734,1,1,1,COMMON_USER_AND_SCHOOL_DAILY
5735,1,1,1,COMMON_USER_AND_SCHOOL_DAILY
5736,1,1,1,COMMON_USER_AND_SCHOOL_DAILY
5737,1,1,1,COMMON_USER_AND_SCHOOL_DAILY
5738,1,1,1,COMMON_USER_AND_SCHOOL_DAILY
5739,1,1,1,COMMON_USER_AND_SCHOOL_DAILY
5740,1,1,1,COMMON_USER_AND_SCHOOL_DAILY
5741,1,1,1,COMMON_USER_AND_SCHOOL_DAILY
5742,1,1,1,COMMON_USER_AND_SCHOOL_DAILY
5743,1,1,1,COMMON_USER_AND_SCHOOL_DAILY
5744,1,1,1,COMMON_USER_AND_SCHOOL_DAILY
5745,1,1,1,COMMON_USER_AND_SCHOOL_DAILY
5746,1,1,1,COMMON_USER_AND_SCHOOL_DAILY
5747,1,1,1,COMMON_USER_AND_SCHOOL_DAILY
5748,1,1,1,COMMON_USER_AND_SCHOOL_DAILY
5749,1,1,1,COMMON_USER_AND_SCHOOL_DAILY
5750,1,1,1,COMMON_USER_AND_SCHOOL_DAILY
5751,1,1,1,COMMON_USER_AND_SCHOOL_DAILY
5752,1,1,1,COMMON_USER_AND_SCHOOL_DAILY
5753,1,1,1,COMMON_USER_AND_SCHOOL_DAILY
5754,1,1,1,COMMON_USER_AND_SCHOOL_DAILY
5755,1,1,1,COMMON_USER_AND_SCHOOL_DAILY
5756,0,1,0,SCHOOL_DAILY_DIMENSION_ONLY_NO_CURRENT_USER
5757,1,1,1,COMMON_USER_AND_SCHOOL_DAILY
5758,1,1,1,COMMON_USER_AND_SCHOOL_DAILY
5759,1,1,1,COMMON_USER_AND_SCHOOL_DAILY
5760,1,1,1,COMMON_USER_AND_SCHOOL_DAILY
5761,1,1,1,COMMON_USER_AND_SCHOOL_DAILY
5762,0,1,0,SCHOOL_DAILY_DIMENSION_ONLY_NO_CURRENT_USER
5763,1,1,1,COMMON_USER_AND_SCHOOL_DAILY
5764,1,1,1,COMMON_USER_AND_SCHOOL_DAILY
5765,1,1,1,COMMON_USER_AND_SCHOOL_DAILY
5766,1,1,1,COMMON_USER_AND_SCHOOL_DAILY
5767,1,1,1,COMMON_USER_AND_SCHOOL_DAILY
5768,1,1,1,COMMON_USER_AND_SCHOOL_DAILY
5769,1,1,1,COMMON_USER_AND_SCHOOL_DAILY
5770,1,1,1,COMMON_USER_AND_SCHOOL_DAILY
5771,1,1,1,COMMON_USER_AND_SCHOOL_DAILY
5772,1,1,1,COMMON_USER_AND_SCHOOL_DAILY
5773,0,1,0,SCHOOL_DAILY_DIMENSION_ONLY_NO_CURRENT_USER
5774,0,1,0,SCHOOL_DAILY_DIMENSION_ONLY_NO_CURRENT_USER
5775,1,1,1,COMMON_USER_AND_SCHOOL_DAILY
5776,1,1,1,COMMON_USER_AND_SCHOOL_DAILY
5777,1,1,1,COMMON_USER_AND_SCHOOL_DAILY
5778,1,1,1,COMMON_USER_AND_SCHOOL_DAILY
5779,1,1,1,COMMON_USER_AND_SCHOOL_DAILY
5780,1,1,1,COMMON_USER_AND_SCHOOL_DAILY
5781,1,1,1,COMMON_USER_AND_SCHOOL_DAILY
5782,1,1,1,COMMON_USER_AND_SCHOOL_DAILY
5783,1,1,1,COMMON_USER_AND_SCHOOL_DAILY
5784,1,1,1,COMMON_USER_AND_SCHOOL_DAILY
5785,1,1,1,COMMON_USER_AND_SCHOOL_DAILY
5786,1,1,1,COMMON_USER_AND_SCHOOL_DAILY
5787,1,1,1,COMMON_USER_AND_SCHOOL_DAILY
5788,1,1,1,COMMON_USER_AND_SCHOOL_DAILY
5789,1,1,1,COMMON_USER_AND_SCHOOL_DAILY
5790,1,1,1,COMMON_USER_AND_SCHOOL_DAILY
5791,1,1,1,COMMON_USER_AND_SCHOOL_DAILY
5792,0,1,0,SCHOOL_DAILY_DIMENSION_ONLY_NO_CURRENT_USER
5793,1,1,1,COMMON_USER_AND_SCHOOL_DAILY
5794,1,1,1,COMMON_USER_AND_SCHOOL_DAILY
5795,1,1,1,COMMON_USER_AND_SCHOOL_DAILY
5796,1,1,1,COMMON_USER_AND_SCHOOL_DAILY
5797,1,1,1,COMMON_USER_AND_SCHOOL_DAILY
5798,1,1,1,COMMON_USER_AND_SCHOOL_DAILY
5799,1,1,1,COMMON_USER_AND_SCHOOL_DAILY
5800,1,1,1,COMMON_USER_AND_SCHOOL_DAILY
5801,1,1,1,COMMON_USER_AND_SCHOOL_DAILY
5802,1,1,1,COMMON_USER_AND_SCHOOL_DAILY
5803,1,1,1,COMMON_USER_AND_SCHOOL_DAILY
5804,1,1,1,COMMON_USER_AND_SCHOOL_DAILY
5805,1,1,1,COMMON_USER_AND_SCHOOL_DAILY
5806,1,1,1,COMMON_USER_AND_SCHOOL_DAILY
5807,1,1,1,COMMON_USER_AND_SCHOOL_DAILY
5808,0,1,0,SCHOOL_DAILY_DIMENSION_ONLY_NO_CURRENT_USER
5809,1,1,1,COMMON_USER_AND_SCHOOL_DAILY
5810,1,1,1,COMMON_USER_AND_SCHOOL_DAILY
5811,1,1,1,COMMON_USER_AND_SCHOOL_DAILY
5812,1,1,1,COMMON_USER_AND_SCHOOL_DAILY
5813,1,1,1,COMMON_USER_AND_SCHOOL_DAILY
5814,1,1,1,COMMON_USER_AND_SCHOOL_DAILY
5815,1,1,1,COMMON_USER_AND_SCHOOL_DAILY
5816,1,1,1,COMMON_USER_AND_SCHOOL_DAILY
5817,1,1,1,COMMON_USER_AND_SCHOOL_DAILY
5818,1,1,1,COMMON_USER_AND_SCHOOL_DAILY
5819,1,1,1,COMMON_USER_AND_SCHOOL_DAILY
5820,1,1,1,COMMON_USER_AND_SCHOOL_DAILY
5821,1,1,1,COMMON_USER_AND_SCHOOL_DAILY
5822,1,1,1,COMMON_USER_AND_SCHOOL_DAILY
5823,1,1,1,COMMON_USER_AND_SCHOOL_DAILY
5824,1,1,1,COMMON_USER_AND_SCHOOL_DAILY
5825,0,1,0,SCHOOL_DAILY_DIMENSION_ONLY_NO_CURRENT_USER
5826,1,1,1,COMMON_USER_AND_SCHOOL_DAILY
5827,1,1,1,COMMON_USER_AND_SCHOOL_DAILY
5828,1,1,1,COMMON_USER_AND_SCHOOL_DAILY
5829,1,1,1,COMMON_USER_AND_SCHOOL_DAILY
5830,1,1,1,COMMON_USER_AND_SCHOOL_DAILY
5831,0,1,0,SCHOOL_DAILY_DIMENSION_ONLY_NO_CURRENT_USER
5832,0,1,0,SCHOOL_DAILY_DIMENSION_ONLY_NO_CURRENT_USER
5833,0,1,0,SCHOOL_DAILY_DIMENSION_ONLY_NO_CURRENT_USER
5834,0,1,0,SCHOOL_DAILY_DIMENSION_ONLY_NO_CURRENT_USER
5835,0,1,0,SCHOOL_DAILY_DIMENSION_ONLY_NO_CURRENT_USER
5836,0,1,0,SCHOOL_DAILY_DIMENSION_ONLY_NO_CURRENT_USER
5837,1,1,1,COMMON_USER_AND_SCHOOL_DAILY
5838,0,1,0,SCHOOL_DAILY_DIMENSION_ONLY_NO_CURRENT_USER
5839,1,1,1,COMMON_USER_AND_SCHOOL_DAILY
5840,1,1,1,COMMON_USER_AND_SCHOOL_DAILY
5841,1,1,1,COMMON_USER_AND_SCHOOL_DAILY
5842,0,1,0,SCHOOL_DAILY_DIMENSION_ONLY_NO_CURRENT_USER
5843,0,1,0,SCHOOL_DAILY_DIMENSION_ONLY_NO_CURRENT_USER
5844,1,1,1,COMMON_USER_AND_SCHOOL_DAILY
5845,1,1,1,COMMON_USER_AND_SCHOOL_DAILY
5846,1,1,1,COMMON_USER_AND_SCHOOL_DAILY
5847,1,1,1,COMMON_USER_AND_SCHOOL_DAILY
5848,1,1,1,COMMON_USER_AND_SCHOOL_DAILY
5849,0,1,0,SCHOOL_DAILY_DIMENSION_ONLY_NO_CURRENT_USER
5850,1,1,1,COMMON_USER_AND_SCHOOL_DAILY
5851,1,1,1,COMMON_USER_AND_SCHOOL_DAILY
5852,1,1,1,COMMON_USER_AND_SCHOOL_DAILY
5853,1,1,1,COMMON_USER_AND_SCHOOL_DAILY
5854,1,1,1,COMMON_USER_AND_SCHOOL_DAILY
5855,1,1,1,COMMON_USER_AND_SCHOOL_DAILY
5856,1,1,1,COMMON_USER_AND_SCHOOL_DAILY
5857,1,1,1,COMMON_USER_AND_SCHOOL_DAILY
5858,1,1,1,COMMON_USER_AND_SCHOOL_DAILY
5859,0,1,0,SCHOOL_DAILY_DIMENSION_ONLY_NO_CURRENT_USER
5860,1,1,1,COMMON_USER_AND_SCHOOL_DAILY
5861,0,1,0,SCHOOL_DAILY_DIMENSION_ONLY_NO_CURRENT_USER
5862,0,1,0,SCHOOL_DAILY_DIMENSION_ONLY_NO_CURRENT_USER
5863,1,1,1,COMMON_USER_AND_SCHOOL_DAILY
5864,0,1,0,SCHOOL_DAILY_DIMENSION_ONLY_NO_CURRENT_USER
5865,1,1,1,COMMON_USER_AND_SCHOOL_DAILY
5866,1,1,1,COMMON_USER_AND_SCHOOL_DAILY
5867,1,1,1,COMMON_USER_AND_SCHOOL_DAILY
5868,1,1,1,COMMON_USER_AND_SCHOOL_DAILY
5869,1,1,1,COMMON_USER_AND_SCHOOL_DAILY
5870,1,1,1,COMMON_USER_AND_SCHOOL_DAILY
5871,0,1,0,SCHOOL_DAILY_DIMENSION_ONLY_NO_CURRENT_USER
5872,1,1,1,COMMON_USER_AND_SCHOOL_DAILY
5873,1,1,1,COMMON_USER_AND_SCHOOL_DAILY
5874,1,1,1,COMMON_USER_AND_SCHOOL_DAILY
5875,1,1,1,COMMON_USER_AND_SCHOOL_DAILY
5876,0,1,0,SCHOOL_DAILY_DIMENSION_ONLY_NO_CURRENT_USER
5877,0,1,0,SCHOOL_DAILY_DIMENSION_ONLY_NO_CURRENT_USER
5878,1,1,1,COMMON_USER_AND_SCHOOL_DAILY
5879,1,1,1,COMMON_USER_AND_SCHOOL_DAILY
5880,1,1,1,COMMON_USER_AND_SCHOOL_DAILY
5881,1,1,1,COMMON_USER_AND_SCHOOL_DAILY
5882,1,1,1,COMMON_USER_AND_SCHOOL_DAILY
5883,1,1,1,COMMON_USER_AND_SCHOOL_DAILY
5884,1,1,1,COMMON_USER_AND_SCHOOL_DAILY
5885,1,1,1,COMMON_USER_AND_SCHOOL_DAILY
5886,0,1,0,SCHOOL_DAILY_DIMENSION_ONLY_NO_CURRENT_USER
5887,1,1,1,COMMON_USER_AND_SCHOOL_DAILY
5888,1,1,1,COMMON_USER_AND_SCHOOL_DAILY
5889,1,1,1,COMMON_USER_AND_SCHOOL_DAILY
5890,1,1,1,COMMON_USER_AND_SCHOOL_DAILY
5891,1,1,1,COMMON_USER_AND_SCHOOL_DAILY
5892,1,1,1,COMMON_USER_AND_SCHOOL_DAILY
5893,0,1,0,SCHOOL_DAILY_DIMENSION_ONLY_NO_CURRENT_USER
5894,1,1,1,COMMON_USER_AND_SCHOOL_DAILY
5895,1,1,1,COMMON_USER_AND_SCHOOL_DAILY
5896,1,1,1,COMMON_USER_AND_SCHOOL_DAILY
5897,1,1,1,COMMON_USER_AND_SCHOOL_DAILY
5898,1,1,1,COMMON_USER_AND_SCHOOL_DAILY
5899,1,1,1,COMMON_USER_AND_SCHOOL_DAILY
5900,1,1,1,COMMON_USER_AND_SCHOOL_DAILY
5901,1,1,1,COMMON_USER_AND_SCHOOL_DAILY
5902,1,1,1,COMMON_USER_AND_SCHOOL_DAILY
5903,1,1,1,COMMON_USER_AND_SCHOOL_DAILY
5904,1,1,1,COMMON_USER_AND_SCHOOL_DAILY
5905,1,1,1,COMMON_USER_AND_SCHOOL_DAILY
5906,1,1,1,COMMON_USER_AND_SCHOOL_DAILY
5907,1,1,1,COMMON_USER_AND_SCHOOL_DAILY
5908,1,1,1,COMMON_USER_AND_SCHOOL_DAILY
5909,1,1,1,COMMON_USER_AND_SCHOOL_DAILY
5910,0,1,0,SCHOOL_DAILY_DIMENSION_ONLY_NO_CURRENT_USER
5911,1,1,1,COMMON_USER_AND_SCHOOL_DAILY
5912,0,1,0,SCHOOL_DAILY_DIMENSION_ONLY_NO_CURRENT_USER
5913,1,1,1,COMMON_USER_AND_SCHOOL_DAILY
5914,1,1,1,COMMON_USER_AND_SCHOOL_DAILY
5915,1,1,1,COMMON_USER_AND_SCHOOL_DAILY
5916,1,1,1,COMMON_USER_AND_SCHOOL_DAILY
5917,1,1,1,COMMON_USER_AND_SCHOOL_DAILY
5918,1,1,1,COMMON_USER_AND_SCHOOL_DAILY
5919,1,1,1,COMMON_USER_AND_SCHOOL_DAILY
5920,1,1,1,COMMON_USER_AND_SCHOOL_DAILY
5921,1,1,1,COMMON_USER_AND_SCHOOL_DAILY
5922,1,1,1,COMMON_USER_AND_SCHOOL_DAILY
5923,1,1,1,COMMON_USER_AND_SCHOOL_DAILY
5924,1,1,1,COMMON_USER_AND_SCHOOL_DAILY
5925,1,1,1,COMMON_USER_AND_SCHOOL_DAILY
5930,1,1,1,COMMON_USER_AND_SCHOOL_DAILY
5932,1,1,1,COMMON_USER_AND_SCHOOL_DAILY
5933,1,1,1,COMMON_USER_AND_SCHOOL_DAILY
5934,1,1,1,COMMON_USER_AND_SCHOOL_DAILY
5935,1,1,1,COMMON_USER_AND_SCHOOL_DAILY
5936,1,1,1,COMMON_USER_AND_SCHOOL_DAILY
5937,1,1,1,COMMON_USER_AND_SCHOOL_DAILY
5938,1,1,1,COMMON_USER_AND_SCHOOL_DAILY
5939,1,1,1,COMMON_USER_AND_SCHOOL_DAILY
5940,1,1,1,COMMON_USER_AND_SCHOOL_DAILY
5941,1,1,1,COMMON_USER_AND_SCHOOL_DAILY
5942,0,1,0,SCHOOL_DAILY_DIMENSION_ONLY_NO_CURRENT_USER
5943,1,1,1,COMMON_USER_AND_SCHOOL_DAILY
5945,1,1,1,COMMON_USER_AND_SCHOOL_DAILY
5946,1,1,1,COMMON_USER_AND_SCHOOL_DAILY
5947,0,1,0,SCHOOL_DAILY_DIMENSION_ONLY_NO_CURRENT_USER
5948,1,1,1,COMMON_USER_AND_SCHOOL_DAILY
5949,1,1,1,COMMON_USER_AND_SCHOOL_DAILY
5950,1,1,1,COMMON_USER_AND_SCHOOL_DAILY
5951,1,1,1,COMMON_USER_AND_SCHOOL_DAILY
5952,1,1,1,COMMON_USER_AND_SCHOOL_DAILY
5953,1,1,1,COMMON_USER_AND_SCHOOL_DAILY
5954,0,1,0,SCHOOL_DAILY_DIMENSION_ONLY_NO_CURRENT_USER
5955,1,1,1,COMMON_USER_AND_SCHOOL_DAILY
5956,1,1,1,COMMON_USER_AND_SCHOOL_DAILY
5957,1,1,1,COMMON_USER_AND_SCHOOL_DAILY
5958,1,1,1,COMMON_USER_AND_SCHOOL_DAILY
5959,1,1,1,COMMON_USER_AND_SCHOOL_DAILY
5960,1,1,1,COMMON_USER_AND_SCHOOL_DAILY
5961,1,1,1,COMMON_USER_AND_SCHOOL_DAILY
5963,1,1,1,COMMON_USER_AND_SCHOOL_DAILY
5964,0,1,0,SCHOOL_DAILY_DIMENSION_ONLY_NO_CURRENT_USER
5965,1,1,1,COMMON_USER_AND_SCHOOL_DAILY
